graph_id,input_start_index,input_end_index_inclusive,target_start_index,target_end_index_inclusive,input_start_time,input_end_time,target_start_time,target_end_time,split
0,0,5,6,11,2017-07-01 00:00:00,2017-07-01 00:50:00,2017-07-01 01:00:00,2017-07-01 01:50:00,train
1,1,6,7,12,2017-07-01 00:10:00,2017-07-01 01:00:00,2017-07-01 01:10:00,2017-07-01 02:00:00,train
2,2,7,8,13,2017-07-01 00:20:00,2017-07-01 01:10:00,2017-07-01 01:20:00,2017-07-01 02:10:00,train
3,3,8,9,14,2017-07-01 00:30:00,2017-07-01 01:20:00,2017-07-01 01:30:00,2017-07-01 02:20:00,train
4,4,9,10,15,2017-07-01 00:40:00,2017-07-01 01:30:00,2017-07-01 01:40:00,2017-07-01 02:30:00,train
5,5,10,11,16,2017-07-01 00:50:00,2017-07-01 01:40:00,2017-07-01 01:50:00,2017-07-01 02:40:00,train
6,6,11,12,17,2017-07-01 01:00:00,2017-07-01 01:50:00,2017-07-01 02:00:00,2017-07-01 02:50:00,train
7,7,12,13,18,2017-07-01 01:10:00,2017-07-01 02:00:00,2017-07-01 02:10:00,2017-07-01 03:00:00,train
8,8,13,14,19,2017-07-01 01:20:00,2017-07-01 02:10:00,2017-07-01 02:20:00,2017-07-01 03:10:00,train
9,9,14,15,20,2017-07-01 01:30:00,2017-07-01 02:20:00,2017-07-01 02:30:00,2017-07-01 03:20:00,train
10,10,15,16,21,2017-07-01 01:40:00,2017-07-01 02:30:00,2017-07-01 02:40:00,2017-07-01 03:30:00,train
11,11,16,17,22,2017-07-01 01:50:00,2017-07-01 02:40:00,2017-07-01 02:50:00,2017-07-01 03:40:00,train
12,12,17,18,23,2017-07-01 02:00:00,2017-07-01 02:50:00,2017-07-01 03:00:00,2017-07-01 03:50:00,train
13,13,18,19,24,2017-07-01 02:10:00,2017-07-01 03:00:00,2017-07-01 03:10:00,2017-07-01 04:00:00,train
14,14,19,20,25,2017-07-01 02:20:00,2017-07-01 03:10:00,2017-07-01 03:20:00,2017-07-01 04:10:00,train
15,15,20,21,26,2017-07-01 02:30:00,2017-07-01 03:20:00,2017-07-01 03:30:00,2017-07-01 04:20:00,train
16,16,21,22,27,2017-07-01 02:40:00,2017-07-01 03:30:00,2017-07-01 03:40:00,2017-07-01 04:30:00,train
17,17,22,23,28,2017-07-01 02:50:00,2017-07-01 03:40:00,2017-07-01 03:50:00,2017-07-01 04:40:00,train
18,18,23,24,29,2017-07-01 03:00:00,2017-07-01 03:50:00,2017-07-01 04:00:00,2017-07-01 04:50:00,train
19,19,24,25,30,2017-07-01 03:10:00,2017-07-01 04:00:00,2017-07-01 04:10:00,2017-07-01 05:00:00,train
20,20,25,26,31,2017-07-01 03:20:00,2017-07-01 04:10:00,2017-07-01 04:20:00,2017-07-01 05:10:00,train
21,21,26,27,32,2017-07-01 03:30:00,2017-07-01 04:20:00,2017-07-01 04:30:00,2017-07-01 05:20:00,train
22,22,27,28,33,2017-07-01 03:40:00,2017-07-01 04:30:00,2017-07-01 04:40:00,2017-07-01 05:30:00,train
23,23,28,29,34,2017-07-01 03:50:00,2017-07-01 04:40:00,2017-07-01 04:50:00,2017-07-01 05:40:00,train
24,24,29,30,35,2017-07-01 04:00:00,2017-07-01 04:50:00,2017-07-01 05:00:00,2017-07-01 05:50:00,train
25,25,30,31,36,2017-07-01 04:10:00,2017-07-01 05:00:00,2017-07-01 05:10:00,2017-07-01 06:00:00,train
26,26,31,32,37,2017-07-01 04:20:00,2017-07-01 05:10:00,2017-07-01 05:20:00,2017-07-01 06:10:00,train
27,27,32,33,38,2017-07-01 04:30:00,2017-07-01 05:20:00,2017-07-01 05:30:00,2017-07-01 06:20:00,train
28,28,33,34,39,2017-07-01 04:40:00,2017-07-01 05:30:00,2017-07-01 05:40:00,2017-07-01 06:30:00,train
29,29,34,35,40,2017-07-01 04:50:00,2017-07-01 05:40:00,2017-07-01 05:50:00,2017-07-01 06:40:00,train
30,30,35,36,41,2017-07-01 05:00:00,2017-07-01 05:50:00,2017-07-01 06:00:00,2017-07-01 06:50:00,train
31,31,36,37,42,2017-07-01 05:10:00,2017-07-01 06:00:00,2017-07-01 06:10:00,2017-07-01 07:00:00,train
32,32,37,38,43,2017-07-01 05:20:00,2017-07-01 06:10:00,2017-07-01 06:20:00,2017-07-01 07:10:00,train
33,33,38,39,44,2017-07-01 05:30:00,2017-07-01 06:20:00,2017-07-01 06:30:00,2017-07-01 07:20:00,train
34,34,39,40,45,2017-07-01 05:40:00,2017-07-01 06:30:00,2017-07-01 06:40:00,2017-07-01 07:30:00,train
35,35,40,41,46,2017-07-01 05:50:00,2017-07-01 06:40:00,2017-07-01 06:50:00,2017-07-01 07:40:00,train
36,36,41,42,47,2017-07-01 06:00:00,2017-07-01 06:50:00,2017-07-01 07:00:00,2017-07-01 07:50:00,train
37,37,42,43,48,2017-07-01 06:10:00,2017-07-01 07:00:00,2017-07-01 07:10:00,2017-07-01 08:00:00,train
38,38,43,44,49,2017-07-01 06:20:00,2017-07-01 07:10:00,2017-07-01 07:20:00,2017-07-01 08:10:00,train
39,39,44,45,50,2017-07-01 06:30:00,2017-07-01 07:20:00,2017-07-01 07:30:00,2017-07-01 08:20:00,train
40,40,45,46,51,2017-07-01 06:40:00,2017-07-01 07:30:00,2017-07-01 07:40:00,2017-07-01 08:30:00,train
41,41,46,47,52,2017-07-01 06:50:00,2017-07-01 07:40:00,2017-07-01 07:50:00,2017-07-01 08:40:00,train
42,42,47,48,53,2017-07-01 07:00:00,2017-07-01 07:50:00,2017-07-01 08:00:00,2017-07-01 08:50:00,train
43,43,48,49,54,2017-07-01 07:10:00,2017-07-01 08:00:00,2017-07-01 08:10:00,2017-07-01 09:00:00,train
44,44,49,50,55,2017-07-01 07:20:00,2017-07-01 08:10:00,2017-07-01 08:20:00,2017-07-01 09:10:00,train
45,45,50,51,56,2017-07-01 07:30:00,2017-07-01 08:20:00,2017-07-01 08:30:00,2017-07-01 09:20:00,train
46,46,51,52,57,2017-07-01 07:40:00,2017-07-01 08:30:00,2017-07-01 08:40:00,2017-07-01 09:30:00,train
47,47,52,53,58,2017-07-01 07:50:00,2017-07-01 08:40:00,2017-07-01 08:50:00,2017-07-01 09:40:00,train
48,48,53,54,59,2017-07-01 08:00:00,2017-07-01 08:50:00,2017-07-01 09:00:00,2017-07-01 09:50:00,train
49,49,54,55,60,2017-07-01 08:10:00,2017-07-01 09:00:00,2017-07-01 09:10:00,2017-07-01 10:00:00,train
50,50,55,56,61,2017-07-01 08:20:00,2017-07-01 09:10:00,2017-07-01 09:20:00,2017-07-01 10:10:00,train
51,51,56,57,62,2017-07-01 08:30:00,2017-07-01 09:20:00,2017-07-01 09:30:00,2017-07-01 10:20:00,train
52,52,57,58,63,2017-07-01 08:40:00,2017-07-01 09:30:00,2017-07-01 09:40:00,2017-07-01 10:30:00,train
53,53,58,59,64,2017-07-01 08:50:00,2017-07-01 09:40:00,2017-07-01 09:50:00,2017-07-01 10:40:00,train
54,54,59,60,65,2017-07-01 09:00:00,2017-07-01 09:50:00,2017-07-01 10:00:00,2017-07-01 10:50:00,train
55,55,60,61,66,2017-07-01 09:10:00,2017-07-01 10:00:00,2017-07-01 10:10:00,2017-07-01 11:00:00,train
56,56,61,62,67,2017-07-01 09:20:00,2017-07-01 10:10:00,2017-07-01 10:20:00,2017-07-01 11:10:00,train
57,57,62,63,68,2017-07-01 09:30:00,2017-07-01 10:20:00,2017-07-01 10:30:00,2017-07-01 11:20:00,train
58,58,63,64,69,2017-07-01 09:40:00,2017-07-01 10:30:00,2017-07-01 10:40:00,2017-07-01 11:30:00,train
59,59,64,65,70,2017-07-01 09:50:00,2017-07-01 10:40:00,2017-07-01 10:50:00,2017-07-01 11:40:00,train
60,60,65,66,71,2017-07-01 10:00:00,2017-07-01 10:50:00,2017-07-01 11:00:00,2017-07-01 11:50:00,train
61,61,66,67,72,2017-07-01 10:10:00,2017-07-01 11:00:00,2017-07-01 11:10:00,2017-07-01 12:00:00,train
62,62,67,68,73,2017-07-01 10:20:00,2017-07-01 11:10:00,2017-07-01 11:20:00,2017-07-01 12:10:00,train
63,63,68,69,74,2017-07-01 10:30:00,2017-07-01 11:20:00,2017-07-01 11:30:00,2017-07-01 12:20:00,train
64,64,69,70,75,2017-07-01 10:40:00,2017-07-01 11:30:00,2017-07-01 11:40:00,2017-07-01 12:30:00,train
65,65,70,71,76,2017-07-01 10:50:00,2017-07-01 11:40:00,2017-07-01 11:50:00,2017-07-01 12:40:00,train
66,66,71,72,77,2017-07-01 11:00:00,2017-07-01 11:50:00,2017-07-01 12:00:00,2017-07-01 12:50:00,train
67,67,72,73,78,2017-07-01 11:10:00,2017-07-01 12:00:00,2017-07-01 12:10:00,2017-07-01 13:00:00,train
68,68,73,74,79,2017-07-01 11:20:00,2017-07-01 12:10:00,2017-07-01 12:20:00,2017-07-01 13:10:00,train
69,69,74,75,80,2017-07-01 11:30:00,2017-07-01 12:20:00,2017-07-01 12:30:00,2017-07-01 13:20:00,train
70,70,75,76,81,2017-07-01 11:40:00,2017-07-01 12:30:00,2017-07-01 12:40:00,2017-07-01 13:30:00,train
71,71,76,77,82,2017-07-01 11:50:00,2017-07-01 12:40:00,2017-07-01 12:50:00,2017-07-01 13:40:00,train
72,72,77,78,83,2017-07-01 12:00:00,2017-07-01 12:50:00,2017-07-01 13:00:00,2017-07-01 13:50:00,train
73,73,78,79,84,2017-07-01 12:10:00,2017-07-01 13:00:00,2017-07-01 13:10:00,2017-07-01 14:00:00,train
74,74,79,80,85,2017-07-01 12:20:00,2017-07-01 13:10:00,2017-07-01 13:20:00,2017-07-01 14:10:00,train
75,75,80,81,86,2017-07-01 12:30:00,2017-07-01 13:20:00,2017-07-01 13:30:00,2017-07-01 14:20:00,train
76,76,81,82,87,2017-07-01 12:40:00,2017-07-01 13:30:00,2017-07-01 13:40:00,2017-07-01 14:30:00,train
77,77,82,83,88,2017-07-01 12:50:00,2017-07-01 13:40:00,2017-07-01 13:50:00,2017-07-01 14:40:00,train
78,78,83,84,89,2017-07-01 13:00:00,2017-07-01 13:50:00,2017-07-01 14:00:00,2017-07-01 14:50:00,train
79,79,84,85,90,2017-07-01 13:10:00,2017-07-01 14:00:00,2017-07-01 14:10:00,2017-07-01 15:00:00,train
80,80,85,86,91,2017-07-01 13:20:00,2017-07-01 14:10:00,2017-07-01 14:20:00,2017-07-01 15:10:00,train
81,81,86,87,92,2017-07-01 13:30:00,2017-07-01 14:20:00,2017-07-01 14:30:00,2017-07-01 15:20:00,train
82,82,87,88,93,2017-07-01 13:40:00,2017-07-01 14:30:00,2017-07-01 14:40:00,2017-07-01 15:30:00,train
83,83,88,89,94,2017-07-01 13:50:00,2017-07-01 14:40:00,2017-07-01 14:50:00,2017-07-01 15:40:00,train
84,84,89,90,95,2017-07-01 14:00:00,2017-07-01 14:50:00,2017-07-01 15:00:00,2017-07-01 15:50:00,train
85,85,90,91,96,2017-07-01 14:10:00,2017-07-01 15:00:00,2017-07-01 15:10:00,2017-07-01 16:00:00,train
86,86,91,92,97,2017-07-01 14:20:00,2017-07-01 15:10:00,2017-07-01 15:20:00,2017-07-01 16:10:00,train
87,87,92,93,98,2017-07-01 14:30:00,2017-07-01 15:20:00,2017-07-01 15:30:00,2017-07-01 16:20:00,train
88,88,93,94,99,2017-07-01 14:40:00,2017-07-01 15:30:00,2017-07-01 15:40:00,2017-07-01 16:30:00,train
89,89,94,95,100,2017-07-01 14:50:00,2017-07-01 15:40:00,2017-07-01 15:50:00,2017-07-01 16:40:00,train
90,90,95,96,101,2017-07-01 15:00:00,2017-07-01 15:50:00,2017-07-01 16:00:00,2017-07-01 16:50:00,train
91,91,96,97,102,2017-07-01 15:10:00,2017-07-01 16:00:00,2017-07-01 16:10:00,2017-07-01 17:00:00,train
92,92,97,98,103,2017-07-01 15:20:00,2017-07-01 16:10:00,2017-07-01 16:20:00,2017-07-01 17:10:00,train
93,93,98,99,104,2017-07-01 15:30:00,2017-07-01 16:20:00,2017-07-01 16:30:00,2017-07-01 17:20:00,train
94,94,99,100,105,2017-07-01 15:40:00,2017-07-01 16:30:00,2017-07-01 16:40:00,2017-07-01 17:30:00,train
95,95,100,101,106,2017-07-01 15:50:00,2017-07-01 16:40:00,2017-07-01 16:50:00,2017-07-01 17:40:00,train
96,96,101,102,107,2017-07-01 16:00:00,2017-07-01 16:50:00,2017-07-01 17:00:00,2017-07-01 17:50:00,train
97,97,102,103,108,2017-07-01 16:10:00,2017-07-01 17:00:00,2017-07-01 17:10:00,2017-07-01 18:00:00,train
98,98,103,104,109,2017-07-01 16:20:00,2017-07-01 17:10:00,2017-07-01 17:20:00,2017-07-01 18:10:00,train
99,99,104,105,110,2017-07-01 16:30:00,2017-07-01 17:20:00,2017-07-01 17:30:00,2017-07-01 18:20:00,train
100,100,105,106,111,2017-07-01 16:40:00,2017-07-01 17:30:00,2017-07-01 17:40:00,2017-07-01 18:30:00,train
101,101,106,107,112,2017-07-01 16:50:00,2017-07-01 17:40:00,2017-07-01 17:50:00,2017-07-01 18:40:00,train
102,102,107,108,113,2017-07-01 17:00:00,2017-07-01 17:50:00,2017-07-01 18:00:00,2017-07-01 18:50:00,train
103,103,108,109,114,2017-07-01 17:10:00,2017-07-01 18:00:00,2017-07-01 18:10:00,2017-07-01 19:00:00,train
104,104,109,110,115,2017-07-01 17:20:00,2017-07-01 18:10:00,2017-07-01 18:20:00,2017-07-01 19:10:00,train
105,105,110,111,116,2017-07-01 17:30:00,2017-07-01 18:20:00,2017-07-01 18:30:00,2017-07-01 19:20:00,train
106,106,111,112,117,2017-07-01 17:40:00,2017-07-01 18:30:00,2017-07-01 18:40:00,2017-07-01 19:30:00,train
107,107,112,113,118,2017-07-01 17:50:00,2017-07-01 18:40:00,2017-07-01 18:50:00,2017-07-01 19:40:00,train
108,108,113,114,119,2017-07-01 18:00:00,2017-07-01 18:50:00,2017-07-01 19:00:00,2017-07-01 19:50:00,train
109,109,114,115,120,2017-07-01 18:10:00,2017-07-01 19:00:00,2017-07-01 19:10:00,2017-07-01 20:00:00,train
110,110,115,116,121,2017-07-01 18:20:00,2017-07-01 19:10:00,2017-07-01 19:20:00,2017-07-01 20:10:00,train
111,111,116,117,122,2017-07-01 18:30:00,2017-07-01 19:20:00,2017-07-01 19:30:00,2017-07-01 20:20:00,train
112,112,117,118,123,2017-07-01 18:40:00,2017-07-01 19:30:00,2017-07-01 19:40:00,2017-07-01 20:30:00,train
113,113,118,119,124,2017-07-01 18:50:00,2017-07-01 19:40:00,2017-07-01 19:50:00,2017-07-01 20:40:00,train
114,114,119,120,125,2017-07-01 19:00:00,2017-07-01 19:50:00,2017-07-01 20:00:00,2017-07-01 20:50:00,train
115,115,120,121,126,2017-07-01 19:10:00,2017-07-01 20:00:00,2017-07-01 20:10:00,2017-07-01 21:00:00,train
116,116,121,122,127,2017-07-01 19:20:00,2017-07-01 20:10:00,2017-07-01 20:20:00,2017-07-01 21:10:00,train
117,117,122,123,128,2017-07-01 19:30:00,2017-07-01 20:20:00,2017-07-01 20:30:00,2017-07-01 21:20:00,train
118,118,123,124,129,2017-07-01 19:40:00,2017-07-01 20:30:00,2017-07-01 20:40:00,2017-07-01 21:30:00,train
119,119,124,125,130,2017-07-01 19:50:00,2017-07-01 20:40:00,2017-07-01 20:50:00,2017-07-01 21:40:00,train
120,120,125,126,131,2017-07-01 20:00:00,2017-07-01 20:50:00,2017-07-01 21:00:00,2017-07-01 21:50:00,train
121,121,126,127,132,2017-07-01 20:10:00,2017-07-01 21:00:00,2017-07-01 21:10:00,2017-07-01 22:00:00,train
122,122,127,128,133,2017-07-01 20:20:00,2017-07-01 21:10:00,2017-07-01 21:20:00,2017-07-01 22:10:00,train
123,123,128,129,134,2017-07-01 20:30:00,2017-07-01 21:20:00,2017-07-01 21:30:00,2017-07-01 22:20:00,train
124,124,129,130,135,2017-07-01 20:40:00,2017-07-01 21:30:00,2017-07-01 21:40:00,2017-07-01 22:30:00,train
125,125,130,131,136,2017-07-01 20:50:00,2017-07-01 21:40:00,2017-07-01 21:50:00,2017-07-01 22:40:00,train
126,126,131,132,137,2017-07-01 21:00:00,2017-07-01 21:50:00,2017-07-01 22:00:00,2017-07-01 22:50:00,train
127,127,132,133,138,2017-07-01 21:10:00,2017-07-01 22:00:00,2017-07-01 22:10:00,2017-07-01 23:00:00,train
128,128,133,134,139,2017-07-01 21:20:00,2017-07-01 22:10:00,2017-07-01 22:20:00,2017-07-01 23:10:00,train
129,129,134,135,140,2017-07-01 21:30:00,2017-07-01 22:20:00,2017-07-01 22:30:00,2017-07-01 23:20:00,train
130,130,135,136,141,2017-07-01 21:40:00,2017-07-01 22:30:00,2017-07-01 22:40:00,2017-07-01 23:30:00,train
131,131,136,137,142,2017-07-01 21:50:00,2017-07-01 22:40:00,2017-07-01 22:50:00,2017-07-01 23:40:00,train
132,132,137,138,143,2017-07-01 22:00:00,2017-07-01 22:50:00,2017-07-01 23:00:00,2017-07-01 23:50:00,train
133,133,138,139,144,2017-07-01 22:10:00,2017-07-01 23:00:00,2017-07-01 23:10:00,2017-07-02 00:00:00,train
134,134,139,140,145,2017-07-01 22:20:00,2017-07-01 23:10:00,2017-07-01 23:20:00,2017-07-02 00:10:00,train
135,135,140,141,146,2017-07-01 22:30:00,2017-07-01 23:20:00,2017-07-01 23:30:00,2017-07-02 00:20:00,train
136,136,141,142,147,2017-07-01 22:40:00,2017-07-01 23:30:00,2017-07-01 23:40:00,2017-07-02 00:30:00,train
137,137,142,143,148,2017-07-01 22:50:00,2017-07-01 23:40:00,2017-07-01 23:50:00,2017-07-02 00:40:00,train
138,138,143,144,149,2017-07-01 23:00:00,2017-07-01 23:50:00,2017-07-02 00:00:00,2017-07-02 00:50:00,train
139,139,144,145,150,2017-07-01 23:10:00,2017-07-02 00:00:00,2017-07-02 00:10:00,2017-07-02 01:00:00,train
140,140,145,146,151,2017-07-01 23:20:00,2017-07-02 00:10:00,2017-07-02 00:20:00,2017-07-02 01:10:00,train
141,141,146,147,152,2017-07-01 23:30:00,2017-07-02 00:20:00,2017-07-02 00:30:00,2017-07-02 01:20:00,train
142,142,147,148,153,2017-07-01 23:40:00,2017-07-02 00:30:00,2017-07-02 00:40:00,2017-07-02 01:30:00,train
143,143,148,149,154,2017-07-01 23:50:00,2017-07-02 00:40:00,2017-07-02 00:50:00,2017-07-02 01:40:00,train
144,144,149,150,155,2017-07-02 00:00:00,2017-07-02 00:50:00,2017-07-02 01:00:00,2017-07-02 01:50:00,train
145,145,150,151,156,2017-07-02 00:10:00,2017-07-02 01:00:00,2017-07-02 01:10:00,2017-07-02 02:00:00,train
146,146,151,152,157,2017-07-02 00:20:00,2017-07-02 01:10:00,2017-07-02 01:20:00,2017-07-02 02:10:00,train
147,147,152,153,158,2017-07-02 00:30:00,2017-07-02 01:20:00,2017-07-02 01:30:00,2017-07-02 02:20:00,train
148,148,153,154,159,2017-07-02 00:40:00,2017-07-02 01:30:00,2017-07-02 01:40:00,2017-07-02 02:30:00,train
149,149,154,155,160,2017-07-02 00:50:00,2017-07-02 01:40:00,2017-07-02 01:50:00,2017-07-02 02:40:00,train
150,150,155,156,161,2017-07-02 01:00:00,2017-07-02 01:50:00,2017-07-02 02:00:00,2017-07-02 02:50:00,train
151,151,156,157,162,2017-07-02 01:10:00,2017-07-02 02:00:00,2017-07-02 02:10:00,2017-07-02 03:00:00,train
152,152,157,158,163,2017-07-02 01:20:00,2017-07-02 02:10:00,2017-07-02 02:20:00,2017-07-02 03:10:00,train
153,153,158,159,164,2017-07-02 01:30:00,2017-07-02 02:20:00,2017-07-02 02:30:00,2017-07-02 03:20:00,train
154,154,159,160,165,2017-07-02 01:40:00,2017-07-02 02:30:00,2017-07-02 02:40:00,2017-07-02 03:30:00,train
155,155,160,161,166,2017-07-02 01:50:00,2017-07-02 02:40:00,2017-07-02 02:50:00,2017-07-02 03:40:00,train
156,156,161,162,167,2017-07-02 02:00:00,2017-07-02 02:50:00,2017-07-02 03:00:00,2017-07-02 03:50:00,train
157,157,162,163,168,2017-07-02 02:10:00,2017-07-02 03:00:00,2017-07-02 03:10:00,2017-07-02 04:00:00,train
158,158,163,164,169,2017-07-02 02:20:00,2017-07-02 03:10:00,2017-07-02 03:20:00,2017-07-02 04:10:00,train
159,159,164,165,170,2017-07-02 02:30:00,2017-07-02 03:20:00,2017-07-02 03:30:00,2017-07-02 04:20:00,train
160,160,165,166,171,2017-07-02 02:40:00,2017-07-02 03:30:00,2017-07-02 03:40:00,2017-07-02 04:30:00,train
161,161,166,167,172,2017-07-02 02:50:00,2017-07-02 03:40:00,2017-07-02 03:50:00,2017-07-02 04:40:00,train
162,162,167,168,173,2017-07-02 03:00:00,2017-07-02 03:50:00,2017-07-02 04:00:00,2017-07-02 04:50:00,train
163,163,168,169,174,2017-07-02 03:10:00,2017-07-02 04:00:00,2017-07-02 04:10:00,2017-07-02 05:00:00,train
164,164,169,170,175,2017-07-02 03:20:00,2017-07-02 04:10:00,2017-07-02 04:20:00,2017-07-02 05:10:00,train
165,165,170,171,176,2017-07-02 03:30:00,2017-07-02 04:20:00,2017-07-02 04:30:00,2017-07-02 05:20:00,train
166,166,171,172,177,2017-07-02 03:40:00,2017-07-02 04:30:00,2017-07-02 04:40:00,2017-07-02 05:30:00,train
167,167,172,173,178,2017-07-02 03:50:00,2017-07-02 04:40:00,2017-07-02 04:50:00,2017-07-02 05:40:00,train
168,168,173,174,179,2017-07-02 04:00:00,2017-07-02 04:50:00,2017-07-02 05:00:00,2017-07-02 05:50:00,train
169,169,174,175,180,2017-07-02 04:10:00,2017-07-02 05:00:00,2017-07-02 05:10:00,2017-07-02 06:00:00,train
170,170,175,176,181,2017-07-02 04:20:00,2017-07-02 05:10:00,2017-07-02 05:20:00,2017-07-02 06:10:00,train
171,171,176,177,182,2017-07-02 04:30:00,2017-07-02 05:20:00,2017-07-02 05:30:00,2017-07-02 06:20:00,train
172,172,177,178,183,2017-07-02 04:40:00,2017-07-02 05:30:00,2017-07-02 05:40:00,2017-07-02 06:30:00,train
173,173,178,179,184,2017-07-02 04:50:00,2017-07-02 05:40:00,2017-07-02 05:50:00,2017-07-02 06:40:00,train
174,174,179,180,185,2017-07-02 05:00:00,2017-07-02 05:50:00,2017-07-02 06:00:00,2017-07-02 06:50:00,train
175,175,180,181,186,2017-07-02 05:10:00,2017-07-02 06:00:00,2017-07-02 06:10:00,2017-07-02 07:00:00,train
176,176,181,182,187,2017-07-02 05:20:00,2017-07-02 06:10:00,2017-07-02 06:20:00,2017-07-02 07:10:00,train
177,177,182,183,188,2017-07-02 05:30:00,2017-07-02 06:20:00,2017-07-02 06:30:00,2017-07-02 07:20:00,train
178,178,183,184,189,2017-07-02 05:40:00,2017-07-02 06:30:00,2017-07-02 06:40:00,2017-07-02 07:30:00,train
179,179,184,185,190,2017-07-02 05:50:00,2017-07-02 06:40:00,2017-07-02 06:50:00,2017-07-02 07:40:00,train
180,180,185,186,191,2017-07-02 06:00:00,2017-07-02 06:50:00,2017-07-02 07:00:00,2017-07-02 07:50:00,train
181,181,186,187,192,2017-07-02 06:10:00,2017-07-02 07:00:00,2017-07-02 07:10:00,2017-07-02 08:00:00,train
182,182,187,188,193,2017-07-02 06:20:00,2017-07-02 07:10:00,2017-07-02 07:20:00,2017-07-02 08:10:00,train
183,183,188,189,194,2017-07-02 06:30:00,2017-07-02 07:20:00,2017-07-02 07:30:00,2017-07-02 08:20:00,train
184,184,189,190,195,2017-07-02 06:40:00,2017-07-02 07:30:00,2017-07-02 07:40:00,2017-07-02 08:30:00,train
185,185,190,191,196,2017-07-02 06:50:00,2017-07-02 07:40:00,2017-07-02 07:50:00,2017-07-02 08:40:00,train
186,186,191,192,197,2017-07-02 07:00:00,2017-07-02 07:50:00,2017-07-02 08:00:00,2017-07-02 08:50:00,train
187,187,192,193,198,2017-07-02 07:10:00,2017-07-02 08:00:00,2017-07-02 08:10:00,2017-07-02 09:00:00,train
188,188,193,194,199,2017-07-02 07:20:00,2017-07-02 08:10:00,2017-07-02 08:20:00,2017-07-02 09:10:00,train
189,189,194,195,200,2017-07-02 07:30:00,2017-07-02 08:20:00,2017-07-02 08:30:00,2017-07-02 09:20:00,train
190,190,195,196,201,2017-07-02 07:40:00,2017-07-02 08:30:00,2017-07-02 08:40:00,2017-07-02 09:30:00,train
191,191,196,197,202,2017-07-02 07:50:00,2017-07-02 08:40:00,2017-07-02 08:50:00,2017-07-02 09:40:00,train
192,192,197,198,203,2017-07-02 08:00:00,2017-07-02 08:50:00,2017-07-02 09:00:00,2017-07-02 09:50:00,train
193,193,198,199,204,2017-07-02 08:10:00,2017-07-02 09:00:00,2017-07-02 09:10:00,2017-07-02 10:00:00,train
194,194,199,200,205,2017-07-02 08:20:00,2017-07-02 09:10:00,2017-07-02 09:20:00,2017-07-02 10:10:00,train
195,195,200,201,206,2017-07-02 08:30:00,2017-07-02 09:20:00,2017-07-02 09:30:00,2017-07-02 10:20:00,train
196,196,201,202,207,2017-07-02 08:40:00,2017-07-02 09:30:00,2017-07-02 09:40:00,2017-07-02 10:30:00,train
197,197,202,203,208,2017-07-02 08:50:00,2017-07-02 09:40:00,2017-07-02 09:50:00,2017-07-02 10:40:00,train
198,198,203,204,209,2017-07-02 09:00:00,2017-07-02 09:50:00,2017-07-02 10:00:00,2017-07-02 10:50:00,train
199,199,204,205,210,2017-07-02 09:10:00,2017-07-02 10:00:00,2017-07-02 10:10:00,2017-07-02 11:00:00,train
200,200,205,206,211,2017-07-02 09:20:00,2017-07-02 10:10:00,2017-07-02 10:20:00,2017-07-02 11:10:00,train
201,201,206,207,212,2017-07-02 09:30:00,2017-07-02 10:20:00,2017-07-02 10:30:00,2017-07-02 11:20:00,train
202,202,207,208,213,2017-07-02 09:40:00,2017-07-02 10:30:00,2017-07-02 10:40:00,2017-07-02 11:30:00,train
203,203,208,209,214,2017-07-02 09:50:00,2017-07-02 10:40:00,2017-07-02 10:50:00,2017-07-02 11:40:00,train
204,204,209,210,215,2017-07-02 10:00:00,2017-07-02 10:50:00,2017-07-02 11:00:00,2017-07-02 11:50:00,train
205,205,210,211,216,2017-07-02 10:10:00,2017-07-02 11:00:00,2017-07-02 11:10:00,2017-07-02 12:00:00,train
206,206,211,212,217,2017-07-02 10:20:00,2017-07-02 11:10:00,2017-07-02 11:20:00,2017-07-02 12:10:00,train
207,207,212,213,218,2017-07-02 10:30:00,2017-07-02 11:20:00,2017-07-02 11:30:00,2017-07-02 12:20:00,train
208,208,213,214,219,2017-07-02 10:40:00,2017-07-02 11:30:00,2017-07-02 11:40:00,2017-07-02 12:30:00,train
209,209,214,215,220,2017-07-02 10:50:00,2017-07-02 11:40:00,2017-07-02 11:50:00,2017-07-02 12:40:00,train
210,210,215,216,221,2017-07-02 11:00:00,2017-07-02 11:50:00,2017-07-02 12:00:00,2017-07-02 12:50:00,train
211,211,216,217,222,2017-07-02 11:10:00,2017-07-02 12:00:00,2017-07-02 12:10:00,2017-07-02 13:00:00,train
212,212,217,218,223,2017-07-02 11:20:00,2017-07-02 12:10:00,2017-07-02 12:20:00,2017-07-02 13:10:00,train
213,213,218,219,224,2017-07-02 11:30:00,2017-07-02 12:20:00,2017-07-02 12:30:00,2017-07-02 13:20:00,train
214,214,219,220,225,2017-07-02 11:40:00,2017-07-02 12:30:00,2017-07-02 12:40:00,2017-07-02 13:30:00,train
215,215,220,221,226,2017-07-02 11:50:00,2017-07-02 12:40:00,2017-07-02 12:50:00,2017-07-02 13:40:00,train
216,216,221,222,227,2017-07-02 12:00:00,2017-07-02 12:50:00,2017-07-02 13:00:00,2017-07-02 13:50:00,train
217,217,222,223,228,2017-07-02 12:10:00,2017-07-02 13:00:00,2017-07-02 13:10:00,2017-07-02 14:00:00,train
218,218,223,224,229,2017-07-02 12:20:00,2017-07-02 13:10:00,2017-07-02 13:20:00,2017-07-02 14:10:00,train
219,219,224,225,230,2017-07-02 12:30:00,2017-07-02 13:20:00,2017-07-02 13:30:00,2017-07-02 14:20:00,train
220,220,225,226,231,2017-07-02 12:40:00,2017-07-02 13:30:00,2017-07-02 13:40:00,2017-07-02 14:30:00,train
221,221,226,227,232,2017-07-02 12:50:00,2017-07-02 13:40:00,2017-07-02 13:50:00,2017-07-02 14:40:00,train
222,222,227,228,233,2017-07-02 13:00:00,2017-07-02 13:50:00,2017-07-02 14:00:00,2017-07-02 14:50:00,train
223,223,228,229,234,2017-07-02 13:10:00,2017-07-02 14:00:00,2017-07-02 14:10:00,2017-07-02 15:00:00,train
224,224,229,230,235,2017-07-02 13:20:00,2017-07-02 14:10:00,2017-07-02 14:20:00,2017-07-02 15:10:00,train
225,225,230,231,236,2017-07-02 13:30:00,2017-07-02 14:20:00,2017-07-02 14:30:00,2017-07-02 15:20:00,train
226,226,231,232,237,2017-07-02 13:40:00,2017-07-02 14:30:00,2017-07-02 14:40:00,2017-07-02 15:30:00,train
227,227,232,233,238,2017-07-02 13:50:00,2017-07-02 14:40:00,2017-07-02 14:50:00,2017-07-02 15:40:00,train
228,228,233,234,239,2017-07-02 14:00:00,2017-07-02 14:50:00,2017-07-02 15:00:00,2017-07-02 15:50:00,train
229,229,234,235,240,2017-07-02 14:10:00,2017-07-02 15:00:00,2017-07-02 15:10:00,2017-07-02 16:00:00,train
230,230,235,236,241,2017-07-02 14:20:00,2017-07-02 15:10:00,2017-07-02 15:20:00,2017-07-02 16:10:00,train
231,231,236,237,242,2017-07-02 14:30:00,2017-07-02 15:20:00,2017-07-02 15:30:00,2017-07-02 16:20:00,train
232,232,237,238,243,2017-07-02 14:40:00,2017-07-02 15:30:00,2017-07-02 15:40:00,2017-07-02 16:30:00,train
233,233,238,239,244,2017-07-02 14:50:00,2017-07-02 15:40:00,2017-07-02 15:50:00,2017-07-02 16:40:00,train
234,234,239,240,245,2017-07-02 15:00:00,2017-07-02 15:50:00,2017-07-02 16:00:00,2017-07-02 16:50:00,train
235,235,240,241,246,2017-07-02 15:10:00,2017-07-02 16:00:00,2017-07-02 16:10:00,2017-07-02 17:00:00,train
236,236,241,242,247,2017-07-02 15:20:00,2017-07-02 16:10:00,2017-07-02 16:20:00,2017-07-02 17:10:00,train
237,237,242,243,248,2017-07-02 15:30:00,2017-07-02 16:20:00,2017-07-02 16:30:00,2017-07-02 17:20:00,train
238,238,243,244,249,2017-07-02 15:40:00,2017-07-02 16:30:00,2017-07-02 16:40:00,2017-07-02 17:30:00,train
239,239,244,245,250,2017-07-02 15:50:00,2017-07-02 16:40:00,2017-07-02 16:50:00,2017-07-02 17:40:00,train
240,240,245,246,251,2017-07-02 16:00:00,2017-07-02 16:50:00,2017-07-02 17:00:00,2017-07-02 17:50:00,train
241,241,246,247,252,2017-07-02 16:10:00,2017-07-02 17:00:00,2017-07-02 17:10:00,2017-07-02 18:00:00,train
242,242,247,248,253,2017-07-02 16:20:00,2017-07-02 17:10:00,2017-07-02 17:20:00,2017-07-02 18:10:00,train
243,243,248,249,254,2017-07-02 16:30:00,2017-07-02 17:20:00,2017-07-02 17:30:00,2017-07-02 18:20:00,train
244,244,249,250,255,2017-07-02 16:40:00,2017-07-02 17:30:00,2017-07-02 17:40:00,2017-07-02 18:30:00,train
245,245,250,251,256,2017-07-02 16:50:00,2017-07-02 17:40:00,2017-07-02 17:50:00,2017-07-02 18:40:00,train
246,246,251,252,257,2017-07-02 17:00:00,2017-07-02 17:50:00,2017-07-02 18:00:00,2017-07-02 18:50:00,train
247,247,252,253,258,2017-07-02 17:10:00,2017-07-02 18:00:00,2017-07-02 18:10:00,2017-07-02 19:00:00,train
248,248,253,254,259,2017-07-02 17:20:00,2017-07-02 18:10:00,2017-07-02 18:20:00,2017-07-02 19:10:00,train
249,249,254,255,260,2017-07-02 17:30:00,2017-07-02 18:20:00,2017-07-02 18:30:00,2017-07-02 19:20:00,train
250,250,255,256,261,2017-07-02 17:40:00,2017-07-02 18:30:00,2017-07-02 18:40:00,2017-07-02 19:30:00,train
251,251,256,257,262,2017-07-02 17:50:00,2017-07-02 18:40:00,2017-07-02 18:50:00,2017-07-02 19:40:00,train
252,252,257,258,263,2017-07-02 18:00:00,2017-07-02 18:50:00,2017-07-02 19:00:00,2017-07-02 19:50:00,train
253,253,258,259,264,2017-07-02 18:10:00,2017-07-02 19:00:00,2017-07-02 19:10:00,2017-07-02 20:00:00,train
254,254,259,260,265,2017-07-02 18:20:00,2017-07-02 19:10:00,2017-07-02 19:20:00,2017-07-02 20:10:00,train
255,255,260,261,266,2017-07-02 18:30:00,2017-07-02 19:20:00,2017-07-02 19:30:00,2017-07-02 20:20:00,train
256,256,261,262,267,2017-07-02 18:40:00,2017-07-02 19:30:00,2017-07-02 19:40:00,2017-07-02 20:30:00,train
257,257,262,263,268,2017-07-02 18:50:00,2017-07-02 19:40:00,2017-07-02 19:50:00,2017-07-02 20:40:00,train
258,258,263,264,269,2017-07-02 19:00:00,2017-07-02 19:50:00,2017-07-02 20:00:00,2017-07-02 20:50:00,train
259,259,264,265,270,2017-07-02 19:10:00,2017-07-02 20:00:00,2017-07-02 20:10:00,2017-07-02 21:00:00,train
260,260,265,266,271,2017-07-02 19:20:00,2017-07-02 20:10:00,2017-07-02 20:20:00,2017-07-02 21:10:00,train
261,261,266,267,272,2017-07-02 19:30:00,2017-07-02 20:20:00,2017-07-02 20:30:00,2017-07-02 21:20:00,train
262,262,267,268,273,2017-07-02 19:40:00,2017-07-02 20:30:00,2017-07-02 20:40:00,2017-07-02 21:30:00,train
263,263,268,269,274,2017-07-02 19:50:00,2017-07-02 20:40:00,2017-07-02 20:50:00,2017-07-02 21:40:00,train
264,264,269,270,275,2017-07-02 20:00:00,2017-07-02 20:50:00,2017-07-02 21:00:00,2017-07-02 21:50:00,train
265,265,270,271,276,2017-07-02 20:10:00,2017-07-02 21:00:00,2017-07-02 21:10:00,2017-07-02 22:00:00,train
266,266,271,272,277,2017-07-02 20:20:00,2017-07-02 21:10:00,2017-07-02 21:20:00,2017-07-02 22:10:00,train
267,267,272,273,278,2017-07-02 20:30:00,2017-07-02 21:20:00,2017-07-02 21:30:00,2017-07-02 22:20:00,train
268,268,273,274,279,2017-07-02 20:40:00,2017-07-02 21:30:00,2017-07-02 21:40:00,2017-07-02 22:30:00,train
269,269,274,275,280,2017-07-02 20:50:00,2017-07-02 21:40:00,2017-07-02 21:50:00,2017-07-02 22:40:00,train
270,270,275,276,281,2017-07-02 21:00:00,2017-07-02 21:50:00,2017-07-02 22:00:00,2017-07-02 22:50:00,train
271,271,276,277,282,2017-07-02 21:10:00,2017-07-02 22:00:00,2017-07-02 22:10:00,2017-07-02 23:00:00,train
272,272,277,278,283,2017-07-02 21:20:00,2017-07-02 22:10:00,2017-07-02 22:20:00,2017-07-02 23:10:00,train
273,273,278,279,284,2017-07-02 21:30:00,2017-07-02 22:20:00,2017-07-02 22:30:00,2017-07-02 23:20:00,train
274,274,279,280,285,2017-07-02 21:40:00,2017-07-02 22:30:00,2017-07-02 22:40:00,2017-07-02 23:30:00,train
275,275,280,281,286,2017-07-02 21:50:00,2017-07-02 22:40:00,2017-07-02 22:50:00,2017-07-02 23:40:00,train
276,276,281,282,287,2017-07-02 22:00:00,2017-07-02 22:50:00,2017-07-02 23:00:00,2017-07-02 23:50:00,train
277,277,282,283,288,2017-07-02 22:10:00,2017-07-02 23:00:00,2017-07-02 23:10:00,2017-07-03 00:00:00,train
278,278,283,284,289,2017-07-02 22:20:00,2017-07-02 23:10:00,2017-07-02 23:20:00,2017-07-03 00:10:00,train
279,279,284,285,290,2017-07-02 22:30:00,2017-07-02 23:20:00,2017-07-02 23:30:00,2017-07-03 00:20:00,train
280,280,285,286,291,2017-07-02 22:40:00,2017-07-02 23:30:00,2017-07-02 23:40:00,2017-07-03 00:30:00,train
281,281,286,287,292,2017-07-02 22:50:00,2017-07-02 23:40:00,2017-07-02 23:50:00,2017-07-03 00:40:00,train
282,282,287,288,293,2017-07-02 23:00:00,2017-07-02 23:50:00,2017-07-03 00:00:00,2017-07-03 00:50:00,train
283,283,288,289,294,2017-07-02 23:10:00,2017-07-03 00:00:00,2017-07-03 00:10:00,2017-07-03 01:00:00,train
284,284,289,290,295,2017-07-02 23:20:00,2017-07-03 00:10:00,2017-07-03 00:20:00,2017-07-03 01:10:00,train
285,285,290,291,296,2017-07-02 23:30:00,2017-07-03 00:20:00,2017-07-03 00:30:00,2017-07-03 01:20:00,train
286,286,291,292,297,2017-07-02 23:40:00,2017-07-03 00:30:00,2017-07-03 00:40:00,2017-07-03 01:30:00,train
287,287,292,293,298,2017-07-02 23:50:00,2017-07-03 00:40:00,2017-07-03 00:50:00,2017-07-03 01:40:00,train
288,288,293,294,299,2017-07-03 00:00:00,2017-07-03 00:50:00,2017-07-03 01:00:00,2017-07-03 01:50:00,train
289,289,294,295,300,2017-07-03 00:10:00,2017-07-03 01:00:00,2017-07-03 01:10:00,2017-07-03 02:00:00,train
290,290,295,296,301,2017-07-03 00:20:00,2017-07-03 01:10:00,2017-07-03 01:20:00,2017-07-03 02:10:00,train
291,291,296,297,302,2017-07-03 00:30:00,2017-07-03 01:20:00,2017-07-03 01:30:00,2017-07-03 02:20:00,train
292,292,297,298,303,2017-07-03 00:40:00,2017-07-03 01:30:00,2017-07-03 01:40:00,2017-07-03 02:30:00,train
293,293,298,299,304,2017-07-03 00:50:00,2017-07-03 01:40:00,2017-07-03 01:50:00,2017-07-03 02:40:00,train
294,294,299,300,305,2017-07-03 01:00:00,2017-07-03 01:50:00,2017-07-03 02:00:00,2017-07-03 02:50:00,train
295,295,300,301,306,2017-07-03 01:10:00,2017-07-03 02:00:00,2017-07-03 02:10:00,2017-07-03 03:00:00,train
296,296,301,302,307,2017-07-03 01:20:00,2017-07-03 02:10:00,2017-07-03 02:20:00,2017-07-03 03:10:00,train
297,297,302,303,308,2017-07-03 01:30:00,2017-07-03 02:20:00,2017-07-03 02:30:00,2017-07-03 03:20:00,train
298,298,303,304,309,2017-07-03 01:40:00,2017-07-03 02:30:00,2017-07-03 02:40:00,2017-07-03 03:30:00,train
299,299,304,305,310,2017-07-03 01:50:00,2017-07-03 02:40:00,2017-07-03 02:50:00,2017-07-03 03:40:00,train
300,300,305,306,311,2017-07-03 02:00:00,2017-07-03 02:50:00,2017-07-03 03:00:00,2017-07-03 03:50:00,train
301,301,306,307,312,2017-07-03 02:10:00,2017-07-03 03:00:00,2017-07-03 03:10:00,2017-07-03 04:00:00,train
302,302,307,308,313,2017-07-03 02:20:00,2017-07-03 03:10:00,2017-07-03 03:20:00,2017-07-03 04:10:00,train
303,303,308,309,314,2017-07-03 02:30:00,2017-07-03 03:20:00,2017-07-03 03:30:00,2017-07-03 04:20:00,train
304,304,309,310,315,2017-07-03 02:40:00,2017-07-03 03:30:00,2017-07-03 03:40:00,2017-07-03 04:30:00,train
305,305,310,311,316,2017-07-03 02:50:00,2017-07-03 03:40:00,2017-07-03 03:50:00,2017-07-03 04:40:00,train
306,306,311,312,317,2017-07-03 03:00:00,2017-07-03 03:50:00,2017-07-03 04:00:00,2017-07-03 04:50:00,train
307,307,312,313,318,2017-07-03 03:10:00,2017-07-03 04:00:00,2017-07-03 04:10:00,2017-07-03 05:00:00,train
308,308,313,314,319,2017-07-03 03:20:00,2017-07-03 04:10:00,2017-07-03 04:20:00,2017-07-03 05:10:00,train
309,309,314,315,320,2017-07-03 03:30:00,2017-07-03 04:20:00,2017-07-03 04:30:00,2017-07-03 05:20:00,train
310,310,315,316,321,2017-07-03 03:40:00,2017-07-03 04:30:00,2017-07-03 04:40:00,2017-07-03 05:30:00,train
311,311,316,317,322,2017-07-03 03:50:00,2017-07-03 04:40:00,2017-07-03 04:50:00,2017-07-03 05:40:00,train
312,312,317,318,323,2017-07-03 04:00:00,2017-07-03 04:50:00,2017-07-03 05:00:00,2017-07-03 05:50:00,train
313,313,318,319,324,2017-07-03 04:10:00,2017-07-03 05:00:00,2017-07-03 05:10:00,2017-07-03 06:00:00,train
314,314,319,320,325,2017-07-03 04:20:00,2017-07-03 05:10:00,2017-07-03 05:20:00,2017-07-03 06:10:00,train
315,315,320,321,326,2017-07-03 04:30:00,2017-07-03 05:20:00,2017-07-03 05:30:00,2017-07-03 06:20:00,train
316,316,321,322,327,2017-07-03 04:40:00,2017-07-03 05:30:00,2017-07-03 05:40:00,2017-07-03 06:30:00,train
317,317,322,323,328,2017-07-03 04:50:00,2017-07-03 05:40:00,2017-07-03 05:50:00,2017-07-03 06:40:00,train
318,318,323,324,329,2017-07-03 05:00:00,2017-07-03 05:50:00,2017-07-03 06:00:00,2017-07-03 06:50:00,train
319,319,324,325,330,2017-07-03 05:10:00,2017-07-03 06:00:00,2017-07-03 06:10:00,2017-07-03 07:00:00,train
320,320,325,326,331,2017-07-03 05:20:00,2017-07-03 06:10:00,2017-07-03 06:20:00,2017-07-03 07:10:00,train
321,321,326,327,332,2017-07-03 05:30:00,2017-07-03 06:20:00,2017-07-03 06:30:00,2017-07-03 07:20:00,train
322,322,327,328,333,2017-07-03 05:40:00,2017-07-03 06:30:00,2017-07-03 06:40:00,2017-07-03 07:30:00,train
323,323,328,329,334,2017-07-03 05:50:00,2017-07-03 06:40:00,2017-07-03 06:50:00,2017-07-03 07:40:00,train
324,324,329,330,335,2017-07-03 06:00:00,2017-07-03 06:50:00,2017-07-03 07:00:00,2017-07-03 07:50:00,train
325,325,330,331,336,2017-07-03 06:10:00,2017-07-03 07:00:00,2017-07-03 07:10:00,2017-07-03 08:00:00,train
326,326,331,332,337,2017-07-03 06:20:00,2017-07-03 07:10:00,2017-07-03 07:20:00,2017-07-03 08:10:00,train
327,327,332,333,338,2017-07-03 06:30:00,2017-07-03 07:20:00,2017-07-03 07:30:00,2017-07-03 08:20:00,train
328,328,333,334,339,2017-07-03 06:40:00,2017-07-03 07:30:00,2017-07-03 07:40:00,2017-07-03 08:30:00,train
329,329,334,335,340,2017-07-03 06:50:00,2017-07-03 07:40:00,2017-07-03 07:50:00,2017-07-03 08:40:00,train
330,330,335,336,341,2017-07-03 07:00:00,2017-07-03 07:50:00,2017-07-03 08:00:00,2017-07-03 08:50:00,train
331,331,336,337,342,2017-07-03 07:10:00,2017-07-03 08:00:00,2017-07-03 08:10:00,2017-07-03 09:00:00,train
332,332,337,338,343,2017-07-03 07:20:00,2017-07-03 08:10:00,2017-07-03 08:20:00,2017-07-03 09:10:00,train
333,333,338,339,344,2017-07-03 07:30:00,2017-07-03 08:20:00,2017-07-03 08:30:00,2017-07-03 09:20:00,train
334,334,339,340,345,2017-07-03 07:40:00,2017-07-03 08:30:00,2017-07-03 08:40:00,2017-07-03 09:30:00,train
335,335,340,341,346,2017-07-03 07:50:00,2017-07-03 08:40:00,2017-07-03 08:50:00,2017-07-03 09:40:00,train
336,336,341,342,347,2017-07-03 08:00:00,2017-07-03 08:50:00,2017-07-03 09:00:00,2017-07-03 09:50:00,train
337,337,342,343,348,2017-07-03 08:10:00,2017-07-03 09:00:00,2017-07-03 09:10:00,2017-07-03 10:00:00,train
338,338,343,344,349,2017-07-03 08:20:00,2017-07-03 09:10:00,2017-07-03 09:20:00,2017-07-03 10:10:00,train
339,339,344,345,350,2017-07-03 08:30:00,2017-07-03 09:20:00,2017-07-03 09:30:00,2017-07-03 10:20:00,train
340,340,345,346,351,2017-07-03 08:40:00,2017-07-03 09:30:00,2017-07-03 09:40:00,2017-07-03 10:30:00,train
341,341,346,347,352,2017-07-03 08:50:00,2017-07-03 09:40:00,2017-07-03 09:50:00,2017-07-03 10:40:00,train
342,342,347,348,353,2017-07-03 09:00:00,2017-07-03 09:50:00,2017-07-03 10:00:00,2017-07-03 10:50:00,train
343,343,348,349,354,2017-07-03 09:10:00,2017-07-03 10:00:00,2017-07-03 10:10:00,2017-07-03 11:00:00,train
344,344,349,350,355,2017-07-03 09:20:00,2017-07-03 10:10:00,2017-07-03 10:20:00,2017-07-03 11:10:00,train
345,345,350,351,356,2017-07-03 09:30:00,2017-07-03 10:20:00,2017-07-03 10:30:00,2017-07-03 11:20:00,train
346,346,351,352,357,2017-07-03 09:40:00,2017-07-03 10:30:00,2017-07-03 10:40:00,2017-07-03 11:30:00,train
347,347,352,353,358,2017-07-03 09:50:00,2017-07-03 10:40:00,2017-07-03 10:50:00,2017-07-03 11:40:00,train
348,348,353,354,359,2017-07-03 10:00:00,2017-07-03 10:50:00,2017-07-03 11:00:00,2017-07-03 11:50:00,train
349,349,354,355,360,2017-07-03 10:10:00,2017-07-03 11:00:00,2017-07-03 11:10:00,2017-07-03 12:00:00,train
350,350,355,356,361,2017-07-03 10:20:00,2017-07-03 11:10:00,2017-07-03 11:20:00,2017-07-03 12:10:00,train
351,351,356,357,362,2017-07-03 10:30:00,2017-07-03 11:20:00,2017-07-03 11:30:00,2017-07-03 12:20:00,train
352,352,357,358,363,2017-07-03 10:40:00,2017-07-03 11:30:00,2017-07-03 11:40:00,2017-07-03 12:30:00,train
353,353,358,359,364,2017-07-03 10:50:00,2017-07-03 11:40:00,2017-07-03 11:50:00,2017-07-03 12:40:00,train
354,354,359,360,365,2017-07-03 11:00:00,2017-07-03 11:50:00,2017-07-03 12:00:00,2017-07-03 12:50:00,train
355,355,360,361,366,2017-07-03 11:10:00,2017-07-03 12:00:00,2017-07-03 12:10:00,2017-07-03 13:00:00,train
356,356,361,362,367,2017-07-03 11:20:00,2017-07-03 12:10:00,2017-07-03 12:20:00,2017-07-03 13:10:00,train
357,357,362,363,368,2017-07-03 11:30:00,2017-07-03 12:20:00,2017-07-03 12:30:00,2017-07-03 13:20:00,train
358,358,363,364,369,2017-07-03 11:40:00,2017-07-03 12:30:00,2017-07-03 12:40:00,2017-07-03 13:30:00,train
359,359,364,365,370,2017-07-03 11:50:00,2017-07-03 12:40:00,2017-07-03 12:50:00,2017-07-03 13:40:00,train
360,360,365,366,371,2017-07-03 12:00:00,2017-07-03 12:50:00,2017-07-03 13:00:00,2017-07-03 13:50:00,train
361,361,366,367,372,2017-07-03 12:10:00,2017-07-03 13:00:00,2017-07-03 13:10:00,2017-07-03 14:00:00,train
362,362,367,368,373,2017-07-03 12:20:00,2017-07-03 13:10:00,2017-07-03 13:20:00,2017-07-03 14:10:00,train
363,363,368,369,374,2017-07-03 12:30:00,2017-07-03 13:20:00,2017-07-03 13:30:00,2017-07-03 14:20:00,train
364,364,369,370,375,2017-07-03 12:40:00,2017-07-03 13:30:00,2017-07-03 13:40:00,2017-07-03 14:30:00,train
365,365,370,371,376,2017-07-03 12:50:00,2017-07-03 13:40:00,2017-07-03 13:50:00,2017-07-03 14:40:00,train
366,366,371,372,377,2017-07-03 13:00:00,2017-07-03 13:50:00,2017-07-03 14:00:00,2017-07-03 14:50:00,train
367,367,372,373,378,2017-07-03 13:10:00,2017-07-03 14:00:00,2017-07-03 14:10:00,2017-07-03 15:00:00,train
368,368,373,374,379,2017-07-03 13:20:00,2017-07-03 14:10:00,2017-07-03 14:20:00,2017-07-03 15:10:00,train
369,369,374,375,380,2017-07-03 13:30:00,2017-07-03 14:20:00,2017-07-03 14:30:00,2017-07-03 15:20:00,train
370,370,375,376,381,2017-07-03 13:40:00,2017-07-03 14:30:00,2017-07-03 14:40:00,2017-07-03 15:30:00,train
371,371,376,377,382,2017-07-03 13:50:00,2017-07-03 14:40:00,2017-07-03 14:50:00,2017-07-03 15:40:00,train
372,372,377,378,383,2017-07-03 14:00:00,2017-07-03 14:50:00,2017-07-03 15:00:00,2017-07-03 15:50:00,train
373,373,378,379,384,2017-07-03 14:10:00,2017-07-03 15:00:00,2017-07-03 15:10:00,2017-07-03 16:00:00,train
374,374,379,380,385,2017-07-03 14:20:00,2017-07-03 15:10:00,2017-07-03 15:20:00,2017-07-03 16:10:00,train
375,375,380,381,386,2017-07-03 14:30:00,2017-07-03 15:20:00,2017-07-03 15:30:00,2017-07-03 16:20:00,train
376,376,381,382,387,2017-07-03 14:40:00,2017-07-03 15:30:00,2017-07-03 15:40:00,2017-07-03 16:30:00,train
377,377,382,383,388,2017-07-03 14:50:00,2017-07-03 15:40:00,2017-07-03 15:50:00,2017-07-03 16:40:00,train
378,378,383,384,389,2017-07-03 15:00:00,2017-07-03 15:50:00,2017-07-03 16:00:00,2017-07-03 16:50:00,train
379,379,384,385,390,2017-07-03 15:10:00,2017-07-03 16:00:00,2017-07-03 16:10:00,2017-07-03 17:00:00,train
380,380,385,386,391,2017-07-03 15:20:00,2017-07-03 16:10:00,2017-07-03 16:20:00,2017-07-03 17:10:00,train
381,381,386,387,392,2017-07-03 15:30:00,2017-07-03 16:20:00,2017-07-03 16:30:00,2017-07-03 17:20:00,train
382,382,387,388,393,2017-07-03 15:40:00,2017-07-03 16:30:00,2017-07-03 16:40:00,2017-07-03 17:30:00,train
383,383,388,389,394,2017-07-03 15:50:00,2017-07-03 16:40:00,2017-07-03 16:50:00,2017-07-03 17:40:00,train
384,384,389,390,395,2017-07-03 16:00:00,2017-07-03 16:50:00,2017-07-03 17:00:00,2017-07-03 17:50:00,train
385,385,390,391,396,2017-07-03 16:10:00,2017-07-03 17:00:00,2017-07-03 17:10:00,2017-07-03 18:00:00,train
386,386,391,392,397,2017-07-03 16:20:00,2017-07-03 17:10:00,2017-07-03 17:20:00,2017-07-03 18:10:00,train
387,387,392,393,398,2017-07-03 16:30:00,2017-07-03 17:20:00,2017-07-03 17:30:00,2017-07-03 18:20:00,train
388,388,393,394,399,2017-07-03 16:40:00,2017-07-03 17:30:00,2017-07-03 17:40:00,2017-07-03 18:30:00,train
389,389,394,395,400,2017-07-03 16:50:00,2017-07-03 17:40:00,2017-07-03 17:50:00,2017-07-03 18:40:00,train
390,390,395,396,401,2017-07-03 17:00:00,2017-07-03 17:50:00,2017-07-03 18:00:00,2017-07-03 18:50:00,train
391,391,396,397,402,2017-07-03 17:10:00,2017-07-03 18:00:00,2017-07-03 18:10:00,2017-07-03 19:00:00,train
392,392,397,398,403,2017-07-03 17:20:00,2017-07-03 18:10:00,2017-07-03 18:20:00,2017-07-03 19:10:00,train
393,393,398,399,404,2017-07-03 17:30:00,2017-07-03 18:20:00,2017-07-03 18:30:00,2017-07-03 19:20:00,train
394,394,399,400,405,2017-07-03 17:40:00,2017-07-03 18:30:00,2017-07-03 18:40:00,2017-07-03 19:30:00,train
395,395,400,401,406,2017-07-03 17:50:00,2017-07-03 18:40:00,2017-07-03 18:50:00,2017-07-03 19:40:00,train
396,396,401,402,407,2017-07-03 18:00:00,2017-07-03 18:50:00,2017-07-03 19:00:00,2017-07-03 19:50:00,train
397,397,402,403,408,2017-07-03 18:10:00,2017-07-03 19:00:00,2017-07-03 19:10:00,2017-07-03 20:00:00,train
398,398,403,404,409,2017-07-03 18:20:00,2017-07-03 19:10:00,2017-07-03 19:20:00,2017-07-03 20:10:00,train
399,399,404,405,410,2017-07-03 18:30:00,2017-07-03 19:20:00,2017-07-03 19:30:00,2017-07-03 20:20:00,train
400,400,405,406,411,2017-07-03 18:40:00,2017-07-03 19:30:00,2017-07-03 19:40:00,2017-07-03 20:30:00,train
401,401,406,407,412,2017-07-03 18:50:00,2017-07-03 19:40:00,2017-07-03 19:50:00,2017-07-03 20:40:00,train
402,402,407,408,413,2017-07-03 19:00:00,2017-07-03 19:50:00,2017-07-03 20:00:00,2017-07-03 20:50:00,train
403,403,408,409,414,2017-07-03 19:10:00,2017-07-03 20:00:00,2017-07-03 20:10:00,2017-07-03 21:00:00,train
404,404,409,410,415,2017-07-03 19:20:00,2017-07-03 20:10:00,2017-07-03 20:20:00,2017-07-03 21:10:00,train
405,405,410,411,416,2017-07-03 19:30:00,2017-07-03 20:20:00,2017-07-03 20:30:00,2017-07-03 21:20:00,train
406,406,411,412,417,2017-07-03 19:40:00,2017-07-03 20:30:00,2017-07-03 20:40:00,2017-07-03 21:30:00,train
407,407,412,413,418,2017-07-03 19:50:00,2017-07-03 20:40:00,2017-07-03 20:50:00,2017-07-03 21:40:00,train
408,408,413,414,419,2017-07-03 20:00:00,2017-07-03 20:50:00,2017-07-03 21:00:00,2017-07-03 21:50:00,train
409,409,414,415,420,2017-07-03 20:10:00,2017-07-03 21:00:00,2017-07-03 21:10:00,2017-07-03 22:00:00,train
410,410,415,416,421,2017-07-03 20:20:00,2017-07-03 21:10:00,2017-07-03 21:20:00,2017-07-03 22:10:00,train
411,411,416,417,422,2017-07-03 20:30:00,2017-07-03 21:20:00,2017-07-03 21:30:00,2017-07-03 22:20:00,train
412,412,417,418,423,2017-07-03 20:40:00,2017-07-03 21:30:00,2017-07-03 21:40:00,2017-07-03 22:30:00,train
413,413,418,419,424,2017-07-03 20:50:00,2017-07-03 21:40:00,2017-07-03 21:50:00,2017-07-03 22:40:00,train
414,414,419,420,425,2017-07-03 21:00:00,2017-07-03 21:50:00,2017-07-03 22:00:00,2017-07-03 22:50:00,train
415,415,420,421,426,2017-07-03 21:10:00,2017-07-03 22:00:00,2017-07-03 22:10:00,2017-07-03 23:00:00,train
416,416,421,422,427,2017-07-03 21:20:00,2017-07-03 22:10:00,2017-07-03 22:20:00,2017-07-03 23:10:00,train
417,417,422,423,428,2017-07-03 21:30:00,2017-07-03 22:20:00,2017-07-03 22:30:00,2017-07-03 23:20:00,train
418,418,423,424,429,2017-07-03 21:40:00,2017-07-03 22:30:00,2017-07-03 22:40:00,2017-07-03 23:30:00,train
419,419,424,425,430,2017-07-03 21:50:00,2017-07-03 22:40:00,2017-07-03 22:50:00,2017-07-03 23:40:00,train
420,420,425,426,431,2017-07-03 22:00:00,2017-07-03 22:50:00,2017-07-03 23:00:00,2017-07-03 23:50:00,train
421,421,426,427,432,2017-07-03 22:10:00,2017-07-03 23:00:00,2017-07-03 23:10:00,2017-07-04 00:00:00,train
422,422,427,428,433,2017-07-03 22:20:00,2017-07-03 23:10:00,2017-07-03 23:20:00,2017-07-04 00:10:00,train
423,423,428,429,434,2017-07-03 22:30:00,2017-07-03 23:20:00,2017-07-03 23:30:00,2017-07-04 00:20:00,train
424,424,429,430,435,2017-07-03 22:40:00,2017-07-03 23:30:00,2017-07-03 23:40:00,2017-07-04 00:30:00,train
425,425,430,431,436,2017-07-03 22:50:00,2017-07-03 23:40:00,2017-07-03 23:50:00,2017-07-04 00:40:00,train
426,426,431,432,437,2017-07-03 23:00:00,2017-07-03 23:50:00,2017-07-04 00:00:00,2017-07-04 00:50:00,train
427,427,432,433,438,2017-07-03 23:10:00,2017-07-04 00:00:00,2017-07-04 00:10:00,2017-07-04 01:00:00,train
428,428,433,434,439,2017-07-03 23:20:00,2017-07-04 00:10:00,2017-07-04 00:20:00,2017-07-04 01:10:00,train
429,429,434,435,440,2017-07-03 23:30:00,2017-07-04 00:20:00,2017-07-04 00:30:00,2017-07-04 01:20:00,train
430,430,435,436,441,2017-07-03 23:40:00,2017-07-04 00:30:00,2017-07-04 00:40:00,2017-07-04 01:30:00,train
431,431,436,437,442,2017-07-03 23:50:00,2017-07-04 00:40:00,2017-07-04 00:50:00,2017-07-04 01:40:00,train
432,432,437,438,443,2017-07-04 00:00:00,2017-07-04 00:50:00,2017-07-04 01:00:00,2017-07-04 01:50:00,train
433,433,438,439,444,2017-07-04 00:10:00,2017-07-04 01:00:00,2017-07-04 01:10:00,2017-07-04 02:00:00,train
434,434,439,440,445,2017-07-04 00:20:00,2017-07-04 01:10:00,2017-07-04 01:20:00,2017-07-04 02:10:00,train
435,435,440,441,446,2017-07-04 00:30:00,2017-07-04 01:20:00,2017-07-04 01:30:00,2017-07-04 02:20:00,train
436,436,441,442,447,2017-07-04 00:40:00,2017-07-04 01:30:00,2017-07-04 01:40:00,2017-07-04 02:30:00,train
437,437,442,443,448,2017-07-04 00:50:00,2017-07-04 01:40:00,2017-07-04 01:50:00,2017-07-04 02:40:00,train
438,438,443,444,449,2017-07-04 01:00:00,2017-07-04 01:50:00,2017-07-04 02:00:00,2017-07-04 02:50:00,train
439,439,444,445,450,2017-07-04 01:10:00,2017-07-04 02:00:00,2017-07-04 02:10:00,2017-07-04 03:00:00,train
440,440,445,446,451,2017-07-04 01:20:00,2017-07-04 02:10:00,2017-07-04 02:20:00,2017-07-04 03:10:00,train
441,441,446,447,452,2017-07-04 01:30:00,2017-07-04 02:20:00,2017-07-04 02:30:00,2017-07-04 03:20:00,train
442,442,447,448,453,2017-07-04 01:40:00,2017-07-04 02:30:00,2017-07-04 02:40:00,2017-07-04 03:30:00,train
443,443,448,449,454,2017-07-04 01:50:00,2017-07-04 02:40:00,2017-07-04 02:50:00,2017-07-04 03:40:00,train
444,444,449,450,455,2017-07-04 02:00:00,2017-07-04 02:50:00,2017-07-04 03:00:00,2017-07-04 03:50:00,train
445,445,450,451,456,2017-07-04 02:10:00,2017-07-04 03:00:00,2017-07-04 03:10:00,2017-07-04 04:00:00,train
446,446,451,452,457,2017-07-04 02:20:00,2017-07-04 03:10:00,2017-07-04 03:20:00,2017-07-04 04:10:00,train
447,447,452,453,458,2017-07-04 02:30:00,2017-07-04 03:20:00,2017-07-04 03:30:00,2017-07-04 04:20:00,train
448,448,453,454,459,2017-07-04 02:40:00,2017-07-04 03:30:00,2017-07-04 03:40:00,2017-07-04 04:30:00,train
449,449,454,455,460,2017-07-04 02:50:00,2017-07-04 03:40:00,2017-07-04 03:50:00,2017-07-04 04:40:00,train
450,450,455,456,461,2017-07-04 03:00:00,2017-07-04 03:50:00,2017-07-04 04:00:00,2017-07-04 04:50:00,train
451,451,456,457,462,2017-07-04 03:10:00,2017-07-04 04:00:00,2017-07-04 04:10:00,2017-07-04 05:00:00,train
452,452,457,458,463,2017-07-04 03:20:00,2017-07-04 04:10:00,2017-07-04 04:20:00,2017-07-04 05:10:00,train
453,453,458,459,464,2017-07-04 03:30:00,2017-07-04 04:20:00,2017-07-04 04:30:00,2017-07-04 05:20:00,train
454,454,459,460,465,2017-07-04 03:40:00,2017-07-04 04:30:00,2017-07-04 04:40:00,2017-07-04 05:30:00,train
455,455,460,461,466,2017-07-04 03:50:00,2017-07-04 04:40:00,2017-07-04 04:50:00,2017-07-04 05:40:00,train
456,456,461,462,467,2017-07-04 04:00:00,2017-07-04 04:50:00,2017-07-04 05:00:00,2017-07-04 05:50:00,train
457,457,462,463,468,2017-07-04 04:10:00,2017-07-04 05:00:00,2017-07-04 05:10:00,2017-07-04 06:00:00,train
458,458,463,464,469,2017-07-04 04:20:00,2017-07-04 05:10:00,2017-07-04 05:20:00,2017-07-04 06:10:00,train
459,459,464,465,470,2017-07-04 04:30:00,2017-07-04 05:20:00,2017-07-04 05:30:00,2017-07-04 06:20:00,train
460,460,465,466,471,2017-07-04 04:40:00,2017-07-04 05:30:00,2017-07-04 05:40:00,2017-07-04 06:30:00,train
461,461,466,467,472,2017-07-04 04:50:00,2017-07-04 05:40:00,2017-07-04 05:50:00,2017-07-04 06:40:00,train
462,462,467,468,473,2017-07-04 05:00:00,2017-07-04 05:50:00,2017-07-04 06:00:00,2017-07-04 06:50:00,train
463,463,468,469,474,2017-07-04 05:10:00,2017-07-04 06:00:00,2017-07-04 06:10:00,2017-07-04 07:00:00,train
464,464,469,470,475,2017-07-04 05:20:00,2017-07-04 06:10:00,2017-07-04 06:20:00,2017-07-04 07:10:00,train
465,465,470,471,476,2017-07-04 05:30:00,2017-07-04 06:20:00,2017-07-04 06:30:00,2017-07-04 07:20:00,train
466,466,471,472,477,2017-07-04 05:40:00,2017-07-04 06:30:00,2017-07-04 06:40:00,2017-07-04 07:30:00,train
467,467,472,473,478,2017-07-04 05:50:00,2017-07-04 06:40:00,2017-07-04 06:50:00,2017-07-04 07:40:00,train
468,468,473,474,479,2017-07-04 06:00:00,2017-07-04 06:50:00,2017-07-04 07:00:00,2017-07-04 07:50:00,train
469,469,474,475,480,2017-07-04 06:10:00,2017-07-04 07:00:00,2017-07-04 07:10:00,2017-07-04 08:00:00,train
470,470,475,476,481,2017-07-04 06:20:00,2017-07-04 07:10:00,2017-07-04 07:20:00,2017-07-04 08:10:00,train
471,471,476,477,482,2017-07-04 06:30:00,2017-07-04 07:20:00,2017-07-04 07:30:00,2017-07-04 08:20:00,train
472,472,477,478,483,2017-07-04 06:40:00,2017-07-04 07:30:00,2017-07-04 07:40:00,2017-07-04 08:30:00,train
473,473,478,479,484,2017-07-04 06:50:00,2017-07-04 07:40:00,2017-07-04 07:50:00,2017-07-04 08:40:00,train
474,474,479,480,485,2017-07-04 07:00:00,2017-07-04 07:50:00,2017-07-04 08:00:00,2017-07-04 08:50:00,train
475,475,480,481,486,2017-07-04 07:10:00,2017-07-04 08:00:00,2017-07-04 08:10:00,2017-07-04 09:00:00,train
476,476,481,482,487,2017-07-04 07:20:00,2017-07-04 08:10:00,2017-07-04 08:20:00,2017-07-04 09:10:00,train
477,477,482,483,488,2017-07-04 07:30:00,2017-07-04 08:20:00,2017-07-04 08:30:00,2017-07-04 09:20:00,train
478,478,483,484,489,2017-07-04 07:40:00,2017-07-04 08:30:00,2017-07-04 08:40:00,2017-07-04 09:30:00,train
479,479,484,485,490,2017-07-04 07:50:00,2017-07-04 08:40:00,2017-07-04 08:50:00,2017-07-04 09:40:00,train
480,480,485,486,491,2017-07-04 08:00:00,2017-07-04 08:50:00,2017-07-04 09:00:00,2017-07-04 09:50:00,train
481,481,486,487,492,2017-07-04 08:10:00,2017-07-04 09:00:00,2017-07-04 09:10:00,2017-07-04 10:00:00,train
482,482,487,488,493,2017-07-04 08:20:00,2017-07-04 09:10:00,2017-07-04 09:20:00,2017-07-04 10:10:00,train
483,483,488,489,494,2017-07-04 08:30:00,2017-07-04 09:20:00,2017-07-04 09:30:00,2017-07-04 10:20:00,train
484,484,489,490,495,2017-07-04 08:40:00,2017-07-04 09:30:00,2017-07-04 09:40:00,2017-07-04 10:30:00,train
485,485,490,491,496,2017-07-04 08:50:00,2017-07-04 09:40:00,2017-07-04 09:50:00,2017-07-04 10:40:00,train
486,486,491,492,497,2017-07-04 09:00:00,2017-07-04 09:50:00,2017-07-04 10:00:00,2017-07-04 10:50:00,train
487,487,492,493,498,2017-07-04 09:10:00,2017-07-04 10:00:00,2017-07-04 10:10:00,2017-07-04 11:00:00,train
488,488,493,494,499,2017-07-04 09:20:00,2017-07-04 10:10:00,2017-07-04 10:20:00,2017-07-04 11:10:00,train
489,489,494,495,500,2017-07-04 09:30:00,2017-07-04 10:20:00,2017-07-04 10:30:00,2017-07-04 11:20:00,train
490,490,495,496,501,2017-07-04 09:40:00,2017-07-04 10:30:00,2017-07-04 10:40:00,2017-07-04 11:30:00,train
491,491,496,497,502,2017-07-04 09:50:00,2017-07-04 10:40:00,2017-07-04 10:50:00,2017-07-04 11:40:00,train
492,492,497,498,503,2017-07-04 10:00:00,2017-07-04 10:50:00,2017-07-04 11:00:00,2017-07-04 11:50:00,train
493,493,498,499,504,2017-07-04 10:10:00,2017-07-04 11:00:00,2017-07-04 11:10:00,2017-07-04 12:00:00,train
494,494,499,500,505,2017-07-04 10:20:00,2017-07-04 11:10:00,2017-07-04 11:20:00,2017-07-04 12:10:00,train
495,495,500,501,506,2017-07-04 10:30:00,2017-07-04 11:20:00,2017-07-04 11:30:00,2017-07-04 12:20:00,train
496,496,501,502,507,2017-07-04 10:40:00,2017-07-04 11:30:00,2017-07-04 11:40:00,2017-07-04 12:30:00,train
497,497,502,503,508,2017-07-04 10:50:00,2017-07-04 11:40:00,2017-07-04 11:50:00,2017-07-04 12:40:00,train
498,498,503,504,509,2017-07-04 11:00:00,2017-07-04 11:50:00,2017-07-04 12:00:00,2017-07-04 12:50:00,train
499,499,504,505,510,2017-07-04 11:10:00,2017-07-04 12:00:00,2017-07-04 12:10:00,2017-07-04 13:00:00,train
500,500,505,506,511,2017-07-04 11:20:00,2017-07-04 12:10:00,2017-07-04 12:20:00,2017-07-04 13:10:00,train
501,501,506,507,512,2017-07-04 11:30:00,2017-07-04 12:20:00,2017-07-04 12:30:00,2017-07-04 13:20:00,train
502,502,507,508,513,2017-07-04 11:40:00,2017-07-04 12:30:00,2017-07-04 12:40:00,2017-07-04 13:30:00,train
503,503,508,509,514,2017-07-04 11:50:00,2017-07-04 12:40:00,2017-07-04 12:50:00,2017-07-04 13:40:00,train
504,504,509,510,515,2017-07-04 12:00:00,2017-07-04 12:50:00,2017-07-04 13:00:00,2017-07-04 13:50:00,train
505,505,510,511,516,2017-07-04 12:10:00,2017-07-04 13:00:00,2017-07-04 13:10:00,2017-07-04 14:00:00,train
506,506,511,512,517,2017-07-04 12:20:00,2017-07-04 13:10:00,2017-07-04 13:20:00,2017-07-04 14:10:00,train
507,507,512,513,518,2017-07-04 12:30:00,2017-07-04 13:20:00,2017-07-04 13:30:00,2017-07-04 14:20:00,train
508,508,513,514,519,2017-07-04 12:40:00,2017-07-04 13:30:00,2017-07-04 13:40:00,2017-07-04 14:30:00,train
509,509,514,515,520,2017-07-04 12:50:00,2017-07-04 13:40:00,2017-07-04 13:50:00,2017-07-04 14:40:00,train
510,510,515,516,521,2017-07-04 13:00:00,2017-07-04 13:50:00,2017-07-04 14:00:00,2017-07-04 14:50:00,train
511,511,516,517,522,2017-07-04 13:10:00,2017-07-04 14:00:00,2017-07-04 14:10:00,2017-07-04 15:00:00,train
512,512,517,518,523,2017-07-04 13:20:00,2017-07-04 14:10:00,2017-07-04 14:20:00,2017-07-04 15:10:00,train
513,513,518,519,524,2017-07-04 13:30:00,2017-07-04 14:20:00,2017-07-04 14:30:00,2017-07-04 15:20:00,train
514,514,519,520,525,2017-07-04 13:40:00,2017-07-04 14:30:00,2017-07-04 14:40:00,2017-07-04 15:30:00,train
515,515,520,521,526,2017-07-04 13:50:00,2017-07-04 14:40:00,2017-07-04 14:50:00,2017-07-04 15:40:00,train
516,516,521,522,527,2017-07-04 14:00:00,2017-07-04 14:50:00,2017-07-04 15:00:00,2017-07-04 15:50:00,train
517,517,522,523,528,2017-07-04 14:10:00,2017-07-04 15:00:00,2017-07-04 15:10:00,2017-07-04 16:00:00,train
518,518,523,524,529,2017-07-04 14:20:00,2017-07-04 15:10:00,2017-07-04 15:20:00,2017-07-04 16:10:00,train
519,519,524,525,530,2017-07-04 14:30:00,2017-07-04 15:20:00,2017-07-04 15:30:00,2017-07-04 16:20:00,train
520,520,525,526,531,2017-07-04 14:40:00,2017-07-04 15:30:00,2017-07-04 15:40:00,2017-07-04 16:30:00,train
521,521,526,527,532,2017-07-04 14:50:00,2017-07-04 15:40:00,2017-07-04 15:50:00,2017-07-04 16:40:00,train
522,522,527,528,533,2017-07-04 15:00:00,2017-07-04 15:50:00,2017-07-04 16:00:00,2017-07-04 16:50:00,train
523,523,528,529,534,2017-07-04 15:10:00,2017-07-04 16:00:00,2017-07-04 16:10:00,2017-07-04 17:00:00,train
524,524,529,530,535,2017-07-04 15:20:00,2017-07-04 16:10:00,2017-07-04 16:20:00,2017-07-04 17:10:00,train
525,525,530,531,536,2017-07-04 15:30:00,2017-07-04 16:20:00,2017-07-04 16:30:00,2017-07-04 17:20:00,train
526,526,531,532,537,2017-07-04 15:40:00,2017-07-04 16:30:00,2017-07-04 16:40:00,2017-07-04 17:30:00,train
527,527,532,533,538,2017-07-04 15:50:00,2017-07-04 16:40:00,2017-07-04 16:50:00,2017-07-04 17:40:00,train
528,528,533,534,539,2017-07-04 16:00:00,2017-07-04 16:50:00,2017-07-04 17:00:00,2017-07-04 17:50:00,train
529,529,534,535,540,2017-07-04 16:10:00,2017-07-04 17:00:00,2017-07-04 17:10:00,2017-07-04 18:00:00,train
530,530,535,536,541,2017-07-04 16:20:00,2017-07-04 17:10:00,2017-07-04 17:20:00,2017-07-04 18:10:00,train
531,531,536,537,542,2017-07-04 16:30:00,2017-07-04 17:20:00,2017-07-04 17:30:00,2017-07-04 18:20:00,train
532,532,537,538,543,2017-07-04 16:40:00,2017-07-04 17:30:00,2017-07-04 17:40:00,2017-07-04 18:30:00,train
533,533,538,539,544,2017-07-04 16:50:00,2017-07-04 17:40:00,2017-07-04 17:50:00,2017-07-04 18:40:00,train
534,534,539,540,545,2017-07-04 17:00:00,2017-07-04 17:50:00,2017-07-04 18:00:00,2017-07-04 18:50:00,train
535,535,540,541,546,2017-07-04 17:10:00,2017-07-04 18:00:00,2017-07-04 18:10:00,2017-07-04 19:00:00,train
536,536,541,542,547,2017-07-04 17:20:00,2017-07-04 18:10:00,2017-07-04 18:20:00,2017-07-04 19:10:00,train
537,537,542,543,548,2017-07-04 17:30:00,2017-07-04 18:20:00,2017-07-04 18:30:00,2017-07-04 19:20:00,train
538,538,543,544,549,2017-07-04 17:40:00,2017-07-04 18:30:00,2017-07-04 18:40:00,2017-07-04 19:30:00,train
539,539,544,545,550,2017-07-04 17:50:00,2017-07-04 18:40:00,2017-07-04 18:50:00,2017-07-04 19:40:00,train
540,540,545,546,551,2017-07-04 18:00:00,2017-07-04 18:50:00,2017-07-04 19:00:00,2017-07-04 19:50:00,train
541,541,546,547,552,2017-07-04 18:10:00,2017-07-04 19:00:00,2017-07-04 19:10:00,2017-07-04 20:00:00,train
542,542,547,548,553,2017-07-04 18:20:00,2017-07-04 19:10:00,2017-07-04 19:20:00,2017-07-04 20:10:00,train
543,543,548,549,554,2017-07-04 18:30:00,2017-07-04 19:20:00,2017-07-04 19:30:00,2017-07-04 20:20:00,train
544,544,549,550,555,2017-07-04 18:40:00,2017-07-04 19:30:00,2017-07-04 19:40:00,2017-07-04 20:30:00,train
545,545,550,551,556,2017-07-04 18:50:00,2017-07-04 19:40:00,2017-07-04 19:50:00,2017-07-04 20:40:00,train
546,546,551,552,557,2017-07-04 19:00:00,2017-07-04 19:50:00,2017-07-04 20:00:00,2017-07-04 20:50:00,train
547,547,552,553,558,2017-07-04 19:10:00,2017-07-04 20:00:00,2017-07-04 20:10:00,2017-07-04 21:00:00,train
548,548,553,554,559,2017-07-04 19:20:00,2017-07-04 20:10:00,2017-07-04 20:20:00,2017-07-04 21:10:00,train
549,549,554,555,560,2017-07-04 19:30:00,2017-07-04 20:20:00,2017-07-04 20:30:00,2017-07-04 21:20:00,train
550,550,555,556,561,2017-07-04 19:40:00,2017-07-04 20:30:00,2017-07-04 20:40:00,2017-07-04 21:30:00,train
551,551,556,557,562,2017-07-04 19:50:00,2017-07-04 20:40:00,2017-07-04 20:50:00,2017-07-04 21:40:00,train
552,552,557,558,563,2017-07-04 20:00:00,2017-07-04 20:50:00,2017-07-04 21:00:00,2017-07-04 21:50:00,train
553,553,558,559,564,2017-07-04 20:10:00,2017-07-04 21:00:00,2017-07-04 21:10:00,2017-07-04 22:00:00,train
554,554,559,560,565,2017-07-04 20:20:00,2017-07-04 21:10:00,2017-07-04 21:20:00,2017-07-04 22:10:00,train
555,555,560,561,566,2017-07-04 20:30:00,2017-07-04 21:20:00,2017-07-04 21:30:00,2017-07-04 22:20:00,train
556,556,561,562,567,2017-07-04 20:40:00,2017-07-04 21:30:00,2017-07-04 21:40:00,2017-07-04 22:30:00,train
557,557,562,563,568,2017-07-04 20:50:00,2017-07-04 21:40:00,2017-07-04 21:50:00,2017-07-04 22:40:00,train
558,558,563,564,569,2017-07-04 21:00:00,2017-07-04 21:50:00,2017-07-04 22:00:00,2017-07-04 22:50:00,train
559,559,564,565,570,2017-07-04 21:10:00,2017-07-04 22:00:00,2017-07-04 22:10:00,2017-07-04 23:00:00,train
560,560,565,566,571,2017-07-04 21:20:00,2017-07-04 22:10:00,2017-07-04 22:20:00,2017-07-04 23:10:00,train
561,561,566,567,572,2017-07-04 21:30:00,2017-07-04 22:20:00,2017-07-04 22:30:00,2017-07-04 23:20:00,train
562,562,567,568,573,2017-07-04 21:40:00,2017-07-04 22:30:00,2017-07-04 22:40:00,2017-07-04 23:30:00,train
563,563,568,569,574,2017-07-04 21:50:00,2017-07-04 22:40:00,2017-07-04 22:50:00,2017-07-04 23:40:00,train
564,564,569,570,575,2017-07-04 22:00:00,2017-07-04 22:50:00,2017-07-04 23:00:00,2017-07-04 23:50:00,train
565,565,570,571,576,2017-07-04 22:10:00,2017-07-04 23:00:00,2017-07-04 23:10:00,2017-07-05 00:00:00,train
566,566,571,572,577,2017-07-04 22:20:00,2017-07-04 23:10:00,2017-07-04 23:20:00,2017-07-05 00:10:00,train
567,567,572,573,578,2017-07-04 22:30:00,2017-07-04 23:20:00,2017-07-04 23:30:00,2017-07-05 00:20:00,train
568,568,573,574,579,2017-07-04 22:40:00,2017-07-04 23:30:00,2017-07-04 23:40:00,2017-07-05 00:30:00,train
569,569,574,575,580,2017-07-04 22:50:00,2017-07-04 23:40:00,2017-07-04 23:50:00,2017-07-05 00:40:00,train
570,570,575,576,581,2017-07-04 23:00:00,2017-07-04 23:50:00,2017-07-05 00:00:00,2017-07-05 00:50:00,train
571,571,576,577,582,2017-07-04 23:10:00,2017-07-05 00:00:00,2017-07-05 00:10:00,2017-07-05 01:00:00,train
572,572,577,578,583,2017-07-04 23:20:00,2017-07-05 00:10:00,2017-07-05 00:20:00,2017-07-05 01:10:00,train
573,573,578,579,584,2017-07-04 23:30:00,2017-07-05 00:20:00,2017-07-05 00:30:00,2017-07-05 01:20:00,train
574,574,579,580,585,2017-07-04 23:40:00,2017-07-05 00:30:00,2017-07-05 00:40:00,2017-07-05 01:30:00,train
575,575,580,581,586,2017-07-04 23:50:00,2017-07-05 00:40:00,2017-07-05 00:50:00,2017-07-05 01:40:00,train
576,576,581,582,587,2017-07-05 00:00:00,2017-07-05 00:50:00,2017-07-05 01:00:00,2017-07-05 01:50:00,train
577,577,582,583,588,2017-07-05 00:10:00,2017-07-05 01:00:00,2017-07-05 01:10:00,2017-07-05 02:00:00,train
578,578,583,584,589,2017-07-05 00:20:00,2017-07-05 01:10:00,2017-07-05 01:20:00,2017-07-05 02:10:00,train
579,579,584,585,590,2017-07-05 00:30:00,2017-07-05 01:20:00,2017-07-05 01:30:00,2017-07-05 02:20:00,train
580,580,585,586,591,2017-07-05 00:40:00,2017-07-05 01:30:00,2017-07-05 01:40:00,2017-07-05 02:30:00,train
581,581,586,587,592,2017-07-05 00:50:00,2017-07-05 01:40:00,2017-07-05 01:50:00,2017-07-05 02:40:00,train
582,582,587,588,593,2017-07-05 01:00:00,2017-07-05 01:50:00,2017-07-05 02:00:00,2017-07-05 02:50:00,train
583,583,588,589,594,2017-07-05 01:10:00,2017-07-05 02:00:00,2017-07-05 02:10:00,2017-07-05 03:00:00,train
584,584,589,590,595,2017-07-05 01:20:00,2017-07-05 02:10:00,2017-07-05 02:20:00,2017-07-05 03:10:00,train
585,585,590,591,596,2017-07-05 01:30:00,2017-07-05 02:20:00,2017-07-05 02:30:00,2017-07-05 03:20:00,train
586,586,591,592,597,2017-07-05 01:40:00,2017-07-05 02:30:00,2017-07-05 02:40:00,2017-07-05 03:30:00,train
587,587,592,593,598,2017-07-05 01:50:00,2017-07-05 02:40:00,2017-07-05 02:50:00,2017-07-05 03:40:00,train
588,588,593,594,599,2017-07-05 02:00:00,2017-07-05 02:50:00,2017-07-05 03:00:00,2017-07-05 03:50:00,train
589,589,594,595,600,2017-07-05 02:10:00,2017-07-05 03:00:00,2017-07-05 03:10:00,2017-07-05 04:00:00,train
590,590,595,596,601,2017-07-05 02:20:00,2017-07-05 03:10:00,2017-07-05 03:20:00,2017-07-05 04:10:00,train
591,591,596,597,602,2017-07-05 02:30:00,2017-07-05 03:20:00,2017-07-05 03:30:00,2017-07-05 04:20:00,train
592,592,597,598,603,2017-07-05 02:40:00,2017-07-05 03:30:00,2017-07-05 03:40:00,2017-07-05 04:30:00,train
593,593,598,599,604,2017-07-05 02:50:00,2017-07-05 03:40:00,2017-07-05 03:50:00,2017-07-05 04:40:00,train
594,594,599,600,605,2017-07-05 03:00:00,2017-07-05 03:50:00,2017-07-05 04:00:00,2017-07-05 04:50:00,train
595,595,600,601,606,2017-07-05 03:10:00,2017-07-05 04:00:00,2017-07-05 04:10:00,2017-07-05 05:00:00,train
596,596,601,602,607,2017-07-05 03:20:00,2017-07-05 04:10:00,2017-07-05 04:20:00,2017-07-05 05:10:00,train
597,597,602,603,608,2017-07-05 03:30:00,2017-07-05 04:20:00,2017-07-05 04:30:00,2017-07-05 05:20:00,train
598,598,603,604,609,2017-07-05 03:40:00,2017-07-05 04:30:00,2017-07-05 04:40:00,2017-07-05 05:30:00,train
599,599,604,605,610,2017-07-05 03:50:00,2017-07-05 04:40:00,2017-07-05 04:50:00,2017-07-05 05:40:00,train
600,600,605,606,611,2017-07-05 04:00:00,2017-07-05 04:50:00,2017-07-05 05:00:00,2017-07-05 05:50:00,train
601,601,606,607,612,2017-07-05 04:10:00,2017-07-05 05:00:00,2017-07-05 05:10:00,2017-07-05 06:00:00,train
602,602,607,608,613,2017-07-05 04:20:00,2017-07-05 05:10:00,2017-07-05 05:20:00,2017-07-05 06:10:00,train
603,603,608,609,614,2017-07-05 04:30:00,2017-07-05 05:20:00,2017-07-05 05:30:00,2017-07-05 06:20:00,train
604,604,609,610,615,2017-07-05 04:40:00,2017-07-05 05:30:00,2017-07-05 05:40:00,2017-07-05 06:30:00,train
605,605,610,611,616,2017-07-05 04:50:00,2017-07-05 05:40:00,2017-07-05 05:50:00,2017-07-05 06:40:00,train
606,606,611,612,617,2017-07-05 05:00:00,2017-07-05 05:50:00,2017-07-05 06:00:00,2017-07-05 06:50:00,train
607,607,612,613,618,2017-07-05 05:10:00,2017-07-05 06:00:00,2017-07-05 06:10:00,2017-07-05 07:00:00,train
608,608,613,614,619,2017-07-05 05:20:00,2017-07-05 06:10:00,2017-07-05 06:20:00,2017-07-05 07:10:00,train
609,609,614,615,620,2017-07-05 05:30:00,2017-07-05 06:20:00,2017-07-05 06:30:00,2017-07-05 07:20:00,train
610,610,615,616,621,2017-07-05 05:40:00,2017-07-05 06:30:00,2017-07-05 06:40:00,2017-07-05 07:30:00,train
611,611,616,617,622,2017-07-05 05:50:00,2017-07-05 06:40:00,2017-07-05 06:50:00,2017-07-05 07:40:00,train
612,612,617,618,623,2017-07-05 06:00:00,2017-07-05 06:50:00,2017-07-05 07:00:00,2017-07-05 07:50:00,train
613,613,618,619,624,2017-07-05 06:10:00,2017-07-05 07:00:00,2017-07-05 07:10:00,2017-07-05 08:00:00,train
614,614,619,620,625,2017-07-05 06:20:00,2017-07-05 07:10:00,2017-07-05 07:20:00,2017-07-05 08:10:00,train
615,615,620,621,626,2017-07-05 06:30:00,2017-07-05 07:20:00,2017-07-05 07:30:00,2017-07-05 08:20:00,train
616,616,621,622,627,2017-07-05 06:40:00,2017-07-05 07:30:00,2017-07-05 07:40:00,2017-07-05 08:30:00,train
617,617,622,623,628,2017-07-05 06:50:00,2017-07-05 07:40:00,2017-07-05 07:50:00,2017-07-05 08:40:00,train
618,618,623,624,629,2017-07-05 07:00:00,2017-07-05 07:50:00,2017-07-05 08:00:00,2017-07-05 08:50:00,train
619,619,624,625,630,2017-07-05 07:10:00,2017-07-05 08:00:00,2017-07-05 08:10:00,2017-07-05 09:00:00,train
620,620,625,626,631,2017-07-05 07:20:00,2017-07-05 08:10:00,2017-07-05 08:20:00,2017-07-05 09:10:00,train
621,621,626,627,632,2017-07-05 07:30:00,2017-07-05 08:20:00,2017-07-05 08:30:00,2017-07-05 09:20:00,train
622,622,627,628,633,2017-07-05 07:40:00,2017-07-05 08:30:00,2017-07-05 08:40:00,2017-07-05 09:30:00,train
623,623,628,629,634,2017-07-05 07:50:00,2017-07-05 08:40:00,2017-07-05 08:50:00,2017-07-05 09:40:00,train
624,624,629,630,635,2017-07-05 08:00:00,2017-07-05 08:50:00,2017-07-05 09:00:00,2017-07-05 09:50:00,train
625,625,630,631,636,2017-07-05 08:10:00,2017-07-05 09:00:00,2017-07-05 09:10:00,2017-07-05 10:00:00,train
626,626,631,632,637,2017-07-05 08:20:00,2017-07-05 09:10:00,2017-07-05 09:20:00,2017-07-05 10:10:00,train
627,627,632,633,638,2017-07-05 08:30:00,2017-07-05 09:20:00,2017-07-05 09:30:00,2017-07-05 10:20:00,train
628,628,633,634,639,2017-07-05 08:40:00,2017-07-05 09:30:00,2017-07-05 09:40:00,2017-07-05 10:30:00,train
629,629,634,635,640,2017-07-05 08:50:00,2017-07-05 09:40:00,2017-07-05 09:50:00,2017-07-05 10:40:00,train
630,630,635,636,641,2017-07-05 09:00:00,2017-07-05 09:50:00,2017-07-05 10:00:00,2017-07-05 10:50:00,train
631,631,636,637,642,2017-07-05 09:10:00,2017-07-05 10:00:00,2017-07-05 10:10:00,2017-07-05 11:00:00,train
632,632,637,638,643,2017-07-05 09:20:00,2017-07-05 10:10:00,2017-07-05 10:20:00,2017-07-05 11:10:00,train
633,633,638,639,644,2017-07-05 09:30:00,2017-07-05 10:20:00,2017-07-05 10:30:00,2017-07-05 11:20:00,train
634,634,639,640,645,2017-07-05 09:40:00,2017-07-05 10:30:00,2017-07-05 10:40:00,2017-07-05 11:30:00,train
635,635,640,641,646,2017-07-05 09:50:00,2017-07-05 10:40:00,2017-07-05 10:50:00,2017-07-05 11:40:00,train
636,636,641,642,647,2017-07-05 10:00:00,2017-07-05 10:50:00,2017-07-05 11:00:00,2017-07-05 11:50:00,train
637,637,642,643,648,2017-07-05 10:10:00,2017-07-05 11:00:00,2017-07-05 11:10:00,2017-07-05 12:00:00,train
638,638,643,644,649,2017-07-05 10:20:00,2017-07-05 11:10:00,2017-07-05 11:20:00,2017-07-05 12:10:00,train
639,639,644,645,650,2017-07-05 10:30:00,2017-07-05 11:20:00,2017-07-05 11:30:00,2017-07-05 12:20:00,train
640,640,645,646,651,2017-07-05 10:40:00,2017-07-05 11:30:00,2017-07-05 11:40:00,2017-07-05 12:30:00,train
641,641,646,647,652,2017-07-05 10:50:00,2017-07-05 11:40:00,2017-07-05 11:50:00,2017-07-05 12:40:00,train
642,642,647,648,653,2017-07-05 11:00:00,2017-07-05 11:50:00,2017-07-05 12:00:00,2017-07-05 12:50:00,train
643,643,648,649,654,2017-07-05 11:10:00,2017-07-05 12:00:00,2017-07-05 12:10:00,2017-07-05 13:00:00,train
644,644,649,650,655,2017-07-05 11:20:00,2017-07-05 12:10:00,2017-07-05 12:20:00,2017-07-05 13:10:00,train
645,645,650,651,656,2017-07-05 11:30:00,2017-07-05 12:20:00,2017-07-05 12:30:00,2017-07-05 13:20:00,train
646,646,651,652,657,2017-07-05 11:40:00,2017-07-05 12:30:00,2017-07-05 12:40:00,2017-07-05 13:30:00,train
647,647,652,653,658,2017-07-05 11:50:00,2017-07-05 12:40:00,2017-07-05 12:50:00,2017-07-05 13:40:00,train
648,648,653,654,659,2017-07-05 12:00:00,2017-07-05 12:50:00,2017-07-05 13:00:00,2017-07-05 13:50:00,train
649,649,654,655,660,2017-07-05 12:10:00,2017-07-05 13:00:00,2017-07-05 13:10:00,2017-07-05 14:00:00,train
650,650,655,656,661,2017-07-05 12:20:00,2017-07-05 13:10:00,2017-07-05 13:20:00,2017-07-05 14:10:00,train
651,651,656,657,662,2017-07-05 12:30:00,2017-07-05 13:20:00,2017-07-05 13:30:00,2017-07-05 14:20:00,train
652,652,657,658,663,2017-07-05 12:40:00,2017-07-05 13:30:00,2017-07-05 13:40:00,2017-07-05 14:30:00,train
653,653,658,659,664,2017-07-05 12:50:00,2017-07-05 13:40:00,2017-07-05 13:50:00,2017-07-05 14:40:00,train
654,654,659,660,665,2017-07-05 13:00:00,2017-07-05 13:50:00,2017-07-05 14:00:00,2017-07-05 14:50:00,train
655,655,660,661,666,2017-07-05 13:10:00,2017-07-05 14:00:00,2017-07-05 14:10:00,2017-07-05 15:00:00,train
656,656,661,662,667,2017-07-05 13:20:00,2017-07-05 14:10:00,2017-07-05 14:20:00,2017-07-05 15:10:00,train
657,657,662,663,668,2017-07-05 13:30:00,2017-07-05 14:20:00,2017-07-05 14:30:00,2017-07-05 15:20:00,train
658,658,663,664,669,2017-07-05 13:40:00,2017-07-05 14:30:00,2017-07-05 14:40:00,2017-07-05 15:30:00,train
659,659,664,665,670,2017-07-05 13:50:00,2017-07-05 14:40:00,2017-07-05 14:50:00,2017-07-05 15:40:00,train
660,660,665,666,671,2017-07-05 14:00:00,2017-07-05 14:50:00,2017-07-05 15:00:00,2017-07-05 15:50:00,train
661,661,666,667,672,2017-07-05 14:10:00,2017-07-05 15:00:00,2017-07-05 15:10:00,2017-07-05 16:00:00,train
662,662,667,668,673,2017-07-05 14:20:00,2017-07-05 15:10:00,2017-07-05 15:20:00,2017-07-05 16:10:00,train
663,663,668,669,674,2017-07-05 14:30:00,2017-07-05 15:20:00,2017-07-05 15:30:00,2017-07-05 16:20:00,train
664,664,669,670,675,2017-07-05 14:40:00,2017-07-05 15:30:00,2017-07-05 15:40:00,2017-07-05 16:30:00,train
665,665,670,671,676,2017-07-05 14:50:00,2017-07-05 15:40:00,2017-07-05 15:50:00,2017-07-05 16:40:00,train
666,666,671,672,677,2017-07-05 15:00:00,2017-07-05 15:50:00,2017-07-05 16:00:00,2017-07-05 16:50:00,train
667,667,672,673,678,2017-07-05 15:10:00,2017-07-05 16:00:00,2017-07-05 16:10:00,2017-07-05 17:00:00,train
668,668,673,674,679,2017-07-05 15:20:00,2017-07-05 16:10:00,2017-07-05 16:20:00,2017-07-05 17:10:00,train
669,669,674,675,680,2017-07-05 15:30:00,2017-07-05 16:20:00,2017-07-05 16:30:00,2017-07-05 17:20:00,train
670,670,675,676,681,2017-07-05 15:40:00,2017-07-05 16:30:00,2017-07-05 16:40:00,2017-07-05 17:30:00,train
671,671,676,677,682,2017-07-05 15:50:00,2017-07-05 16:40:00,2017-07-05 16:50:00,2017-07-05 17:40:00,train
672,672,677,678,683,2017-07-05 16:00:00,2017-07-05 16:50:00,2017-07-05 17:00:00,2017-07-05 17:50:00,train
673,673,678,679,684,2017-07-05 16:10:00,2017-07-05 17:00:00,2017-07-05 17:10:00,2017-07-05 18:00:00,train
674,674,679,680,685,2017-07-05 16:20:00,2017-07-05 17:10:00,2017-07-05 17:20:00,2017-07-05 18:10:00,train
675,675,680,681,686,2017-07-05 16:30:00,2017-07-05 17:20:00,2017-07-05 17:30:00,2017-07-05 18:20:00,train
676,676,681,682,687,2017-07-05 16:40:00,2017-07-05 17:30:00,2017-07-05 17:40:00,2017-07-05 18:30:00,train
677,677,682,683,688,2017-07-05 16:50:00,2017-07-05 17:40:00,2017-07-05 17:50:00,2017-07-05 18:40:00,train
678,678,683,684,689,2017-07-05 17:00:00,2017-07-05 17:50:00,2017-07-05 18:00:00,2017-07-05 18:50:00,train
679,679,684,685,690,2017-07-05 17:10:00,2017-07-05 18:00:00,2017-07-05 18:10:00,2017-07-05 19:00:00,train
680,680,685,686,691,2017-07-05 17:20:00,2017-07-05 18:10:00,2017-07-05 18:20:00,2017-07-05 19:10:00,train
681,681,686,687,692,2017-07-05 17:30:00,2017-07-05 18:20:00,2017-07-05 18:30:00,2017-07-05 19:20:00,train
682,682,687,688,693,2017-07-05 17:40:00,2017-07-05 18:30:00,2017-07-05 18:40:00,2017-07-05 19:30:00,train
683,683,688,689,694,2017-07-05 17:50:00,2017-07-05 18:40:00,2017-07-05 18:50:00,2017-07-05 19:40:00,train
684,684,689,690,695,2017-07-05 18:00:00,2017-07-05 18:50:00,2017-07-05 19:00:00,2017-07-05 19:50:00,train
685,685,690,691,696,2017-07-05 18:10:00,2017-07-05 19:00:00,2017-07-05 19:10:00,2017-07-05 20:00:00,train
686,686,691,692,697,2017-07-05 18:20:00,2017-07-05 19:10:00,2017-07-05 19:20:00,2017-07-05 20:10:00,train
687,687,692,693,698,2017-07-05 18:30:00,2017-07-05 19:20:00,2017-07-05 19:30:00,2017-07-05 20:20:00,train
688,688,693,694,699,2017-07-05 18:40:00,2017-07-05 19:30:00,2017-07-05 19:40:00,2017-07-05 20:30:00,train
689,689,694,695,700,2017-07-05 18:50:00,2017-07-05 19:40:00,2017-07-05 19:50:00,2017-07-05 20:40:00,train
690,690,695,696,701,2017-07-05 19:00:00,2017-07-05 19:50:00,2017-07-05 20:00:00,2017-07-05 20:50:00,train
691,691,696,697,702,2017-07-05 19:10:00,2017-07-05 20:00:00,2017-07-05 20:10:00,2017-07-05 21:00:00,train
692,692,697,698,703,2017-07-05 19:20:00,2017-07-05 20:10:00,2017-07-05 20:20:00,2017-07-05 21:10:00,train
693,693,698,699,704,2017-07-05 19:30:00,2017-07-05 20:20:00,2017-07-05 20:30:00,2017-07-05 21:20:00,train
694,694,699,700,705,2017-07-05 19:40:00,2017-07-05 20:30:00,2017-07-05 20:40:00,2017-07-05 21:30:00,train
695,695,700,701,706,2017-07-05 19:50:00,2017-07-05 20:40:00,2017-07-05 20:50:00,2017-07-05 21:40:00,train
696,696,701,702,707,2017-07-05 20:00:00,2017-07-05 20:50:00,2017-07-05 21:00:00,2017-07-05 21:50:00,train
697,697,702,703,708,2017-07-05 20:10:00,2017-07-05 21:00:00,2017-07-05 21:10:00,2017-07-05 22:00:00,train
698,698,703,704,709,2017-07-05 20:20:00,2017-07-05 21:10:00,2017-07-05 21:20:00,2017-07-05 22:10:00,train
699,699,704,705,710,2017-07-05 20:30:00,2017-07-05 21:20:00,2017-07-05 21:30:00,2017-07-05 22:20:00,train
700,700,705,706,711,2017-07-05 20:40:00,2017-07-05 21:30:00,2017-07-05 21:40:00,2017-07-05 22:30:00,train
701,701,706,707,712,2017-07-05 20:50:00,2017-07-05 21:40:00,2017-07-05 21:50:00,2017-07-05 22:40:00,train
702,702,707,708,713,2017-07-05 21:00:00,2017-07-05 21:50:00,2017-07-05 22:00:00,2017-07-05 22:50:00,train
703,703,708,709,714,2017-07-05 21:10:00,2017-07-05 22:00:00,2017-07-05 22:10:00,2017-07-05 23:00:00,train
704,704,709,710,715,2017-07-05 21:20:00,2017-07-05 22:10:00,2017-07-05 22:20:00,2017-07-05 23:10:00,train
705,705,710,711,716,2017-07-05 21:30:00,2017-07-05 22:20:00,2017-07-05 22:30:00,2017-07-05 23:20:00,train
706,706,711,712,717,2017-07-05 21:40:00,2017-07-05 22:30:00,2017-07-05 22:40:00,2017-07-05 23:30:00,train
707,707,712,713,718,2017-07-05 21:50:00,2017-07-05 22:40:00,2017-07-05 22:50:00,2017-07-05 23:40:00,train
708,708,713,714,719,2017-07-05 22:00:00,2017-07-05 22:50:00,2017-07-05 23:00:00,2017-07-05 23:50:00,train
709,709,714,715,720,2017-07-05 22:10:00,2017-07-05 23:00:00,2017-07-05 23:10:00,2017-07-06 00:00:00,train
710,710,715,716,721,2017-07-05 22:20:00,2017-07-05 23:10:00,2017-07-05 23:20:00,2017-07-06 00:10:00,train
711,711,716,717,722,2017-07-05 22:30:00,2017-07-05 23:20:00,2017-07-05 23:30:00,2017-07-06 00:20:00,train
712,712,717,718,723,2017-07-05 22:40:00,2017-07-05 23:30:00,2017-07-05 23:40:00,2017-07-06 00:30:00,train
713,713,718,719,724,2017-07-05 22:50:00,2017-07-05 23:40:00,2017-07-05 23:50:00,2017-07-06 00:40:00,train
714,714,719,720,725,2017-07-05 23:00:00,2017-07-05 23:50:00,2017-07-06 00:00:00,2017-07-06 00:50:00,train
715,715,720,721,726,2017-07-05 23:10:00,2017-07-06 00:00:00,2017-07-06 00:10:00,2017-07-06 01:00:00,train
716,716,721,722,727,2017-07-05 23:20:00,2017-07-06 00:10:00,2017-07-06 00:20:00,2017-07-06 01:10:00,train
717,717,722,723,728,2017-07-05 23:30:00,2017-07-06 00:20:00,2017-07-06 00:30:00,2017-07-06 01:20:00,train
718,718,723,724,729,2017-07-05 23:40:00,2017-07-06 00:30:00,2017-07-06 00:40:00,2017-07-06 01:30:00,train
719,719,724,725,730,2017-07-05 23:50:00,2017-07-06 00:40:00,2017-07-06 00:50:00,2017-07-06 01:40:00,train
720,720,725,726,731,2017-07-06 00:00:00,2017-07-06 00:50:00,2017-07-06 01:00:00,2017-07-06 01:50:00,train
721,721,726,727,732,2017-07-06 00:10:00,2017-07-06 01:00:00,2017-07-06 01:10:00,2017-07-06 02:00:00,train
722,722,727,728,733,2017-07-06 00:20:00,2017-07-06 01:10:00,2017-07-06 01:20:00,2017-07-06 02:10:00,train
723,723,728,729,734,2017-07-06 00:30:00,2017-07-06 01:20:00,2017-07-06 01:30:00,2017-07-06 02:20:00,train
724,724,729,730,735,2017-07-06 00:40:00,2017-07-06 01:30:00,2017-07-06 01:40:00,2017-07-06 02:30:00,train
725,725,730,731,736,2017-07-06 00:50:00,2017-07-06 01:40:00,2017-07-06 01:50:00,2017-07-06 02:40:00,train
726,726,731,732,737,2017-07-06 01:00:00,2017-07-06 01:50:00,2017-07-06 02:00:00,2017-07-06 02:50:00,train
727,727,732,733,738,2017-07-06 01:10:00,2017-07-06 02:00:00,2017-07-06 02:10:00,2017-07-06 03:00:00,train
728,728,733,734,739,2017-07-06 01:20:00,2017-07-06 02:10:00,2017-07-06 02:20:00,2017-07-06 03:10:00,train
729,729,734,735,740,2017-07-06 01:30:00,2017-07-06 02:20:00,2017-07-06 02:30:00,2017-07-06 03:20:00,train
730,730,735,736,741,2017-07-06 01:40:00,2017-07-06 02:30:00,2017-07-06 02:40:00,2017-07-06 03:30:00,train
731,731,736,737,742,2017-07-06 01:50:00,2017-07-06 02:40:00,2017-07-06 02:50:00,2017-07-06 03:40:00,train
732,732,737,738,743,2017-07-06 02:00:00,2017-07-06 02:50:00,2017-07-06 03:00:00,2017-07-06 03:50:00,train
733,733,738,739,744,2017-07-06 02:10:00,2017-07-06 03:00:00,2017-07-06 03:10:00,2017-07-06 04:00:00,train
734,734,739,740,745,2017-07-06 02:20:00,2017-07-06 03:10:00,2017-07-06 03:20:00,2017-07-06 04:10:00,train
735,735,740,741,746,2017-07-06 02:30:00,2017-07-06 03:20:00,2017-07-06 03:30:00,2017-07-06 04:20:00,train
736,736,741,742,747,2017-07-06 02:40:00,2017-07-06 03:30:00,2017-07-06 03:40:00,2017-07-06 04:30:00,train
737,737,742,743,748,2017-07-06 02:50:00,2017-07-06 03:40:00,2017-07-06 03:50:00,2017-07-06 04:40:00,train
738,738,743,744,749,2017-07-06 03:00:00,2017-07-06 03:50:00,2017-07-06 04:00:00,2017-07-06 04:50:00,train
739,739,744,745,750,2017-07-06 03:10:00,2017-07-06 04:00:00,2017-07-06 04:10:00,2017-07-06 05:00:00,train
740,740,745,746,751,2017-07-06 03:20:00,2017-07-06 04:10:00,2017-07-06 04:20:00,2017-07-06 05:10:00,train
741,741,746,747,752,2017-07-06 03:30:00,2017-07-06 04:20:00,2017-07-06 04:30:00,2017-07-06 05:20:00,train
742,742,747,748,753,2017-07-06 03:40:00,2017-07-06 04:30:00,2017-07-06 04:40:00,2017-07-06 05:30:00,train
743,743,748,749,754,2017-07-06 03:50:00,2017-07-06 04:40:00,2017-07-06 04:50:00,2017-07-06 05:40:00,train
744,744,749,750,755,2017-07-06 04:00:00,2017-07-06 04:50:00,2017-07-06 05:00:00,2017-07-06 05:50:00,train
745,745,750,751,756,2017-07-06 04:10:00,2017-07-06 05:00:00,2017-07-06 05:10:00,2017-07-06 06:00:00,train
746,746,751,752,757,2017-07-06 04:20:00,2017-07-06 05:10:00,2017-07-06 05:20:00,2017-07-06 06:10:00,train
747,747,752,753,758,2017-07-06 04:30:00,2017-07-06 05:20:00,2017-07-06 05:30:00,2017-07-06 06:20:00,train
748,748,753,754,759,2017-07-06 04:40:00,2017-07-06 05:30:00,2017-07-06 05:40:00,2017-07-06 06:30:00,train
749,749,754,755,760,2017-07-06 04:50:00,2017-07-06 05:40:00,2017-07-06 05:50:00,2017-07-06 06:40:00,train
750,750,755,756,761,2017-07-06 05:00:00,2017-07-06 05:50:00,2017-07-06 06:00:00,2017-07-06 06:50:00,train
751,751,756,757,762,2017-07-06 05:10:00,2017-07-06 06:00:00,2017-07-06 06:10:00,2017-07-06 07:00:00,train
752,752,757,758,763,2017-07-06 05:20:00,2017-07-06 06:10:00,2017-07-06 06:20:00,2017-07-06 07:10:00,train
753,753,758,759,764,2017-07-06 05:30:00,2017-07-06 06:20:00,2017-07-06 06:30:00,2017-07-06 07:20:00,train
754,754,759,760,765,2017-07-06 05:40:00,2017-07-06 06:30:00,2017-07-06 06:40:00,2017-07-06 07:30:00,train
755,755,760,761,766,2017-07-06 05:50:00,2017-07-06 06:40:00,2017-07-06 06:50:00,2017-07-06 07:40:00,train
756,756,761,762,767,2017-07-06 06:00:00,2017-07-06 06:50:00,2017-07-06 07:00:00,2017-07-06 07:50:00,train
757,757,762,763,768,2017-07-06 06:10:00,2017-07-06 07:00:00,2017-07-06 07:10:00,2017-07-06 08:00:00,train
758,758,763,764,769,2017-07-06 06:20:00,2017-07-06 07:10:00,2017-07-06 07:20:00,2017-07-06 08:10:00,train
759,759,764,765,770,2017-07-06 06:30:00,2017-07-06 07:20:00,2017-07-06 07:30:00,2017-07-06 08:20:00,train
760,760,765,766,771,2017-07-06 06:40:00,2017-07-06 07:30:00,2017-07-06 07:40:00,2017-07-06 08:30:00,train
761,761,766,767,772,2017-07-06 06:50:00,2017-07-06 07:40:00,2017-07-06 07:50:00,2017-07-06 08:40:00,train
762,762,767,768,773,2017-07-06 07:00:00,2017-07-06 07:50:00,2017-07-06 08:00:00,2017-07-06 08:50:00,train
763,763,768,769,774,2017-07-06 07:10:00,2017-07-06 08:00:00,2017-07-06 08:10:00,2017-07-06 09:00:00,train
764,764,769,770,775,2017-07-06 07:20:00,2017-07-06 08:10:00,2017-07-06 08:20:00,2017-07-06 09:10:00,train
765,765,770,771,776,2017-07-06 07:30:00,2017-07-06 08:20:00,2017-07-06 08:30:00,2017-07-06 09:20:00,train
766,766,771,772,777,2017-07-06 07:40:00,2017-07-06 08:30:00,2017-07-06 08:40:00,2017-07-06 09:30:00,train
767,767,772,773,778,2017-07-06 07:50:00,2017-07-06 08:40:00,2017-07-06 08:50:00,2017-07-06 09:40:00,train
768,768,773,774,779,2017-07-06 08:00:00,2017-07-06 08:50:00,2017-07-06 09:00:00,2017-07-06 09:50:00,train
769,769,774,775,780,2017-07-06 08:10:00,2017-07-06 09:00:00,2017-07-06 09:10:00,2017-07-06 10:00:00,train
770,770,775,776,781,2017-07-06 08:20:00,2017-07-06 09:10:00,2017-07-06 09:20:00,2017-07-06 10:10:00,train
771,771,776,777,782,2017-07-06 08:30:00,2017-07-06 09:20:00,2017-07-06 09:30:00,2017-07-06 10:20:00,train
772,772,777,778,783,2017-07-06 08:40:00,2017-07-06 09:30:00,2017-07-06 09:40:00,2017-07-06 10:30:00,train
773,773,778,779,784,2017-07-06 08:50:00,2017-07-06 09:40:00,2017-07-06 09:50:00,2017-07-06 10:40:00,train
774,774,779,780,785,2017-07-06 09:00:00,2017-07-06 09:50:00,2017-07-06 10:00:00,2017-07-06 10:50:00,train
775,775,780,781,786,2017-07-06 09:10:00,2017-07-06 10:00:00,2017-07-06 10:10:00,2017-07-06 11:00:00,train
776,776,781,782,787,2017-07-06 09:20:00,2017-07-06 10:10:00,2017-07-06 10:20:00,2017-07-06 11:10:00,train
777,777,782,783,788,2017-07-06 09:30:00,2017-07-06 10:20:00,2017-07-06 10:30:00,2017-07-06 11:20:00,train
778,778,783,784,789,2017-07-06 09:40:00,2017-07-06 10:30:00,2017-07-06 10:40:00,2017-07-06 11:30:00,train
779,779,784,785,790,2017-07-06 09:50:00,2017-07-06 10:40:00,2017-07-06 10:50:00,2017-07-06 11:40:00,train
780,780,785,786,791,2017-07-06 10:00:00,2017-07-06 10:50:00,2017-07-06 11:00:00,2017-07-06 11:50:00,train
781,781,786,787,792,2017-07-06 10:10:00,2017-07-06 11:00:00,2017-07-06 11:10:00,2017-07-06 12:00:00,train
782,782,787,788,793,2017-07-06 10:20:00,2017-07-06 11:10:00,2017-07-06 11:20:00,2017-07-06 12:10:00,train
783,783,788,789,794,2017-07-06 10:30:00,2017-07-06 11:20:00,2017-07-06 11:30:00,2017-07-06 12:20:00,train
784,784,789,790,795,2017-07-06 10:40:00,2017-07-06 11:30:00,2017-07-06 11:40:00,2017-07-06 12:30:00,train
785,785,790,791,796,2017-07-06 10:50:00,2017-07-06 11:40:00,2017-07-06 11:50:00,2017-07-06 12:40:00,train
786,786,791,792,797,2017-07-06 11:00:00,2017-07-06 11:50:00,2017-07-06 12:00:00,2017-07-06 12:50:00,train
787,787,792,793,798,2017-07-06 11:10:00,2017-07-06 12:00:00,2017-07-06 12:10:00,2017-07-06 13:00:00,train
788,788,793,794,799,2017-07-06 11:20:00,2017-07-06 12:10:00,2017-07-06 12:20:00,2017-07-06 13:10:00,train
789,789,794,795,800,2017-07-06 11:30:00,2017-07-06 12:20:00,2017-07-06 12:30:00,2017-07-06 13:20:00,train
790,790,795,796,801,2017-07-06 11:40:00,2017-07-06 12:30:00,2017-07-06 12:40:00,2017-07-06 13:30:00,train
791,791,796,797,802,2017-07-06 11:50:00,2017-07-06 12:40:00,2017-07-06 12:50:00,2017-07-06 13:40:00,train
792,792,797,798,803,2017-07-06 12:00:00,2017-07-06 12:50:00,2017-07-06 13:00:00,2017-07-06 13:50:00,train
793,793,798,799,804,2017-07-06 12:10:00,2017-07-06 13:00:00,2017-07-06 13:10:00,2017-07-06 14:00:00,train
794,794,799,800,805,2017-07-06 12:20:00,2017-07-06 13:10:00,2017-07-06 13:20:00,2017-07-06 14:10:00,train
795,795,800,801,806,2017-07-06 12:30:00,2017-07-06 13:20:00,2017-07-06 13:30:00,2017-07-06 14:20:00,train
796,796,801,802,807,2017-07-06 12:40:00,2017-07-06 13:30:00,2017-07-06 13:40:00,2017-07-06 14:30:00,train
797,797,802,803,808,2017-07-06 12:50:00,2017-07-06 13:40:00,2017-07-06 13:50:00,2017-07-06 14:40:00,train
798,798,803,804,809,2017-07-06 13:00:00,2017-07-06 13:50:00,2017-07-06 14:00:00,2017-07-06 14:50:00,train
799,799,804,805,810,2017-07-06 13:10:00,2017-07-06 14:00:00,2017-07-06 14:10:00,2017-07-06 15:00:00,train
800,800,805,806,811,2017-07-06 13:20:00,2017-07-06 14:10:00,2017-07-06 14:20:00,2017-07-06 15:10:00,train
801,801,806,807,812,2017-07-06 13:30:00,2017-07-06 14:20:00,2017-07-06 14:30:00,2017-07-06 15:20:00,train
802,802,807,808,813,2017-07-06 13:40:00,2017-07-06 14:30:00,2017-07-06 14:40:00,2017-07-06 15:30:00,train
803,803,808,809,814,2017-07-06 13:50:00,2017-07-06 14:40:00,2017-07-06 14:50:00,2017-07-06 15:40:00,train
804,804,809,810,815,2017-07-06 14:00:00,2017-07-06 14:50:00,2017-07-06 15:00:00,2017-07-06 15:50:00,train
805,805,810,811,816,2017-07-06 14:10:00,2017-07-06 15:00:00,2017-07-06 15:10:00,2017-07-06 16:00:00,train
806,806,811,812,817,2017-07-06 14:20:00,2017-07-06 15:10:00,2017-07-06 15:20:00,2017-07-06 16:10:00,train
807,807,812,813,818,2017-07-06 14:30:00,2017-07-06 15:20:00,2017-07-06 15:30:00,2017-07-06 16:20:00,train
808,808,813,814,819,2017-07-06 14:40:00,2017-07-06 15:30:00,2017-07-06 15:40:00,2017-07-06 16:30:00,train
809,809,814,815,820,2017-07-06 14:50:00,2017-07-06 15:40:00,2017-07-06 15:50:00,2017-07-06 16:40:00,train
810,810,815,816,821,2017-07-06 15:00:00,2017-07-06 15:50:00,2017-07-06 16:00:00,2017-07-06 16:50:00,train
811,811,816,817,822,2017-07-06 15:10:00,2017-07-06 16:00:00,2017-07-06 16:10:00,2017-07-06 17:00:00,train
812,812,817,818,823,2017-07-06 15:20:00,2017-07-06 16:10:00,2017-07-06 16:20:00,2017-07-06 17:10:00,train
813,813,818,819,824,2017-07-06 15:30:00,2017-07-06 16:20:00,2017-07-06 16:30:00,2017-07-06 17:20:00,train
814,814,819,820,825,2017-07-06 15:40:00,2017-07-06 16:30:00,2017-07-06 16:40:00,2017-07-06 17:30:00,train
815,815,820,821,826,2017-07-06 15:50:00,2017-07-06 16:40:00,2017-07-06 16:50:00,2017-07-06 17:40:00,train
816,816,821,822,827,2017-07-06 16:00:00,2017-07-06 16:50:00,2017-07-06 17:00:00,2017-07-06 17:50:00,train
817,817,822,823,828,2017-07-06 16:10:00,2017-07-06 17:00:00,2017-07-06 17:10:00,2017-07-06 18:00:00,train
818,818,823,824,829,2017-07-06 16:20:00,2017-07-06 17:10:00,2017-07-06 17:20:00,2017-07-06 18:10:00,train
819,819,824,825,830,2017-07-06 16:30:00,2017-07-06 17:20:00,2017-07-06 17:30:00,2017-07-06 18:20:00,train
820,820,825,826,831,2017-07-06 16:40:00,2017-07-06 17:30:00,2017-07-06 17:40:00,2017-07-06 18:30:00,train
821,821,826,827,832,2017-07-06 16:50:00,2017-07-06 17:40:00,2017-07-06 17:50:00,2017-07-06 18:40:00,train
822,822,827,828,833,2017-07-06 17:00:00,2017-07-06 17:50:00,2017-07-06 18:00:00,2017-07-06 18:50:00,train
823,823,828,829,834,2017-07-06 17:10:00,2017-07-06 18:00:00,2017-07-06 18:10:00,2017-07-06 19:00:00,train
824,824,829,830,835,2017-07-06 17:20:00,2017-07-06 18:10:00,2017-07-06 18:20:00,2017-07-06 19:10:00,train
825,825,830,831,836,2017-07-06 17:30:00,2017-07-06 18:20:00,2017-07-06 18:30:00,2017-07-06 19:20:00,train
826,826,831,832,837,2017-07-06 17:40:00,2017-07-06 18:30:00,2017-07-06 18:40:00,2017-07-06 19:30:00,train
827,827,832,833,838,2017-07-06 17:50:00,2017-07-06 18:40:00,2017-07-06 18:50:00,2017-07-06 19:40:00,train
828,828,833,834,839,2017-07-06 18:00:00,2017-07-06 18:50:00,2017-07-06 19:00:00,2017-07-06 19:50:00,train
829,829,834,835,840,2017-07-06 18:10:00,2017-07-06 19:00:00,2017-07-06 19:10:00,2017-07-06 20:00:00,train
830,830,835,836,841,2017-07-06 18:20:00,2017-07-06 19:10:00,2017-07-06 19:20:00,2017-07-06 20:10:00,train
831,831,836,837,842,2017-07-06 18:30:00,2017-07-06 19:20:00,2017-07-06 19:30:00,2017-07-06 20:20:00,train
832,832,837,838,843,2017-07-06 18:40:00,2017-07-06 19:30:00,2017-07-06 19:40:00,2017-07-06 20:30:00,train
833,833,838,839,844,2017-07-06 18:50:00,2017-07-06 19:40:00,2017-07-06 19:50:00,2017-07-06 20:40:00,train
834,834,839,840,845,2017-07-06 19:00:00,2017-07-06 19:50:00,2017-07-06 20:00:00,2017-07-06 20:50:00,train
835,835,840,841,846,2017-07-06 19:10:00,2017-07-06 20:00:00,2017-07-06 20:10:00,2017-07-06 21:00:00,train
836,836,841,842,847,2017-07-06 19:20:00,2017-07-06 20:10:00,2017-07-06 20:20:00,2017-07-06 21:10:00,train
837,837,842,843,848,2017-07-06 19:30:00,2017-07-06 20:20:00,2017-07-06 20:30:00,2017-07-06 21:20:00,train
838,838,843,844,849,2017-07-06 19:40:00,2017-07-06 20:30:00,2017-07-06 20:40:00,2017-07-06 21:30:00,train
839,839,844,845,850,2017-07-06 19:50:00,2017-07-06 20:40:00,2017-07-06 20:50:00,2017-07-06 21:40:00,train
840,840,845,846,851,2017-07-06 20:00:00,2017-07-06 20:50:00,2017-07-06 21:00:00,2017-07-06 21:50:00,train
841,841,846,847,852,2017-07-06 20:10:00,2017-07-06 21:00:00,2017-07-06 21:10:00,2017-07-06 22:00:00,train
842,842,847,848,853,2017-07-06 20:20:00,2017-07-06 21:10:00,2017-07-06 21:20:00,2017-07-06 22:10:00,train
843,843,848,849,854,2017-07-06 20:30:00,2017-07-06 21:20:00,2017-07-06 21:30:00,2017-07-06 22:20:00,train
844,844,849,850,855,2017-07-06 20:40:00,2017-07-06 21:30:00,2017-07-06 21:40:00,2017-07-06 22:30:00,train
845,845,850,851,856,2017-07-06 20:50:00,2017-07-06 21:40:00,2017-07-06 21:50:00,2017-07-06 22:40:00,train
846,846,851,852,857,2017-07-06 21:00:00,2017-07-06 21:50:00,2017-07-06 22:00:00,2017-07-06 22:50:00,train
847,847,852,853,858,2017-07-06 21:10:00,2017-07-06 22:00:00,2017-07-06 22:10:00,2017-07-06 23:00:00,train
848,848,853,854,859,2017-07-06 21:20:00,2017-07-06 22:10:00,2017-07-06 22:20:00,2017-07-06 23:10:00,train
849,849,854,855,860,2017-07-06 21:30:00,2017-07-06 22:20:00,2017-07-06 22:30:00,2017-07-06 23:20:00,train
850,850,855,856,861,2017-07-06 21:40:00,2017-07-06 22:30:00,2017-07-06 22:40:00,2017-07-06 23:30:00,train
851,851,856,857,862,2017-07-06 21:50:00,2017-07-06 22:40:00,2017-07-06 22:50:00,2017-07-06 23:40:00,train
852,852,857,858,863,2017-07-06 22:00:00,2017-07-06 22:50:00,2017-07-06 23:00:00,2017-07-06 23:50:00,train
853,853,858,859,864,2017-07-06 22:10:00,2017-07-06 23:00:00,2017-07-06 23:10:00,2017-07-07 00:00:00,train
854,854,859,860,865,2017-07-06 22:20:00,2017-07-06 23:10:00,2017-07-06 23:20:00,2017-07-07 00:10:00,train
855,855,860,861,866,2017-07-06 22:30:00,2017-07-06 23:20:00,2017-07-06 23:30:00,2017-07-07 00:20:00,train
856,856,861,862,867,2017-07-06 22:40:00,2017-07-06 23:30:00,2017-07-06 23:40:00,2017-07-07 00:30:00,train
857,857,862,863,868,2017-07-06 22:50:00,2017-07-06 23:40:00,2017-07-06 23:50:00,2017-07-07 00:40:00,train
858,858,863,864,869,2017-07-06 23:00:00,2017-07-06 23:50:00,2017-07-07 00:00:00,2017-07-07 00:50:00,train
859,859,864,865,870,2017-07-06 23:10:00,2017-07-07 00:00:00,2017-07-07 00:10:00,2017-07-07 01:00:00,train
860,860,865,866,871,2017-07-06 23:20:00,2017-07-07 00:10:00,2017-07-07 00:20:00,2017-07-07 01:10:00,train
861,861,866,867,872,2017-07-06 23:30:00,2017-07-07 00:20:00,2017-07-07 00:30:00,2017-07-07 01:20:00,train
862,862,867,868,873,2017-07-06 23:40:00,2017-07-07 00:30:00,2017-07-07 00:40:00,2017-07-07 01:30:00,train
863,863,868,869,874,2017-07-06 23:50:00,2017-07-07 00:40:00,2017-07-07 00:50:00,2017-07-07 01:40:00,train
864,864,869,870,875,2017-07-07 00:00:00,2017-07-07 00:50:00,2017-07-07 01:00:00,2017-07-07 01:50:00,train
865,865,870,871,876,2017-07-07 00:10:00,2017-07-07 01:00:00,2017-07-07 01:10:00,2017-07-07 02:00:00,train
866,866,871,872,877,2017-07-07 00:20:00,2017-07-07 01:10:00,2017-07-07 01:20:00,2017-07-07 02:10:00,train
867,867,872,873,878,2017-07-07 00:30:00,2017-07-07 01:20:00,2017-07-07 01:30:00,2017-07-07 02:20:00,train
868,868,873,874,879,2017-07-07 00:40:00,2017-07-07 01:30:00,2017-07-07 01:40:00,2017-07-07 02:30:00,train
869,869,874,875,880,2017-07-07 00:50:00,2017-07-07 01:40:00,2017-07-07 01:50:00,2017-07-07 02:40:00,train
870,870,875,876,881,2017-07-07 01:00:00,2017-07-07 01:50:00,2017-07-07 02:00:00,2017-07-07 02:50:00,train
871,871,876,877,882,2017-07-07 01:10:00,2017-07-07 02:00:00,2017-07-07 02:10:00,2017-07-07 03:00:00,train
872,872,877,878,883,2017-07-07 01:20:00,2017-07-07 02:10:00,2017-07-07 02:20:00,2017-07-07 03:10:00,train
873,873,878,879,884,2017-07-07 01:30:00,2017-07-07 02:20:00,2017-07-07 02:30:00,2017-07-07 03:20:00,train
874,874,879,880,885,2017-07-07 01:40:00,2017-07-07 02:30:00,2017-07-07 02:40:00,2017-07-07 03:30:00,train
875,875,880,881,886,2017-07-07 01:50:00,2017-07-07 02:40:00,2017-07-07 02:50:00,2017-07-07 03:40:00,train
876,876,881,882,887,2017-07-07 02:00:00,2017-07-07 02:50:00,2017-07-07 03:00:00,2017-07-07 03:50:00,train
877,877,882,883,888,2017-07-07 02:10:00,2017-07-07 03:00:00,2017-07-07 03:10:00,2017-07-07 04:00:00,train
878,878,883,884,889,2017-07-07 02:20:00,2017-07-07 03:10:00,2017-07-07 03:20:00,2017-07-07 04:10:00,train
879,879,884,885,890,2017-07-07 02:30:00,2017-07-07 03:20:00,2017-07-07 03:30:00,2017-07-07 04:20:00,train
880,880,885,886,891,2017-07-07 02:40:00,2017-07-07 03:30:00,2017-07-07 03:40:00,2017-07-07 04:30:00,train
881,881,886,887,892,2017-07-07 02:50:00,2017-07-07 03:40:00,2017-07-07 03:50:00,2017-07-07 04:40:00,train
882,882,887,888,893,2017-07-07 03:00:00,2017-07-07 03:50:00,2017-07-07 04:00:00,2017-07-07 04:50:00,train
883,883,888,889,894,2017-07-07 03:10:00,2017-07-07 04:00:00,2017-07-07 04:10:00,2017-07-07 05:00:00,train
884,884,889,890,895,2017-07-07 03:20:00,2017-07-07 04:10:00,2017-07-07 04:20:00,2017-07-07 05:10:00,train
885,885,890,891,896,2017-07-07 03:30:00,2017-07-07 04:20:00,2017-07-07 04:30:00,2017-07-07 05:20:00,train
886,886,891,892,897,2017-07-07 03:40:00,2017-07-07 04:30:00,2017-07-07 04:40:00,2017-07-07 05:30:00,train
887,887,892,893,898,2017-07-07 03:50:00,2017-07-07 04:40:00,2017-07-07 04:50:00,2017-07-07 05:40:00,train
888,888,893,894,899,2017-07-07 04:00:00,2017-07-07 04:50:00,2017-07-07 05:00:00,2017-07-07 05:50:00,train
889,889,894,895,900,2017-07-07 04:10:00,2017-07-07 05:00:00,2017-07-07 05:10:00,2017-07-07 06:00:00,train
890,890,895,896,901,2017-07-07 04:20:00,2017-07-07 05:10:00,2017-07-07 05:20:00,2017-07-07 06:10:00,train
891,891,896,897,902,2017-07-07 04:30:00,2017-07-07 05:20:00,2017-07-07 05:30:00,2017-07-07 06:20:00,train
892,892,897,898,903,2017-07-07 04:40:00,2017-07-07 05:30:00,2017-07-07 05:40:00,2017-07-07 06:30:00,train
893,893,898,899,904,2017-07-07 04:50:00,2017-07-07 05:40:00,2017-07-07 05:50:00,2017-07-07 06:40:00,train
894,894,899,900,905,2017-07-07 05:00:00,2017-07-07 05:50:00,2017-07-07 06:00:00,2017-07-07 06:50:00,train
895,895,900,901,906,2017-07-07 05:10:00,2017-07-07 06:00:00,2017-07-07 06:10:00,2017-07-07 07:00:00,train
896,896,901,902,907,2017-07-07 05:20:00,2017-07-07 06:10:00,2017-07-07 06:20:00,2017-07-07 07:10:00,train
897,897,902,903,908,2017-07-07 05:30:00,2017-07-07 06:20:00,2017-07-07 06:30:00,2017-07-07 07:20:00,train
898,898,903,904,909,2017-07-07 05:40:00,2017-07-07 06:30:00,2017-07-07 06:40:00,2017-07-07 07:30:00,train
899,899,904,905,910,2017-07-07 05:50:00,2017-07-07 06:40:00,2017-07-07 06:50:00,2017-07-07 07:40:00,train
900,900,905,906,911,2017-07-07 06:00:00,2017-07-07 06:50:00,2017-07-07 07:00:00,2017-07-07 07:50:00,train
901,901,906,907,912,2017-07-07 06:10:00,2017-07-07 07:00:00,2017-07-07 07:10:00,2017-07-07 08:00:00,train
902,902,907,908,913,2017-07-07 06:20:00,2017-07-07 07:10:00,2017-07-07 07:20:00,2017-07-07 08:10:00,train
903,903,908,909,914,2017-07-07 06:30:00,2017-07-07 07:20:00,2017-07-07 07:30:00,2017-07-07 08:20:00,train
904,904,909,910,915,2017-07-07 06:40:00,2017-07-07 07:30:00,2017-07-07 07:40:00,2017-07-07 08:30:00,train
905,905,910,911,916,2017-07-07 06:50:00,2017-07-07 07:40:00,2017-07-07 07:50:00,2017-07-07 08:40:00,train
906,906,911,912,917,2017-07-07 07:00:00,2017-07-07 07:50:00,2017-07-07 08:00:00,2017-07-07 08:50:00,train
907,907,912,913,918,2017-07-07 07:10:00,2017-07-07 08:00:00,2017-07-07 08:10:00,2017-07-07 09:00:00,train
908,908,913,914,919,2017-07-07 07:20:00,2017-07-07 08:10:00,2017-07-07 08:20:00,2017-07-07 09:10:00,train
909,909,914,915,920,2017-07-07 07:30:00,2017-07-07 08:20:00,2017-07-07 08:30:00,2017-07-07 09:20:00,train
910,910,915,916,921,2017-07-07 07:40:00,2017-07-07 08:30:00,2017-07-07 08:40:00,2017-07-07 09:30:00,train
911,911,916,917,922,2017-07-07 07:50:00,2017-07-07 08:40:00,2017-07-07 08:50:00,2017-07-07 09:40:00,train
912,912,917,918,923,2017-07-07 08:00:00,2017-07-07 08:50:00,2017-07-07 09:00:00,2017-07-07 09:50:00,train
913,913,918,919,924,2017-07-07 08:10:00,2017-07-07 09:00:00,2017-07-07 09:10:00,2017-07-07 10:00:00,train
914,914,919,920,925,2017-07-07 08:20:00,2017-07-07 09:10:00,2017-07-07 09:20:00,2017-07-07 10:10:00,train
915,915,920,921,926,2017-07-07 08:30:00,2017-07-07 09:20:00,2017-07-07 09:30:00,2017-07-07 10:20:00,train
916,916,921,922,927,2017-07-07 08:40:00,2017-07-07 09:30:00,2017-07-07 09:40:00,2017-07-07 10:30:00,train
917,917,922,923,928,2017-07-07 08:50:00,2017-07-07 09:40:00,2017-07-07 09:50:00,2017-07-07 10:40:00,train
918,918,923,924,929,2017-07-07 09:00:00,2017-07-07 09:50:00,2017-07-07 10:00:00,2017-07-07 10:50:00,train
919,919,924,925,930,2017-07-07 09:10:00,2017-07-07 10:00:00,2017-07-07 10:10:00,2017-07-07 11:00:00,train
920,920,925,926,931,2017-07-07 09:20:00,2017-07-07 10:10:00,2017-07-07 10:20:00,2017-07-07 11:10:00,train
921,921,926,927,932,2017-07-07 09:30:00,2017-07-07 10:20:00,2017-07-07 10:30:00,2017-07-07 11:20:00,train
922,922,927,928,933,2017-07-07 09:40:00,2017-07-07 10:30:00,2017-07-07 10:40:00,2017-07-07 11:30:00,train
923,923,928,929,934,2017-07-07 09:50:00,2017-07-07 10:40:00,2017-07-07 10:50:00,2017-07-07 11:40:00,train
924,924,929,930,935,2017-07-07 10:00:00,2017-07-07 10:50:00,2017-07-07 11:00:00,2017-07-07 11:50:00,train
925,925,930,931,936,2017-07-07 10:10:00,2017-07-07 11:00:00,2017-07-07 11:10:00,2017-07-07 12:00:00,train
926,926,931,932,937,2017-07-07 10:20:00,2017-07-07 11:10:00,2017-07-07 11:20:00,2017-07-07 12:10:00,train
927,927,932,933,938,2017-07-07 10:30:00,2017-07-07 11:20:00,2017-07-07 11:30:00,2017-07-07 12:20:00,train
928,928,933,934,939,2017-07-07 10:40:00,2017-07-07 11:30:00,2017-07-07 11:40:00,2017-07-07 12:30:00,train
929,929,934,935,940,2017-07-07 10:50:00,2017-07-07 11:40:00,2017-07-07 11:50:00,2017-07-07 12:40:00,train
930,930,935,936,941,2017-07-07 11:00:00,2017-07-07 11:50:00,2017-07-07 12:00:00,2017-07-07 12:50:00,train
931,931,936,937,942,2017-07-07 11:10:00,2017-07-07 12:00:00,2017-07-07 12:10:00,2017-07-07 13:00:00,train
932,932,937,938,943,2017-07-07 11:20:00,2017-07-07 12:10:00,2017-07-07 12:20:00,2017-07-07 13:10:00,train
933,933,938,939,944,2017-07-07 11:30:00,2017-07-07 12:20:00,2017-07-07 12:30:00,2017-07-07 13:20:00,train
934,934,939,940,945,2017-07-07 11:40:00,2017-07-07 12:30:00,2017-07-07 12:40:00,2017-07-07 13:30:00,train
935,935,940,941,946,2017-07-07 11:50:00,2017-07-07 12:40:00,2017-07-07 12:50:00,2017-07-07 13:40:00,train
936,936,941,942,947,2017-07-07 12:00:00,2017-07-07 12:50:00,2017-07-07 13:00:00,2017-07-07 13:50:00,train
937,937,942,943,948,2017-07-07 12:10:00,2017-07-07 13:00:00,2017-07-07 13:10:00,2017-07-07 14:00:00,train
938,938,943,944,949,2017-07-07 12:20:00,2017-07-07 13:10:00,2017-07-07 13:20:00,2017-07-07 14:10:00,train
939,939,944,945,950,2017-07-07 12:30:00,2017-07-07 13:20:00,2017-07-07 13:30:00,2017-07-07 14:20:00,train
940,940,945,946,951,2017-07-07 12:40:00,2017-07-07 13:30:00,2017-07-07 13:40:00,2017-07-07 14:30:00,train
941,941,946,947,952,2017-07-07 12:50:00,2017-07-07 13:40:00,2017-07-07 13:50:00,2017-07-07 14:40:00,train
942,942,947,948,953,2017-07-07 13:00:00,2017-07-07 13:50:00,2017-07-07 14:00:00,2017-07-07 14:50:00,train
943,943,948,949,954,2017-07-07 13:10:00,2017-07-07 14:00:00,2017-07-07 14:10:00,2017-07-07 15:00:00,train
944,944,949,950,955,2017-07-07 13:20:00,2017-07-07 14:10:00,2017-07-07 14:20:00,2017-07-07 15:10:00,train
945,945,950,951,956,2017-07-07 13:30:00,2017-07-07 14:20:00,2017-07-07 14:30:00,2017-07-07 15:20:00,train
946,946,951,952,957,2017-07-07 13:40:00,2017-07-07 14:30:00,2017-07-07 14:40:00,2017-07-07 15:30:00,train
947,947,952,953,958,2017-07-07 13:50:00,2017-07-07 14:40:00,2017-07-07 14:50:00,2017-07-07 15:40:00,train
948,948,953,954,959,2017-07-07 14:00:00,2017-07-07 14:50:00,2017-07-07 15:00:00,2017-07-07 15:50:00,train
949,949,954,955,960,2017-07-07 14:10:00,2017-07-07 15:00:00,2017-07-07 15:10:00,2017-07-07 16:00:00,train
950,950,955,956,961,2017-07-07 14:20:00,2017-07-07 15:10:00,2017-07-07 15:20:00,2017-07-07 16:10:00,train
951,951,956,957,962,2017-07-07 14:30:00,2017-07-07 15:20:00,2017-07-07 15:30:00,2017-07-07 16:20:00,train
952,952,957,958,963,2017-07-07 14:40:00,2017-07-07 15:30:00,2017-07-07 15:40:00,2017-07-07 16:30:00,train
953,953,958,959,964,2017-07-07 14:50:00,2017-07-07 15:40:00,2017-07-07 15:50:00,2017-07-07 16:40:00,train
954,954,959,960,965,2017-07-07 15:00:00,2017-07-07 15:50:00,2017-07-07 16:00:00,2017-07-07 16:50:00,train
955,955,960,961,966,2017-07-07 15:10:00,2017-07-07 16:00:00,2017-07-07 16:10:00,2017-07-07 17:00:00,train
956,956,961,962,967,2017-07-07 15:20:00,2017-07-07 16:10:00,2017-07-07 16:20:00,2017-07-07 17:10:00,train
957,957,962,963,968,2017-07-07 15:30:00,2017-07-07 16:20:00,2017-07-07 16:30:00,2017-07-07 17:20:00,train
958,958,963,964,969,2017-07-07 15:40:00,2017-07-07 16:30:00,2017-07-07 16:40:00,2017-07-07 17:30:00,train
959,959,964,965,970,2017-07-07 15:50:00,2017-07-07 16:40:00,2017-07-07 16:50:00,2017-07-07 17:40:00,train
960,960,965,966,971,2017-07-07 16:00:00,2017-07-07 16:50:00,2017-07-07 17:00:00,2017-07-07 17:50:00,train
961,961,966,967,972,2017-07-07 16:10:00,2017-07-07 17:00:00,2017-07-07 17:10:00,2017-07-07 18:00:00,train
962,962,967,968,973,2017-07-07 16:20:00,2017-07-07 17:10:00,2017-07-07 17:20:00,2017-07-07 18:10:00,train
963,963,968,969,974,2017-07-07 16:30:00,2017-07-07 17:20:00,2017-07-07 17:30:00,2017-07-07 18:20:00,train
964,964,969,970,975,2017-07-07 16:40:00,2017-07-07 17:30:00,2017-07-07 17:40:00,2017-07-07 18:30:00,train
965,965,970,971,976,2017-07-07 16:50:00,2017-07-07 17:40:00,2017-07-07 17:50:00,2017-07-07 18:40:00,train
966,966,971,972,977,2017-07-07 17:00:00,2017-07-07 17:50:00,2017-07-07 18:00:00,2017-07-07 18:50:00,train
967,967,972,973,978,2017-07-07 17:10:00,2017-07-07 18:00:00,2017-07-07 18:10:00,2017-07-07 19:00:00,train
968,968,973,974,979,2017-07-07 17:20:00,2017-07-07 18:10:00,2017-07-07 18:20:00,2017-07-07 19:10:00,train
969,969,974,975,980,2017-07-07 17:30:00,2017-07-07 18:20:00,2017-07-07 18:30:00,2017-07-07 19:20:00,train
970,970,975,976,981,2017-07-07 17:40:00,2017-07-07 18:30:00,2017-07-07 18:40:00,2017-07-07 19:30:00,train
971,971,976,977,982,2017-07-07 17:50:00,2017-07-07 18:40:00,2017-07-07 18:50:00,2017-07-07 19:40:00,train
972,972,977,978,983,2017-07-07 18:00:00,2017-07-07 18:50:00,2017-07-07 19:00:00,2017-07-07 19:50:00,train
973,973,978,979,984,2017-07-07 18:10:00,2017-07-07 19:00:00,2017-07-07 19:10:00,2017-07-07 20:00:00,train
974,974,979,980,985,2017-07-07 18:20:00,2017-07-07 19:10:00,2017-07-07 19:20:00,2017-07-07 20:10:00,train
975,975,980,981,986,2017-07-07 18:30:00,2017-07-07 19:20:00,2017-07-07 19:30:00,2017-07-07 20:20:00,train
976,976,981,982,987,2017-07-07 18:40:00,2017-07-07 19:30:00,2017-07-07 19:40:00,2017-07-07 20:30:00,train
977,977,982,983,988,2017-07-07 18:50:00,2017-07-07 19:40:00,2017-07-07 19:50:00,2017-07-07 20:40:00,train
978,978,983,984,989,2017-07-07 19:00:00,2017-07-07 19:50:00,2017-07-07 20:00:00,2017-07-07 20:50:00,train
979,979,984,985,990,2017-07-07 19:10:00,2017-07-07 20:00:00,2017-07-07 20:10:00,2017-07-07 21:00:00,train
980,980,985,986,991,2017-07-07 19:20:00,2017-07-07 20:10:00,2017-07-07 20:20:00,2017-07-07 21:10:00,train
981,981,986,987,992,2017-07-07 19:30:00,2017-07-07 20:20:00,2017-07-07 20:30:00,2017-07-07 21:20:00,train
982,982,987,988,993,2017-07-07 19:40:00,2017-07-07 20:30:00,2017-07-07 20:40:00,2017-07-07 21:30:00,train
983,983,988,989,994,2017-07-07 19:50:00,2017-07-07 20:40:00,2017-07-07 20:50:00,2017-07-07 21:40:00,train
984,984,989,990,995,2017-07-07 20:00:00,2017-07-07 20:50:00,2017-07-07 21:00:00,2017-07-07 21:50:00,train
985,985,990,991,996,2017-07-07 20:10:00,2017-07-07 21:00:00,2017-07-07 21:10:00,2017-07-07 22:00:00,train
986,986,991,992,997,2017-07-07 20:20:00,2017-07-07 21:10:00,2017-07-07 21:20:00,2017-07-07 22:10:00,train
987,987,992,993,998,2017-07-07 20:30:00,2017-07-07 21:20:00,2017-07-07 21:30:00,2017-07-07 22:20:00,train
988,988,993,994,999,2017-07-07 20:40:00,2017-07-07 21:30:00,2017-07-07 21:40:00,2017-07-07 22:30:00,train
989,989,994,995,1000,2017-07-07 20:50:00,2017-07-07 21:40:00,2017-07-07 21:50:00,2017-07-07 22:40:00,train
990,990,995,996,1001,2017-07-07 21:00:00,2017-07-07 21:50:00,2017-07-07 22:00:00,2017-07-07 22:50:00,train
991,991,996,997,1002,2017-07-07 21:10:00,2017-07-07 22:00:00,2017-07-07 22:10:00,2017-07-07 23:00:00,train
992,992,997,998,1003,2017-07-07 21:20:00,2017-07-07 22:10:00,2017-07-07 22:20:00,2017-07-07 23:10:00,train
993,993,998,999,1004,2017-07-07 21:30:00,2017-07-07 22:20:00,2017-07-07 22:30:00,2017-07-07 23:20:00,train
994,994,999,1000,1005,2017-07-07 21:40:00,2017-07-07 22:30:00,2017-07-07 22:40:00,2017-07-07 23:30:00,train
995,995,1000,1001,1006,2017-07-07 21:50:00,2017-07-07 22:40:00,2017-07-07 22:50:00,2017-07-07 23:40:00,train
996,996,1001,1002,1007,2017-07-07 22:00:00,2017-07-07 22:50:00,2017-07-07 23:00:00,2017-07-07 23:50:00,train
997,997,1002,1003,1008,2017-07-07 22:10:00,2017-07-07 23:00:00,2017-07-07 23:10:00,2017-07-08 00:00:00,train
998,998,1003,1004,1009,2017-07-07 22:20:00,2017-07-07 23:10:00,2017-07-07 23:20:00,2017-07-08 00:10:00,train
999,999,1004,1005,1010,2017-07-07 22:30:00,2017-07-07 23:20:00,2017-07-07 23:30:00,2017-07-08 00:20:00,train
1000,1000,1005,1006,1011,2017-07-07 22:40:00,2017-07-07 23:30:00,2017-07-07 23:40:00,2017-07-08 00:30:00,train
1001,1001,1006,1007,1012,2017-07-07 22:50:00,2017-07-07 23:40:00,2017-07-07 23:50:00,2017-07-08 00:40:00,train
1002,1002,1007,1008,1013,2017-07-07 23:00:00,2017-07-07 23:50:00,2017-07-08 00:00:00,2017-07-08 00:50:00,train
1003,1003,1008,1009,1014,2017-07-07 23:10:00,2017-07-08 00:00:00,2017-07-08 00:10:00,2017-07-08 01:00:00,train
1004,1004,1009,1010,1015,2017-07-07 23:20:00,2017-07-08 00:10:00,2017-07-08 00:20:00,2017-07-08 01:10:00,train
1005,1005,1010,1011,1016,2017-07-07 23:30:00,2017-07-08 00:20:00,2017-07-08 00:30:00,2017-07-08 01:20:00,train
1006,1006,1011,1012,1017,2017-07-07 23:40:00,2017-07-08 00:30:00,2017-07-08 00:40:00,2017-07-08 01:30:00,train
1007,1007,1012,1013,1018,2017-07-07 23:50:00,2017-07-08 00:40:00,2017-07-08 00:50:00,2017-07-08 01:40:00,train
1008,1008,1013,1014,1019,2017-07-08 00:00:00,2017-07-08 00:50:00,2017-07-08 01:00:00,2017-07-08 01:50:00,train
1009,1009,1014,1015,1020,2017-07-08 00:10:00,2017-07-08 01:00:00,2017-07-08 01:10:00,2017-07-08 02:00:00,train
1010,1010,1015,1016,1021,2017-07-08 00:20:00,2017-07-08 01:10:00,2017-07-08 01:20:00,2017-07-08 02:10:00,train
1011,1011,1016,1017,1022,2017-07-08 00:30:00,2017-07-08 01:20:00,2017-07-08 01:30:00,2017-07-08 02:20:00,train
1012,1012,1017,1018,1023,2017-07-08 00:40:00,2017-07-08 01:30:00,2017-07-08 01:40:00,2017-07-08 02:30:00,train
1013,1013,1018,1019,1024,2017-07-08 00:50:00,2017-07-08 01:40:00,2017-07-08 01:50:00,2017-07-08 02:40:00,train
1014,1014,1019,1020,1025,2017-07-08 01:00:00,2017-07-08 01:50:00,2017-07-08 02:00:00,2017-07-08 02:50:00,train
1015,1015,1020,1021,1026,2017-07-08 01:10:00,2017-07-08 02:00:00,2017-07-08 02:10:00,2017-07-08 03:00:00,train
1016,1016,1021,1022,1027,2017-07-08 01:20:00,2017-07-08 02:10:00,2017-07-08 02:20:00,2017-07-08 03:10:00,train
1017,1017,1022,1023,1028,2017-07-08 01:30:00,2017-07-08 02:20:00,2017-07-08 02:30:00,2017-07-08 03:20:00,train
1018,1018,1023,1024,1029,2017-07-08 01:40:00,2017-07-08 02:30:00,2017-07-08 02:40:00,2017-07-08 03:30:00,train
1019,1019,1024,1025,1030,2017-07-08 01:50:00,2017-07-08 02:40:00,2017-07-08 02:50:00,2017-07-08 03:40:00,train
1020,1020,1025,1026,1031,2017-07-08 02:00:00,2017-07-08 02:50:00,2017-07-08 03:00:00,2017-07-08 03:50:00,train
1021,1021,1026,1027,1032,2017-07-08 02:10:00,2017-07-08 03:00:00,2017-07-08 03:10:00,2017-07-08 04:00:00,train
1022,1022,1027,1028,1033,2017-07-08 02:20:00,2017-07-08 03:10:00,2017-07-08 03:20:00,2017-07-08 04:10:00,train
1023,1023,1028,1029,1034,2017-07-08 02:30:00,2017-07-08 03:20:00,2017-07-08 03:30:00,2017-07-08 04:20:00,train
1024,1024,1029,1030,1035,2017-07-08 02:40:00,2017-07-08 03:30:00,2017-07-08 03:40:00,2017-07-08 04:30:00,train
1025,1025,1030,1031,1036,2017-07-08 02:50:00,2017-07-08 03:40:00,2017-07-08 03:50:00,2017-07-08 04:40:00,train
1026,1026,1031,1032,1037,2017-07-08 03:00:00,2017-07-08 03:50:00,2017-07-08 04:00:00,2017-07-08 04:50:00,train
1027,1027,1032,1033,1038,2017-07-08 03:10:00,2017-07-08 04:00:00,2017-07-08 04:10:00,2017-07-08 05:00:00,train
1028,1028,1033,1034,1039,2017-07-08 03:20:00,2017-07-08 04:10:00,2017-07-08 04:20:00,2017-07-08 05:10:00,train
1029,1029,1034,1035,1040,2017-07-08 03:30:00,2017-07-08 04:20:00,2017-07-08 04:30:00,2017-07-08 05:20:00,train
1030,1030,1035,1036,1041,2017-07-08 03:40:00,2017-07-08 04:30:00,2017-07-08 04:40:00,2017-07-08 05:30:00,train
1031,1031,1036,1037,1042,2017-07-08 03:50:00,2017-07-08 04:40:00,2017-07-08 04:50:00,2017-07-08 05:40:00,train
1032,1032,1037,1038,1043,2017-07-08 04:00:00,2017-07-08 04:50:00,2017-07-08 05:00:00,2017-07-08 05:50:00,train
1033,1033,1038,1039,1044,2017-07-08 04:10:00,2017-07-08 05:00:00,2017-07-08 05:10:00,2017-07-08 06:00:00,train
1034,1034,1039,1040,1045,2017-07-08 04:20:00,2017-07-08 05:10:00,2017-07-08 05:20:00,2017-07-08 06:10:00,train
1035,1035,1040,1041,1046,2017-07-08 04:30:00,2017-07-08 05:20:00,2017-07-08 05:30:00,2017-07-08 06:20:00,train
1036,1036,1041,1042,1047,2017-07-08 04:40:00,2017-07-08 05:30:00,2017-07-08 05:40:00,2017-07-08 06:30:00,train
1037,1037,1042,1043,1048,2017-07-08 04:50:00,2017-07-08 05:40:00,2017-07-08 05:50:00,2017-07-08 06:40:00,train
1038,1038,1043,1044,1049,2017-07-08 05:00:00,2017-07-08 05:50:00,2017-07-08 06:00:00,2017-07-08 06:50:00,train
1039,1039,1044,1045,1050,2017-07-08 05:10:00,2017-07-08 06:00:00,2017-07-08 06:10:00,2017-07-08 07:00:00,train
1040,1040,1045,1046,1051,2017-07-08 05:20:00,2017-07-08 06:10:00,2017-07-08 06:20:00,2017-07-08 07:10:00,train
1041,1041,1046,1047,1052,2017-07-08 05:30:00,2017-07-08 06:20:00,2017-07-08 06:30:00,2017-07-08 07:20:00,train
1042,1042,1047,1048,1053,2017-07-08 05:40:00,2017-07-08 06:30:00,2017-07-08 06:40:00,2017-07-08 07:30:00,train
1043,1043,1048,1049,1054,2017-07-08 05:50:00,2017-07-08 06:40:00,2017-07-08 06:50:00,2017-07-08 07:40:00,train
1044,1044,1049,1050,1055,2017-07-08 06:00:00,2017-07-08 06:50:00,2017-07-08 07:00:00,2017-07-08 07:50:00,train
1045,1045,1050,1051,1056,2017-07-08 06:10:00,2017-07-08 07:00:00,2017-07-08 07:10:00,2017-07-08 08:00:00,train
1046,1046,1051,1052,1057,2017-07-08 06:20:00,2017-07-08 07:10:00,2017-07-08 07:20:00,2017-07-08 08:10:00,train
1047,1047,1052,1053,1058,2017-07-08 06:30:00,2017-07-08 07:20:00,2017-07-08 07:30:00,2017-07-08 08:20:00,train
1048,1048,1053,1054,1059,2017-07-08 06:40:00,2017-07-08 07:30:00,2017-07-08 07:40:00,2017-07-08 08:30:00,train
1049,1049,1054,1055,1060,2017-07-08 06:50:00,2017-07-08 07:40:00,2017-07-08 07:50:00,2017-07-08 08:40:00,train
1050,1050,1055,1056,1061,2017-07-08 07:00:00,2017-07-08 07:50:00,2017-07-08 08:00:00,2017-07-08 08:50:00,train
1051,1051,1056,1057,1062,2017-07-08 07:10:00,2017-07-08 08:00:00,2017-07-08 08:10:00,2017-07-08 09:00:00,train
1052,1052,1057,1058,1063,2017-07-08 07:20:00,2017-07-08 08:10:00,2017-07-08 08:20:00,2017-07-08 09:10:00,train
1053,1053,1058,1059,1064,2017-07-08 07:30:00,2017-07-08 08:20:00,2017-07-08 08:30:00,2017-07-08 09:20:00,train
1054,1054,1059,1060,1065,2017-07-08 07:40:00,2017-07-08 08:30:00,2017-07-08 08:40:00,2017-07-08 09:30:00,train
1055,1055,1060,1061,1066,2017-07-08 07:50:00,2017-07-08 08:40:00,2017-07-08 08:50:00,2017-07-08 09:40:00,train
1056,1056,1061,1062,1067,2017-07-08 08:00:00,2017-07-08 08:50:00,2017-07-08 09:00:00,2017-07-08 09:50:00,train
1057,1057,1062,1063,1068,2017-07-08 08:10:00,2017-07-08 09:00:00,2017-07-08 09:10:00,2017-07-08 10:00:00,train
1058,1058,1063,1064,1069,2017-07-08 08:20:00,2017-07-08 09:10:00,2017-07-08 09:20:00,2017-07-08 10:10:00,train
1059,1059,1064,1065,1070,2017-07-08 08:30:00,2017-07-08 09:20:00,2017-07-08 09:30:00,2017-07-08 10:20:00,train
1060,1060,1065,1066,1071,2017-07-08 08:40:00,2017-07-08 09:30:00,2017-07-08 09:40:00,2017-07-08 10:30:00,train
1061,1061,1066,1067,1072,2017-07-08 08:50:00,2017-07-08 09:40:00,2017-07-08 09:50:00,2017-07-08 10:40:00,train
1062,1062,1067,1068,1073,2017-07-08 09:00:00,2017-07-08 09:50:00,2017-07-08 10:00:00,2017-07-08 10:50:00,train
1063,1063,1068,1069,1074,2017-07-08 09:10:00,2017-07-08 10:00:00,2017-07-08 10:10:00,2017-07-08 11:00:00,train
1064,1064,1069,1070,1075,2017-07-08 09:20:00,2017-07-08 10:10:00,2017-07-08 10:20:00,2017-07-08 11:10:00,train
1065,1065,1070,1071,1076,2017-07-08 09:30:00,2017-07-08 10:20:00,2017-07-08 10:30:00,2017-07-08 11:20:00,train
1066,1066,1071,1072,1077,2017-07-08 09:40:00,2017-07-08 10:30:00,2017-07-08 10:40:00,2017-07-08 11:30:00,train
1067,1067,1072,1073,1078,2017-07-08 09:50:00,2017-07-08 10:40:00,2017-07-08 10:50:00,2017-07-08 11:40:00,train
1068,1068,1073,1074,1079,2017-07-08 10:00:00,2017-07-08 10:50:00,2017-07-08 11:00:00,2017-07-08 11:50:00,train
1069,1069,1074,1075,1080,2017-07-08 10:10:00,2017-07-08 11:00:00,2017-07-08 11:10:00,2017-07-08 12:00:00,train
1070,1070,1075,1076,1081,2017-07-08 10:20:00,2017-07-08 11:10:00,2017-07-08 11:20:00,2017-07-08 12:10:00,train
1071,1071,1076,1077,1082,2017-07-08 10:30:00,2017-07-08 11:20:00,2017-07-08 11:30:00,2017-07-08 12:20:00,train
1072,1072,1077,1078,1083,2017-07-08 10:40:00,2017-07-08 11:30:00,2017-07-08 11:40:00,2017-07-08 12:30:00,train
1073,1073,1078,1079,1084,2017-07-08 10:50:00,2017-07-08 11:40:00,2017-07-08 11:50:00,2017-07-08 12:40:00,train
1074,1074,1079,1080,1085,2017-07-08 11:00:00,2017-07-08 11:50:00,2017-07-08 12:00:00,2017-07-08 12:50:00,train
1075,1075,1080,1081,1086,2017-07-08 11:10:00,2017-07-08 12:00:00,2017-07-08 12:10:00,2017-07-08 13:00:00,train
1076,1076,1081,1082,1087,2017-07-08 11:20:00,2017-07-08 12:10:00,2017-07-08 12:20:00,2017-07-08 13:10:00,train
1077,1077,1082,1083,1088,2017-07-08 11:30:00,2017-07-08 12:20:00,2017-07-08 12:30:00,2017-07-08 13:20:00,train
1078,1078,1083,1084,1089,2017-07-08 11:40:00,2017-07-08 12:30:00,2017-07-08 12:40:00,2017-07-08 13:30:00,train
1079,1079,1084,1085,1090,2017-07-08 11:50:00,2017-07-08 12:40:00,2017-07-08 12:50:00,2017-07-08 13:40:00,train
1080,1080,1085,1086,1091,2017-07-08 12:00:00,2017-07-08 12:50:00,2017-07-08 13:00:00,2017-07-08 13:50:00,train
1081,1081,1086,1087,1092,2017-07-08 12:10:00,2017-07-08 13:00:00,2017-07-08 13:10:00,2017-07-08 14:00:00,train
1082,1082,1087,1088,1093,2017-07-08 12:20:00,2017-07-08 13:10:00,2017-07-08 13:20:00,2017-07-08 14:10:00,train
1083,1083,1088,1089,1094,2017-07-08 12:30:00,2017-07-08 13:20:00,2017-07-08 13:30:00,2017-07-08 14:20:00,train
1084,1084,1089,1090,1095,2017-07-08 12:40:00,2017-07-08 13:30:00,2017-07-08 13:40:00,2017-07-08 14:30:00,train
1085,1085,1090,1091,1096,2017-07-08 12:50:00,2017-07-08 13:40:00,2017-07-08 13:50:00,2017-07-08 14:40:00,train
1086,1086,1091,1092,1097,2017-07-08 13:00:00,2017-07-08 13:50:00,2017-07-08 14:00:00,2017-07-08 14:50:00,train
1087,1087,1092,1093,1098,2017-07-08 13:10:00,2017-07-08 14:00:00,2017-07-08 14:10:00,2017-07-08 15:00:00,train
1088,1088,1093,1094,1099,2017-07-08 13:20:00,2017-07-08 14:10:00,2017-07-08 14:20:00,2017-07-08 15:10:00,train
1089,1089,1094,1095,1100,2017-07-08 13:30:00,2017-07-08 14:20:00,2017-07-08 14:30:00,2017-07-08 15:20:00,train
1090,1090,1095,1096,1101,2017-07-08 13:40:00,2017-07-08 14:30:00,2017-07-08 14:40:00,2017-07-08 15:30:00,train
1091,1091,1096,1097,1102,2017-07-08 13:50:00,2017-07-08 14:40:00,2017-07-08 14:50:00,2017-07-08 15:40:00,train
1092,1092,1097,1098,1103,2017-07-08 14:00:00,2017-07-08 14:50:00,2017-07-08 15:00:00,2017-07-08 15:50:00,train
1093,1093,1098,1099,1104,2017-07-08 14:10:00,2017-07-08 15:00:00,2017-07-08 15:10:00,2017-07-08 16:00:00,train
1094,1094,1099,1100,1105,2017-07-08 14:20:00,2017-07-08 15:10:00,2017-07-08 15:20:00,2017-07-08 16:10:00,train
1095,1095,1100,1101,1106,2017-07-08 14:30:00,2017-07-08 15:20:00,2017-07-08 15:30:00,2017-07-08 16:20:00,train
1096,1096,1101,1102,1107,2017-07-08 14:40:00,2017-07-08 15:30:00,2017-07-08 15:40:00,2017-07-08 16:30:00,train
1097,1097,1102,1103,1108,2017-07-08 14:50:00,2017-07-08 15:40:00,2017-07-08 15:50:00,2017-07-08 16:40:00,train
1098,1098,1103,1104,1109,2017-07-08 15:00:00,2017-07-08 15:50:00,2017-07-08 16:00:00,2017-07-08 16:50:00,train
1099,1099,1104,1105,1110,2017-07-08 15:10:00,2017-07-08 16:00:00,2017-07-08 16:10:00,2017-07-08 17:00:00,train
1100,1100,1105,1106,1111,2017-07-08 15:20:00,2017-07-08 16:10:00,2017-07-08 16:20:00,2017-07-08 17:10:00,train
1101,1101,1106,1107,1112,2017-07-08 15:30:00,2017-07-08 16:20:00,2017-07-08 16:30:00,2017-07-08 17:20:00,train
1102,1102,1107,1108,1113,2017-07-08 15:40:00,2017-07-08 16:30:00,2017-07-08 16:40:00,2017-07-08 17:30:00,train
1103,1103,1108,1109,1114,2017-07-08 15:50:00,2017-07-08 16:40:00,2017-07-08 16:50:00,2017-07-08 17:40:00,train
1104,1104,1109,1110,1115,2017-07-08 16:00:00,2017-07-08 16:50:00,2017-07-08 17:00:00,2017-07-08 17:50:00,train
1105,1105,1110,1111,1116,2017-07-08 16:10:00,2017-07-08 17:00:00,2017-07-08 17:10:00,2017-07-08 18:00:00,train
1106,1106,1111,1112,1117,2017-07-08 16:20:00,2017-07-08 17:10:00,2017-07-08 17:20:00,2017-07-08 18:10:00,train
1107,1107,1112,1113,1118,2017-07-08 16:30:00,2017-07-08 17:20:00,2017-07-08 17:30:00,2017-07-08 18:20:00,train
1108,1108,1113,1114,1119,2017-07-08 16:40:00,2017-07-08 17:30:00,2017-07-08 17:40:00,2017-07-08 18:30:00,train
1109,1109,1114,1115,1120,2017-07-08 16:50:00,2017-07-08 17:40:00,2017-07-08 17:50:00,2017-07-08 18:40:00,train
1110,1110,1115,1116,1121,2017-07-08 17:00:00,2017-07-08 17:50:00,2017-07-08 18:00:00,2017-07-08 18:50:00,train
1111,1111,1116,1117,1122,2017-07-08 17:10:00,2017-07-08 18:00:00,2017-07-08 18:10:00,2017-07-08 19:00:00,train
1112,1112,1117,1118,1123,2017-07-08 17:20:00,2017-07-08 18:10:00,2017-07-08 18:20:00,2017-07-08 19:10:00,train
1113,1113,1118,1119,1124,2017-07-08 17:30:00,2017-07-08 18:20:00,2017-07-08 18:30:00,2017-07-08 19:20:00,train
1114,1114,1119,1120,1125,2017-07-08 17:40:00,2017-07-08 18:30:00,2017-07-08 18:40:00,2017-07-08 19:30:00,train
1115,1115,1120,1121,1126,2017-07-08 17:50:00,2017-07-08 18:40:00,2017-07-08 18:50:00,2017-07-08 19:40:00,train
1116,1116,1121,1122,1127,2017-07-08 18:00:00,2017-07-08 18:50:00,2017-07-08 19:00:00,2017-07-08 19:50:00,train
1117,1117,1122,1123,1128,2017-07-08 18:10:00,2017-07-08 19:00:00,2017-07-08 19:10:00,2017-07-08 20:00:00,train
1118,1118,1123,1124,1129,2017-07-08 18:20:00,2017-07-08 19:10:00,2017-07-08 19:20:00,2017-07-08 20:10:00,train
1119,1119,1124,1125,1130,2017-07-08 18:30:00,2017-07-08 19:20:00,2017-07-08 19:30:00,2017-07-08 20:20:00,train
1120,1120,1125,1126,1131,2017-07-08 18:40:00,2017-07-08 19:30:00,2017-07-08 19:40:00,2017-07-08 20:30:00,train
1121,1121,1126,1127,1132,2017-07-08 18:50:00,2017-07-08 19:40:00,2017-07-08 19:50:00,2017-07-08 20:40:00,train
1122,1122,1127,1128,1133,2017-07-08 19:00:00,2017-07-08 19:50:00,2017-07-08 20:00:00,2017-07-08 20:50:00,train
1123,1123,1128,1129,1134,2017-07-08 19:10:00,2017-07-08 20:00:00,2017-07-08 20:10:00,2017-07-08 21:00:00,train
1124,1124,1129,1130,1135,2017-07-08 19:20:00,2017-07-08 20:10:00,2017-07-08 20:20:00,2017-07-08 21:10:00,train
1125,1125,1130,1131,1136,2017-07-08 19:30:00,2017-07-08 20:20:00,2017-07-08 20:30:00,2017-07-08 21:20:00,train
1126,1126,1131,1132,1137,2017-07-08 19:40:00,2017-07-08 20:30:00,2017-07-08 20:40:00,2017-07-08 21:30:00,train
1127,1127,1132,1133,1138,2017-07-08 19:50:00,2017-07-08 20:40:00,2017-07-08 20:50:00,2017-07-08 21:40:00,train
1128,1128,1133,1134,1139,2017-07-08 20:00:00,2017-07-08 20:50:00,2017-07-08 21:00:00,2017-07-08 21:50:00,train
1129,1129,1134,1135,1140,2017-07-08 20:10:00,2017-07-08 21:00:00,2017-07-08 21:10:00,2017-07-08 22:00:00,train
1130,1130,1135,1136,1141,2017-07-08 20:20:00,2017-07-08 21:10:00,2017-07-08 21:20:00,2017-07-08 22:10:00,train
1131,1131,1136,1137,1142,2017-07-08 20:30:00,2017-07-08 21:20:00,2017-07-08 21:30:00,2017-07-08 22:20:00,train
1132,1132,1137,1138,1143,2017-07-08 20:40:00,2017-07-08 21:30:00,2017-07-08 21:40:00,2017-07-08 22:30:00,train
1133,1133,1138,1139,1144,2017-07-08 20:50:00,2017-07-08 21:40:00,2017-07-08 21:50:00,2017-07-08 22:40:00,train
1134,1134,1139,1140,1145,2017-07-08 21:00:00,2017-07-08 21:50:00,2017-07-08 22:00:00,2017-07-08 22:50:00,train
1135,1135,1140,1141,1146,2017-07-08 21:10:00,2017-07-08 22:00:00,2017-07-08 22:10:00,2017-07-08 23:00:00,train
1136,1136,1141,1142,1147,2017-07-08 21:20:00,2017-07-08 22:10:00,2017-07-08 22:20:00,2017-07-08 23:10:00,train
1137,1137,1142,1143,1148,2017-07-08 21:30:00,2017-07-08 22:20:00,2017-07-08 22:30:00,2017-07-08 23:20:00,train
1138,1138,1143,1144,1149,2017-07-08 21:40:00,2017-07-08 22:30:00,2017-07-08 22:40:00,2017-07-08 23:30:00,train
1139,1139,1144,1145,1150,2017-07-08 21:50:00,2017-07-08 22:40:00,2017-07-08 22:50:00,2017-07-08 23:40:00,train
1140,1140,1145,1146,1151,2017-07-08 22:00:00,2017-07-08 22:50:00,2017-07-08 23:00:00,2017-07-08 23:50:00,train
1141,1141,1146,1147,1152,2017-07-08 22:10:00,2017-07-08 23:00:00,2017-07-08 23:10:00,2017-07-09 00:00:00,train
1142,1142,1147,1148,1153,2017-07-08 22:20:00,2017-07-08 23:10:00,2017-07-08 23:20:00,2017-07-09 00:10:00,train
1143,1143,1148,1149,1154,2017-07-08 22:30:00,2017-07-08 23:20:00,2017-07-08 23:30:00,2017-07-09 00:20:00,train
1144,1144,1149,1150,1155,2017-07-08 22:40:00,2017-07-08 23:30:00,2017-07-08 23:40:00,2017-07-09 00:30:00,train
1145,1145,1150,1151,1156,2017-07-08 22:50:00,2017-07-08 23:40:00,2017-07-08 23:50:00,2017-07-09 00:40:00,train
1146,1146,1151,1152,1157,2017-07-08 23:00:00,2017-07-08 23:50:00,2017-07-09 00:00:00,2017-07-09 00:50:00,train
1147,1147,1152,1153,1158,2017-07-08 23:10:00,2017-07-09 00:00:00,2017-07-09 00:10:00,2017-07-09 01:00:00,train
1148,1148,1153,1154,1159,2017-07-08 23:20:00,2017-07-09 00:10:00,2017-07-09 00:20:00,2017-07-09 01:10:00,train
1149,1149,1154,1155,1160,2017-07-08 23:30:00,2017-07-09 00:20:00,2017-07-09 00:30:00,2017-07-09 01:20:00,train
1150,1150,1155,1156,1161,2017-07-08 23:40:00,2017-07-09 00:30:00,2017-07-09 00:40:00,2017-07-09 01:30:00,train
1151,1151,1156,1157,1162,2017-07-08 23:50:00,2017-07-09 00:40:00,2017-07-09 00:50:00,2017-07-09 01:40:00,train
1152,1152,1157,1158,1163,2017-07-09 00:00:00,2017-07-09 00:50:00,2017-07-09 01:00:00,2017-07-09 01:50:00,train
1153,1153,1158,1159,1164,2017-07-09 00:10:00,2017-07-09 01:00:00,2017-07-09 01:10:00,2017-07-09 02:00:00,train
1154,1154,1159,1160,1165,2017-07-09 00:20:00,2017-07-09 01:10:00,2017-07-09 01:20:00,2017-07-09 02:10:00,train
1155,1155,1160,1161,1166,2017-07-09 00:30:00,2017-07-09 01:20:00,2017-07-09 01:30:00,2017-07-09 02:20:00,train
1156,1156,1161,1162,1167,2017-07-09 00:40:00,2017-07-09 01:30:00,2017-07-09 01:40:00,2017-07-09 02:30:00,train
1157,1157,1162,1163,1168,2017-07-09 00:50:00,2017-07-09 01:40:00,2017-07-09 01:50:00,2017-07-09 02:40:00,train
1158,1158,1163,1164,1169,2017-07-09 01:00:00,2017-07-09 01:50:00,2017-07-09 02:00:00,2017-07-09 02:50:00,train
1159,1159,1164,1165,1170,2017-07-09 01:10:00,2017-07-09 02:00:00,2017-07-09 02:10:00,2017-07-09 03:00:00,train
1160,1160,1165,1166,1171,2017-07-09 01:20:00,2017-07-09 02:10:00,2017-07-09 02:20:00,2017-07-09 03:10:00,train
1161,1161,1166,1167,1172,2017-07-09 01:30:00,2017-07-09 02:20:00,2017-07-09 02:30:00,2017-07-09 03:20:00,train
1162,1162,1167,1168,1173,2017-07-09 01:40:00,2017-07-09 02:30:00,2017-07-09 02:40:00,2017-07-09 03:30:00,train
1163,1163,1168,1169,1174,2017-07-09 01:50:00,2017-07-09 02:40:00,2017-07-09 02:50:00,2017-07-09 03:40:00,train
1164,1164,1169,1170,1175,2017-07-09 02:00:00,2017-07-09 02:50:00,2017-07-09 03:00:00,2017-07-09 03:50:00,train
1165,1165,1170,1171,1176,2017-07-09 02:10:00,2017-07-09 03:00:00,2017-07-09 03:10:00,2017-07-09 04:00:00,train
1166,1166,1171,1172,1177,2017-07-09 02:20:00,2017-07-09 03:10:00,2017-07-09 03:20:00,2017-07-09 04:10:00,train
1167,1167,1172,1173,1178,2017-07-09 02:30:00,2017-07-09 03:20:00,2017-07-09 03:30:00,2017-07-09 04:20:00,train
1168,1168,1173,1174,1179,2017-07-09 02:40:00,2017-07-09 03:30:00,2017-07-09 03:40:00,2017-07-09 04:30:00,train
1169,1169,1174,1175,1180,2017-07-09 02:50:00,2017-07-09 03:40:00,2017-07-09 03:50:00,2017-07-09 04:40:00,train
1170,1170,1175,1176,1181,2017-07-09 03:00:00,2017-07-09 03:50:00,2017-07-09 04:00:00,2017-07-09 04:50:00,train
1171,1171,1176,1177,1182,2017-07-09 03:10:00,2017-07-09 04:00:00,2017-07-09 04:10:00,2017-07-09 05:00:00,train
1172,1172,1177,1178,1183,2017-07-09 03:20:00,2017-07-09 04:10:00,2017-07-09 04:20:00,2017-07-09 05:10:00,train
1173,1173,1178,1179,1184,2017-07-09 03:30:00,2017-07-09 04:20:00,2017-07-09 04:30:00,2017-07-09 05:20:00,train
1174,1174,1179,1180,1185,2017-07-09 03:40:00,2017-07-09 04:30:00,2017-07-09 04:40:00,2017-07-09 05:30:00,train
1175,1175,1180,1181,1186,2017-07-09 03:50:00,2017-07-09 04:40:00,2017-07-09 04:50:00,2017-07-09 05:40:00,train
1176,1176,1181,1182,1187,2017-07-09 04:00:00,2017-07-09 04:50:00,2017-07-09 05:00:00,2017-07-09 05:50:00,train
1177,1177,1182,1183,1188,2017-07-09 04:10:00,2017-07-09 05:00:00,2017-07-09 05:10:00,2017-07-09 06:00:00,train
1178,1178,1183,1184,1189,2017-07-09 04:20:00,2017-07-09 05:10:00,2017-07-09 05:20:00,2017-07-09 06:10:00,train
1179,1179,1184,1185,1190,2017-07-09 04:30:00,2017-07-09 05:20:00,2017-07-09 05:30:00,2017-07-09 06:20:00,train
1180,1180,1185,1186,1191,2017-07-09 04:40:00,2017-07-09 05:30:00,2017-07-09 05:40:00,2017-07-09 06:30:00,train
1181,1181,1186,1187,1192,2017-07-09 04:50:00,2017-07-09 05:40:00,2017-07-09 05:50:00,2017-07-09 06:40:00,train
1182,1182,1187,1188,1193,2017-07-09 05:00:00,2017-07-09 05:50:00,2017-07-09 06:00:00,2017-07-09 06:50:00,train
1183,1183,1188,1189,1194,2017-07-09 05:10:00,2017-07-09 06:00:00,2017-07-09 06:10:00,2017-07-09 07:00:00,train
1184,1184,1189,1190,1195,2017-07-09 05:20:00,2017-07-09 06:10:00,2017-07-09 06:20:00,2017-07-09 07:10:00,train
1185,1185,1190,1191,1196,2017-07-09 05:30:00,2017-07-09 06:20:00,2017-07-09 06:30:00,2017-07-09 07:20:00,train
1186,1186,1191,1192,1197,2017-07-09 05:40:00,2017-07-09 06:30:00,2017-07-09 06:40:00,2017-07-09 07:30:00,train
1187,1187,1192,1193,1198,2017-07-09 05:50:00,2017-07-09 06:40:00,2017-07-09 06:50:00,2017-07-09 07:40:00,train
1188,1188,1193,1194,1199,2017-07-09 06:00:00,2017-07-09 06:50:00,2017-07-09 07:00:00,2017-07-09 07:50:00,train
1189,1189,1194,1195,1200,2017-07-09 06:10:00,2017-07-09 07:00:00,2017-07-09 07:10:00,2017-07-09 08:00:00,train
1190,1190,1195,1196,1201,2017-07-09 06:20:00,2017-07-09 07:10:00,2017-07-09 07:20:00,2017-07-09 08:10:00,train
1191,1191,1196,1197,1202,2017-07-09 06:30:00,2017-07-09 07:20:00,2017-07-09 07:30:00,2017-07-09 08:20:00,train
1192,1192,1197,1198,1203,2017-07-09 06:40:00,2017-07-09 07:30:00,2017-07-09 07:40:00,2017-07-09 08:30:00,train
1193,1193,1198,1199,1204,2017-07-09 06:50:00,2017-07-09 07:40:00,2017-07-09 07:50:00,2017-07-09 08:40:00,train
1194,1194,1199,1200,1205,2017-07-09 07:00:00,2017-07-09 07:50:00,2017-07-09 08:00:00,2017-07-09 08:50:00,train
1195,1195,1200,1201,1206,2017-07-09 07:10:00,2017-07-09 08:00:00,2017-07-09 08:10:00,2017-07-09 09:00:00,train
1196,1196,1201,1202,1207,2017-07-09 07:20:00,2017-07-09 08:10:00,2017-07-09 08:20:00,2017-07-09 09:10:00,train
1197,1197,1202,1203,1208,2017-07-09 07:30:00,2017-07-09 08:20:00,2017-07-09 08:30:00,2017-07-09 09:20:00,train
1198,1198,1203,1204,1209,2017-07-09 07:40:00,2017-07-09 08:30:00,2017-07-09 08:40:00,2017-07-09 09:30:00,train
1199,1199,1204,1205,1210,2017-07-09 07:50:00,2017-07-09 08:40:00,2017-07-09 08:50:00,2017-07-09 09:40:00,train
1200,1200,1205,1206,1211,2017-07-09 08:00:00,2017-07-09 08:50:00,2017-07-09 09:00:00,2017-07-09 09:50:00,train
1201,1201,1206,1207,1212,2017-07-09 08:10:00,2017-07-09 09:00:00,2017-07-09 09:10:00,2017-07-09 10:00:00,train
1202,1202,1207,1208,1213,2017-07-09 08:20:00,2017-07-09 09:10:00,2017-07-09 09:20:00,2017-07-09 10:10:00,train
1203,1203,1208,1209,1214,2017-07-09 08:30:00,2017-07-09 09:20:00,2017-07-09 09:30:00,2017-07-09 10:20:00,train
1204,1204,1209,1210,1215,2017-07-09 08:40:00,2017-07-09 09:30:00,2017-07-09 09:40:00,2017-07-09 10:30:00,train
1205,1205,1210,1211,1216,2017-07-09 08:50:00,2017-07-09 09:40:00,2017-07-09 09:50:00,2017-07-09 10:40:00,train
1206,1206,1211,1212,1217,2017-07-09 09:00:00,2017-07-09 09:50:00,2017-07-09 10:00:00,2017-07-09 10:50:00,train
1207,1207,1212,1213,1218,2017-07-09 09:10:00,2017-07-09 10:00:00,2017-07-09 10:10:00,2017-07-09 11:00:00,train
1208,1208,1213,1214,1219,2017-07-09 09:20:00,2017-07-09 10:10:00,2017-07-09 10:20:00,2017-07-09 11:10:00,train
1209,1209,1214,1215,1220,2017-07-09 09:30:00,2017-07-09 10:20:00,2017-07-09 10:30:00,2017-07-09 11:20:00,train
1210,1210,1215,1216,1221,2017-07-09 09:40:00,2017-07-09 10:30:00,2017-07-09 10:40:00,2017-07-09 11:30:00,train
1211,1211,1216,1217,1222,2017-07-09 09:50:00,2017-07-09 10:40:00,2017-07-09 10:50:00,2017-07-09 11:40:00,train
1212,1212,1217,1218,1223,2017-07-09 10:00:00,2017-07-09 10:50:00,2017-07-09 11:00:00,2017-07-09 11:50:00,train
1213,1213,1218,1219,1224,2017-07-09 10:10:00,2017-07-09 11:00:00,2017-07-09 11:10:00,2017-07-09 12:00:00,train
1214,1214,1219,1220,1225,2017-07-09 10:20:00,2017-07-09 11:10:00,2017-07-09 11:20:00,2017-07-09 12:10:00,train
1215,1215,1220,1221,1226,2017-07-09 10:30:00,2017-07-09 11:20:00,2017-07-09 11:30:00,2017-07-09 12:20:00,train
1216,1216,1221,1222,1227,2017-07-09 10:40:00,2017-07-09 11:30:00,2017-07-09 11:40:00,2017-07-09 12:30:00,train
1217,1217,1222,1223,1228,2017-07-09 10:50:00,2017-07-09 11:40:00,2017-07-09 11:50:00,2017-07-09 12:40:00,train
1218,1218,1223,1224,1229,2017-07-09 11:00:00,2017-07-09 11:50:00,2017-07-09 12:00:00,2017-07-09 12:50:00,train
1219,1219,1224,1225,1230,2017-07-09 11:10:00,2017-07-09 12:00:00,2017-07-09 12:10:00,2017-07-09 13:00:00,train
1220,1220,1225,1226,1231,2017-07-09 11:20:00,2017-07-09 12:10:00,2017-07-09 12:20:00,2017-07-09 13:10:00,train
1221,1221,1226,1227,1232,2017-07-09 11:30:00,2017-07-09 12:20:00,2017-07-09 12:30:00,2017-07-09 13:20:00,train
1222,1222,1227,1228,1233,2017-07-09 11:40:00,2017-07-09 12:30:00,2017-07-09 12:40:00,2017-07-09 13:30:00,train
1223,1223,1228,1229,1234,2017-07-09 11:50:00,2017-07-09 12:40:00,2017-07-09 12:50:00,2017-07-09 13:40:00,train
1224,1224,1229,1230,1235,2017-07-09 12:00:00,2017-07-09 12:50:00,2017-07-09 13:00:00,2017-07-09 13:50:00,train
1225,1225,1230,1231,1236,2017-07-09 12:10:00,2017-07-09 13:00:00,2017-07-09 13:10:00,2017-07-09 14:00:00,train
1226,1226,1231,1232,1237,2017-07-09 12:20:00,2017-07-09 13:10:00,2017-07-09 13:20:00,2017-07-09 14:10:00,train
1227,1227,1232,1233,1238,2017-07-09 12:30:00,2017-07-09 13:20:00,2017-07-09 13:30:00,2017-07-09 14:20:00,train
1228,1228,1233,1234,1239,2017-07-09 12:40:00,2017-07-09 13:30:00,2017-07-09 13:40:00,2017-07-09 14:30:00,train
1229,1229,1234,1235,1240,2017-07-09 12:50:00,2017-07-09 13:40:00,2017-07-09 13:50:00,2017-07-09 14:40:00,train
1230,1230,1235,1236,1241,2017-07-09 13:00:00,2017-07-09 13:50:00,2017-07-09 14:00:00,2017-07-09 14:50:00,train
1231,1231,1236,1237,1242,2017-07-09 13:10:00,2017-07-09 14:00:00,2017-07-09 14:10:00,2017-07-09 15:00:00,train
1232,1232,1237,1238,1243,2017-07-09 13:20:00,2017-07-09 14:10:00,2017-07-09 14:20:00,2017-07-09 15:10:00,train
1233,1233,1238,1239,1244,2017-07-09 13:30:00,2017-07-09 14:20:00,2017-07-09 14:30:00,2017-07-09 15:20:00,train
1234,1234,1239,1240,1245,2017-07-09 13:40:00,2017-07-09 14:30:00,2017-07-09 14:40:00,2017-07-09 15:30:00,train
1235,1235,1240,1241,1246,2017-07-09 13:50:00,2017-07-09 14:40:00,2017-07-09 14:50:00,2017-07-09 15:40:00,train
1236,1236,1241,1242,1247,2017-07-09 14:00:00,2017-07-09 14:50:00,2017-07-09 15:00:00,2017-07-09 15:50:00,train
1237,1237,1242,1243,1248,2017-07-09 14:10:00,2017-07-09 15:00:00,2017-07-09 15:10:00,2017-07-09 16:00:00,train
1238,1238,1243,1244,1249,2017-07-09 14:20:00,2017-07-09 15:10:00,2017-07-09 15:20:00,2017-07-09 16:10:00,train
1239,1239,1244,1245,1250,2017-07-09 14:30:00,2017-07-09 15:20:00,2017-07-09 15:30:00,2017-07-09 16:20:00,train
1240,1240,1245,1246,1251,2017-07-09 14:40:00,2017-07-09 15:30:00,2017-07-09 15:40:00,2017-07-09 16:30:00,train
1241,1241,1246,1247,1252,2017-07-09 14:50:00,2017-07-09 15:40:00,2017-07-09 15:50:00,2017-07-09 16:40:00,train
1242,1242,1247,1248,1253,2017-07-09 15:00:00,2017-07-09 15:50:00,2017-07-09 16:00:00,2017-07-09 16:50:00,train
1243,1243,1248,1249,1254,2017-07-09 15:10:00,2017-07-09 16:00:00,2017-07-09 16:10:00,2017-07-09 17:00:00,train
1244,1244,1249,1250,1255,2017-07-09 15:20:00,2017-07-09 16:10:00,2017-07-09 16:20:00,2017-07-09 17:10:00,train
1245,1245,1250,1251,1256,2017-07-09 15:30:00,2017-07-09 16:20:00,2017-07-09 16:30:00,2017-07-09 17:20:00,train
1246,1246,1251,1252,1257,2017-07-09 15:40:00,2017-07-09 16:30:00,2017-07-09 16:40:00,2017-07-09 17:30:00,train
1247,1247,1252,1253,1258,2017-07-09 15:50:00,2017-07-09 16:40:00,2017-07-09 16:50:00,2017-07-09 17:40:00,train
1248,1248,1253,1254,1259,2017-07-09 16:00:00,2017-07-09 16:50:00,2017-07-09 17:00:00,2017-07-09 17:50:00,train
1249,1249,1254,1255,1260,2017-07-09 16:10:00,2017-07-09 17:00:00,2017-07-09 17:10:00,2017-07-09 18:00:00,train
1250,1250,1255,1256,1261,2017-07-09 16:20:00,2017-07-09 17:10:00,2017-07-09 17:20:00,2017-07-09 18:10:00,train
1251,1251,1256,1257,1262,2017-07-09 16:30:00,2017-07-09 17:20:00,2017-07-09 17:30:00,2017-07-09 18:20:00,train
1252,1252,1257,1258,1263,2017-07-09 16:40:00,2017-07-09 17:30:00,2017-07-09 17:40:00,2017-07-09 18:30:00,train
1253,1253,1258,1259,1264,2017-07-09 16:50:00,2017-07-09 17:40:00,2017-07-09 17:50:00,2017-07-09 18:40:00,train
1254,1254,1259,1260,1265,2017-07-09 17:00:00,2017-07-09 17:50:00,2017-07-09 18:00:00,2017-07-09 18:50:00,train
1255,1255,1260,1261,1266,2017-07-09 17:10:00,2017-07-09 18:00:00,2017-07-09 18:10:00,2017-07-09 19:00:00,train
1256,1256,1261,1262,1267,2017-07-09 17:20:00,2017-07-09 18:10:00,2017-07-09 18:20:00,2017-07-09 19:10:00,train
1257,1257,1262,1263,1268,2017-07-09 17:30:00,2017-07-09 18:20:00,2017-07-09 18:30:00,2017-07-09 19:20:00,train
1258,1258,1263,1264,1269,2017-07-09 17:40:00,2017-07-09 18:30:00,2017-07-09 18:40:00,2017-07-09 19:30:00,train
1259,1259,1264,1265,1270,2017-07-09 17:50:00,2017-07-09 18:40:00,2017-07-09 18:50:00,2017-07-09 19:40:00,train
1260,1260,1265,1266,1271,2017-07-09 18:00:00,2017-07-09 18:50:00,2017-07-09 19:00:00,2017-07-09 19:50:00,train
1261,1261,1266,1267,1272,2017-07-09 18:10:00,2017-07-09 19:00:00,2017-07-09 19:10:00,2017-07-09 20:00:00,train
1262,1262,1267,1268,1273,2017-07-09 18:20:00,2017-07-09 19:10:00,2017-07-09 19:20:00,2017-07-09 20:10:00,train
1263,1263,1268,1269,1274,2017-07-09 18:30:00,2017-07-09 19:20:00,2017-07-09 19:30:00,2017-07-09 20:20:00,train
1264,1264,1269,1270,1275,2017-07-09 18:40:00,2017-07-09 19:30:00,2017-07-09 19:40:00,2017-07-09 20:30:00,train
1265,1265,1270,1271,1276,2017-07-09 18:50:00,2017-07-09 19:40:00,2017-07-09 19:50:00,2017-07-09 20:40:00,train
1266,1266,1271,1272,1277,2017-07-09 19:00:00,2017-07-09 19:50:00,2017-07-09 20:00:00,2017-07-09 20:50:00,train
1267,1267,1272,1273,1278,2017-07-09 19:10:00,2017-07-09 20:00:00,2017-07-09 20:10:00,2017-07-09 21:00:00,train
1268,1268,1273,1274,1279,2017-07-09 19:20:00,2017-07-09 20:10:00,2017-07-09 20:20:00,2017-07-09 21:10:00,train
1269,1269,1274,1275,1280,2017-07-09 19:30:00,2017-07-09 20:20:00,2017-07-09 20:30:00,2017-07-09 21:20:00,train
1270,1270,1275,1276,1281,2017-07-09 19:40:00,2017-07-09 20:30:00,2017-07-09 20:40:00,2017-07-09 21:30:00,train
1271,1271,1276,1277,1282,2017-07-09 19:50:00,2017-07-09 20:40:00,2017-07-09 20:50:00,2017-07-09 21:40:00,train
1272,1272,1277,1278,1283,2017-07-09 20:00:00,2017-07-09 20:50:00,2017-07-09 21:00:00,2017-07-09 21:50:00,train
1273,1273,1278,1279,1284,2017-07-09 20:10:00,2017-07-09 21:00:00,2017-07-09 21:10:00,2017-07-09 22:00:00,train
1274,1274,1279,1280,1285,2017-07-09 20:20:00,2017-07-09 21:10:00,2017-07-09 21:20:00,2017-07-09 22:10:00,train
1275,1275,1280,1281,1286,2017-07-09 20:30:00,2017-07-09 21:20:00,2017-07-09 21:30:00,2017-07-09 22:20:00,train
1276,1276,1281,1282,1287,2017-07-09 20:40:00,2017-07-09 21:30:00,2017-07-09 21:40:00,2017-07-09 22:30:00,train
1277,1277,1282,1283,1288,2017-07-09 20:50:00,2017-07-09 21:40:00,2017-07-09 21:50:00,2017-07-09 22:40:00,train
1278,1278,1283,1284,1289,2017-07-09 21:00:00,2017-07-09 21:50:00,2017-07-09 22:00:00,2017-07-09 22:50:00,train
1279,1279,1284,1285,1290,2017-07-09 21:10:00,2017-07-09 22:00:00,2017-07-09 22:10:00,2017-07-09 23:00:00,train
1280,1280,1285,1286,1291,2017-07-09 21:20:00,2017-07-09 22:10:00,2017-07-09 22:20:00,2017-07-09 23:10:00,train
1281,1281,1286,1287,1292,2017-07-09 21:30:00,2017-07-09 22:20:00,2017-07-09 22:30:00,2017-07-09 23:20:00,train
1282,1282,1287,1288,1293,2017-07-09 21:40:00,2017-07-09 22:30:00,2017-07-09 22:40:00,2017-07-09 23:30:00,train
1283,1283,1288,1289,1294,2017-07-09 21:50:00,2017-07-09 22:40:00,2017-07-09 22:50:00,2017-07-09 23:40:00,train
1284,1284,1289,1290,1295,2017-07-09 22:00:00,2017-07-09 22:50:00,2017-07-09 23:00:00,2017-07-09 23:50:00,train
1285,1285,1290,1291,1296,2017-07-09 22:10:00,2017-07-09 23:00:00,2017-07-09 23:10:00,2017-07-10 00:00:00,train
1286,1286,1291,1292,1297,2017-07-09 22:20:00,2017-07-09 23:10:00,2017-07-09 23:20:00,2017-07-10 00:10:00,train
1287,1287,1292,1293,1298,2017-07-09 22:30:00,2017-07-09 23:20:00,2017-07-09 23:30:00,2017-07-10 00:20:00,train
1288,1288,1293,1294,1299,2017-07-09 22:40:00,2017-07-09 23:30:00,2017-07-09 23:40:00,2017-07-10 00:30:00,train
1289,1289,1294,1295,1300,2017-07-09 22:50:00,2017-07-09 23:40:00,2017-07-09 23:50:00,2017-07-10 00:40:00,train
1290,1290,1295,1296,1301,2017-07-09 23:00:00,2017-07-09 23:50:00,2017-07-10 00:00:00,2017-07-10 00:50:00,train
1291,1291,1296,1297,1302,2017-07-09 23:10:00,2017-07-10 00:00:00,2017-07-10 00:10:00,2017-07-10 01:00:00,train
1292,1292,1297,1298,1303,2017-07-09 23:20:00,2017-07-10 00:10:00,2017-07-10 00:20:00,2017-07-10 01:10:00,train
1293,1293,1298,1299,1304,2017-07-09 23:30:00,2017-07-10 00:20:00,2017-07-10 00:30:00,2017-07-10 01:20:00,train
1294,1294,1299,1300,1305,2017-07-09 23:40:00,2017-07-10 00:30:00,2017-07-10 00:40:00,2017-07-10 01:30:00,train
1295,1295,1300,1301,1306,2017-07-09 23:50:00,2017-07-10 00:40:00,2017-07-10 00:50:00,2017-07-10 01:40:00,train
1296,1296,1301,1302,1307,2017-07-10 00:00:00,2017-07-10 00:50:00,2017-07-10 01:00:00,2017-07-10 01:50:00,train
1297,1297,1302,1303,1308,2017-07-10 00:10:00,2017-07-10 01:00:00,2017-07-10 01:10:00,2017-07-10 02:00:00,train
1298,1298,1303,1304,1309,2017-07-10 00:20:00,2017-07-10 01:10:00,2017-07-10 01:20:00,2017-07-10 02:10:00,train
1299,1299,1304,1305,1310,2017-07-10 00:30:00,2017-07-10 01:20:00,2017-07-10 01:30:00,2017-07-10 02:20:00,train
1300,1300,1305,1306,1311,2017-07-10 00:40:00,2017-07-10 01:30:00,2017-07-10 01:40:00,2017-07-10 02:30:00,train
1301,1301,1306,1307,1312,2017-07-10 00:50:00,2017-07-10 01:40:00,2017-07-10 01:50:00,2017-07-10 02:40:00,train
1302,1302,1307,1308,1313,2017-07-10 01:00:00,2017-07-10 01:50:00,2017-07-10 02:00:00,2017-07-10 02:50:00,train
1303,1303,1308,1309,1314,2017-07-10 01:10:00,2017-07-10 02:00:00,2017-07-10 02:10:00,2017-07-10 03:00:00,train
1304,1304,1309,1310,1315,2017-07-10 01:20:00,2017-07-10 02:10:00,2017-07-10 02:20:00,2017-07-10 03:10:00,train
1305,1305,1310,1311,1316,2017-07-10 01:30:00,2017-07-10 02:20:00,2017-07-10 02:30:00,2017-07-10 03:20:00,train
1306,1306,1311,1312,1317,2017-07-10 01:40:00,2017-07-10 02:30:00,2017-07-10 02:40:00,2017-07-10 03:30:00,train
1307,1307,1312,1313,1318,2017-07-10 01:50:00,2017-07-10 02:40:00,2017-07-10 02:50:00,2017-07-10 03:40:00,train
1308,1308,1313,1314,1319,2017-07-10 02:00:00,2017-07-10 02:50:00,2017-07-10 03:00:00,2017-07-10 03:50:00,train
1309,1309,1314,1315,1320,2017-07-10 02:10:00,2017-07-10 03:00:00,2017-07-10 03:10:00,2017-07-10 04:00:00,train
1310,1310,1315,1316,1321,2017-07-10 02:20:00,2017-07-10 03:10:00,2017-07-10 03:20:00,2017-07-10 04:10:00,train
1311,1311,1316,1317,1322,2017-07-10 02:30:00,2017-07-10 03:20:00,2017-07-10 03:30:00,2017-07-10 04:20:00,train
1312,1312,1317,1318,1323,2017-07-10 02:40:00,2017-07-10 03:30:00,2017-07-10 03:40:00,2017-07-10 04:30:00,train
1313,1313,1318,1319,1324,2017-07-10 02:50:00,2017-07-10 03:40:00,2017-07-10 03:50:00,2017-07-10 04:40:00,train
1314,1314,1319,1320,1325,2017-07-10 03:00:00,2017-07-10 03:50:00,2017-07-10 04:00:00,2017-07-10 04:50:00,train
1315,1315,1320,1321,1326,2017-07-10 03:10:00,2017-07-10 04:00:00,2017-07-10 04:10:00,2017-07-10 05:00:00,train
1316,1316,1321,1322,1327,2017-07-10 03:20:00,2017-07-10 04:10:00,2017-07-10 04:20:00,2017-07-10 05:10:00,train
1317,1317,1322,1323,1328,2017-07-10 03:30:00,2017-07-10 04:20:00,2017-07-10 04:30:00,2017-07-10 05:20:00,train
1318,1318,1323,1324,1329,2017-07-10 03:40:00,2017-07-10 04:30:00,2017-07-10 04:40:00,2017-07-10 05:30:00,train
1319,1319,1324,1325,1330,2017-07-10 03:50:00,2017-07-10 04:40:00,2017-07-10 04:50:00,2017-07-10 05:40:00,train
1320,1320,1325,1326,1331,2017-07-10 04:00:00,2017-07-10 04:50:00,2017-07-10 05:00:00,2017-07-10 05:50:00,train
1321,1321,1326,1327,1332,2017-07-10 04:10:00,2017-07-10 05:00:00,2017-07-10 05:10:00,2017-07-10 06:00:00,train
1322,1322,1327,1328,1333,2017-07-10 04:20:00,2017-07-10 05:10:00,2017-07-10 05:20:00,2017-07-10 06:10:00,train
1323,1323,1328,1329,1334,2017-07-10 04:30:00,2017-07-10 05:20:00,2017-07-10 05:30:00,2017-07-10 06:20:00,train
1324,1324,1329,1330,1335,2017-07-10 04:40:00,2017-07-10 05:30:00,2017-07-10 05:40:00,2017-07-10 06:30:00,train
1325,1325,1330,1331,1336,2017-07-10 04:50:00,2017-07-10 05:40:00,2017-07-10 05:50:00,2017-07-10 06:40:00,train
1326,1326,1331,1332,1337,2017-07-10 05:00:00,2017-07-10 05:50:00,2017-07-10 06:00:00,2017-07-10 06:50:00,train
1327,1327,1332,1333,1338,2017-07-10 05:10:00,2017-07-10 06:00:00,2017-07-10 06:10:00,2017-07-10 07:00:00,train
1328,1328,1333,1334,1339,2017-07-10 05:20:00,2017-07-10 06:10:00,2017-07-10 06:20:00,2017-07-10 07:10:00,train
1329,1329,1334,1335,1340,2017-07-10 05:30:00,2017-07-10 06:20:00,2017-07-10 06:30:00,2017-07-10 07:20:00,train
1330,1330,1335,1336,1341,2017-07-10 05:40:00,2017-07-10 06:30:00,2017-07-10 06:40:00,2017-07-10 07:30:00,train
1331,1331,1336,1337,1342,2017-07-10 05:50:00,2017-07-10 06:40:00,2017-07-10 06:50:00,2017-07-10 07:40:00,train
1332,1332,1337,1338,1343,2017-07-10 06:00:00,2017-07-10 06:50:00,2017-07-10 07:00:00,2017-07-10 07:50:00,train
1333,1333,1338,1339,1344,2017-07-10 06:10:00,2017-07-10 07:00:00,2017-07-10 07:10:00,2017-07-10 08:00:00,train
1334,1334,1339,1340,1345,2017-07-10 06:20:00,2017-07-10 07:10:00,2017-07-10 07:20:00,2017-07-10 08:10:00,train
1335,1335,1340,1341,1346,2017-07-10 06:30:00,2017-07-10 07:20:00,2017-07-10 07:30:00,2017-07-10 08:20:00,train
1336,1336,1341,1342,1347,2017-07-10 06:40:00,2017-07-10 07:30:00,2017-07-10 07:40:00,2017-07-10 08:30:00,train
1337,1337,1342,1343,1348,2017-07-10 06:50:00,2017-07-10 07:40:00,2017-07-10 07:50:00,2017-07-10 08:40:00,train
1338,1338,1343,1344,1349,2017-07-10 07:00:00,2017-07-10 07:50:00,2017-07-10 08:00:00,2017-07-10 08:50:00,train
1339,1339,1344,1345,1350,2017-07-10 07:10:00,2017-07-10 08:00:00,2017-07-10 08:10:00,2017-07-10 09:00:00,train
1340,1340,1345,1346,1351,2017-07-10 07:20:00,2017-07-10 08:10:00,2017-07-10 08:20:00,2017-07-10 09:10:00,train
1341,1341,1346,1347,1352,2017-07-10 07:30:00,2017-07-10 08:20:00,2017-07-10 08:30:00,2017-07-10 09:20:00,train
1342,1342,1347,1348,1353,2017-07-10 07:40:00,2017-07-10 08:30:00,2017-07-10 08:40:00,2017-07-10 09:30:00,train
1343,1343,1348,1349,1354,2017-07-10 07:50:00,2017-07-10 08:40:00,2017-07-10 08:50:00,2017-07-10 09:40:00,train
1344,1344,1349,1350,1355,2017-07-10 08:00:00,2017-07-10 08:50:00,2017-07-10 09:00:00,2017-07-10 09:50:00,train
1345,1345,1350,1351,1356,2017-07-10 08:10:00,2017-07-10 09:00:00,2017-07-10 09:10:00,2017-07-10 10:00:00,train
1346,1346,1351,1352,1357,2017-07-10 08:20:00,2017-07-10 09:10:00,2017-07-10 09:20:00,2017-07-10 10:10:00,train
1347,1347,1352,1353,1358,2017-07-10 08:30:00,2017-07-10 09:20:00,2017-07-10 09:30:00,2017-07-10 10:20:00,train
1348,1348,1353,1354,1359,2017-07-10 08:40:00,2017-07-10 09:30:00,2017-07-10 09:40:00,2017-07-10 10:30:00,train
1349,1349,1354,1355,1360,2017-07-10 08:50:00,2017-07-10 09:40:00,2017-07-10 09:50:00,2017-07-10 10:40:00,train
1350,1350,1355,1356,1361,2017-07-10 09:00:00,2017-07-10 09:50:00,2017-07-10 10:00:00,2017-07-10 10:50:00,train
1351,1351,1356,1357,1362,2017-07-10 09:10:00,2017-07-10 10:00:00,2017-07-10 10:10:00,2017-07-10 11:00:00,train
1352,1352,1357,1358,1363,2017-07-10 09:20:00,2017-07-10 10:10:00,2017-07-10 10:20:00,2017-07-10 11:10:00,train
1353,1353,1358,1359,1364,2017-07-10 09:30:00,2017-07-10 10:20:00,2017-07-10 10:30:00,2017-07-10 11:20:00,train
1354,1354,1359,1360,1365,2017-07-10 09:40:00,2017-07-10 10:30:00,2017-07-10 10:40:00,2017-07-10 11:30:00,train
1355,1355,1360,1361,1366,2017-07-10 09:50:00,2017-07-10 10:40:00,2017-07-10 10:50:00,2017-07-10 11:40:00,train
1356,1356,1361,1362,1367,2017-07-10 10:00:00,2017-07-10 10:50:00,2017-07-10 11:00:00,2017-07-10 11:50:00,train
1357,1357,1362,1363,1368,2017-07-10 10:10:00,2017-07-10 11:00:00,2017-07-10 11:10:00,2017-07-10 12:00:00,train
1358,1358,1363,1364,1369,2017-07-10 10:20:00,2017-07-10 11:10:00,2017-07-10 11:20:00,2017-07-10 12:10:00,train
1359,1359,1364,1365,1370,2017-07-10 10:30:00,2017-07-10 11:20:00,2017-07-10 11:30:00,2017-07-10 12:20:00,train
1360,1360,1365,1366,1371,2017-07-10 10:40:00,2017-07-10 11:30:00,2017-07-10 11:40:00,2017-07-10 12:30:00,train
1361,1361,1366,1367,1372,2017-07-10 10:50:00,2017-07-10 11:40:00,2017-07-10 11:50:00,2017-07-10 12:40:00,train
1362,1362,1367,1368,1373,2017-07-10 11:00:00,2017-07-10 11:50:00,2017-07-10 12:00:00,2017-07-10 12:50:00,train
1363,1363,1368,1369,1374,2017-07-10 11:10:00,2017-07-10 12:00:00,2017-07-10 12:10:00,2017-07-10 13:00:00,train
1364,1364,1369,1370,1375,2017-07-10 11:20:00,2017-07-10 12:10:00,2017-07-10 12:20:00,2017-07-10 13:10:00,train
1365,1365,1370,1371,1376,2017-07-10 11:30:00,2017-07-10 12:20:00,2017-07-10 12:30:00,2017-07-10 13:20:00,train
1366,1366,1371,1372,1377,2017-07-10 11:40:00,2017-07-10 12:30:00,2017-07-10 12:40:00,2017-07-10 13:30:00,train
1367,1367,1372,1373,1378,2017-07-10 11:50:00,2017-07-10 12:40:00,2017-07-10 12:50:00,2017-07-10 13:40:00,train
1368,1368,1373,1374,1379,2017-07-10 12:00:00,2017-07-10 12:50:00,2017-07-10 13:00:00,2017-07-10 13:50:00,train
1369,1369,1374,1375,1380,2017-07-10 12:10:00,2017-07-10 13:00:00,2017-07-10 13:10:00,2017-07-10 14:00:00,train
1370,1370,1375,1376,1381,2017-07-10 12:20:00,2017-07-10 13:10:00,2017-07-10 13:20:00,2017-07-10 14:10:00,train
1371,1371,1376,1377,1382,2017-07-10 12:30:00,2017-07-10 13:20:00,2017-07-10 13:30:00,2017-07-10 14:20:00,train
1372,1372,1377,1378,1383,2017-07-10 12:40:00,2017-07-10 13:30:00,2017-07-10 13:40:00,2017-07-10 14:30:00,train
1373,1373,1378,1379,1384,2017-07-10 12:50:00,2017-07-10 13:40:00,2017-07-10 13:50:00,2017-07-10 14:40:00,train
1374,1374,1379,1380,1385,2017-07-10 13:00:00,2017-07-10 13:50:00,2017-07-10 14:00:00,2017-07-10 14:50:00,train
1375,1375,1380,1381,1386,2017-07-10 13:10:00,2017-07-10 14:00:00,2017-07-10 14:10:00,2017-07-10 15:00:00,train
1376,1376,1381,1382,1387,2017-07-10 13:20:00,2017-07-10 14:10:00,2017-07-10 14:20:00,2017-07-10 15:10:00,train
1377,1377,1382,1383,1388,2017-07-10 13:30:00,2017-07-10 14:20:00,2017-07-10 14:30:00,2017-07-10 15:20:00,train
1378,1378,1383,1384,1389,2017-07-10 13:40:00,2017-07-10 14:30:00,2017-07-10 14:40:00,2017-07-10 15:30:00,train
1379,1379,1384,1385,1390,2017-07-10 13:50:00,2017-07-10 14:40:00,2017-07-10 14:50:00,2017-07-10 15:40:00,train
1380,1380,1385,1386,1391,2017-07-10 14:00:00,2017-07-10 14:50:00,2017-07-10 15:00:00,2017-07-10 15:50:00,train
1381,1381,1386,1387,1392,2017-07-10 14:10:00,2017-07-10 15:00:00,2017-07-10 15:10:00,2017-07-10 16:00:00,train
1382,1382,1387,1388,1393,2017-07-10 14:20:00,2017-07-10 15:10:00,2017-07-10 15:20:00,2017-07-10 16:10:00,train
1383,1383,1388,1389,1394,2017-07-10 14:30:00,2017-07-10 15:20:00,2017-07-10 15:30:00,2017-07-10 16:20:00,train
1384,1384,1389,1390,1395,2017-07-10 14:40:00,2017-07-10 15:30:00,2017-07-10 15:40:00,2017-07-10 16:30:00,train
1385,1385,1390,1391,1396,2017-07-10 14:50:00,2017-07-10 15:40:00,2017-07-10 15:50:00,2017-07-10 16:40:00,train
1386,1386,1391,1392,1397,2017-07-10 15:00:00,2017-07-10 15:50:00,2017-07-10 16:00:00,2017-07-10 16:50:00,train
1387,1387,1392,1393,1398,2017-07-10 15:10:00,2017-07-10 16:00:00,2017-07-10 16:10:00,2017-07-10 17:00:00,train
1388,1388,1393,1394,1399,2017-07-10 15:20:00,2017-07-10 16:10:00,2017-07-10 16:20:00,2017-07-10 17:10:00,train
1389,1389,1394,1395,1400,2017-07-10 15:30:00,2017-07-10 16:20:00,2017-07-10 16:30:00,2017-07-10 17:20:00,train
1390,1390,1395,1396,1401,2017-07-10 15:40:00,2017-07-10 16:30:00,2017-07-10 16:40:00,2017-07-10 17:30:00,train
1391,1391,1396,1397,1402,2017-07-10 15:50:00,2017-07-10 16:40:00,2017-07-10 16:50:00,2017-07-10 17:40:00,train
1392,1392,1397,1398,1403,2017-07-10 16:00:00,2017-07-10 16:50:00,2017-07-10 17:00:00,2017-07-10 17:50:00,train
1393,1393,1398,1399,1404,2017-07-10 16:10:00,2017-07-10 17:00:00,2017-07-10 17:10:00,2017-07-10 18:00:00,train
1394,1394,1399,1400,1405,2017-07-10 16:20:00,2017-07-10 17:10:00,2017-07-10 17:20:00,2017-07-10 18:10:00,train
1395,1395,1400,1401,1406,2017-07-10 16:30:00,2017-07-10 17:20:00,2017-07-10 17:30:00,2017-07-10 18:20:00,train
1396,1396,1401,1402,1407,2017-07-10 16:40:00,2017-07-10 17:30:00,2017-07-10 17:40:00,2017-07-10 18:30:00,train
1397,1397,1402,1403,1408,2017-07-10 16:50:00,2017-07-10 17:40:00,2017-07-10 17:50:00,2017-07-10 18:40:00,train
1398,1398,1403,1404,1409,2017-07-10 17:00:00,2017-07-10 17:50:00,2017-07-10 18:00:00,2017-07-10 18:50:00,train
1399,1399,1404,1405,1410,2017-07-10 17:10:00,2017-07-10 18:00:00,2017-07-10 18:10:00,2017-07-10 19:00:00,train
1400,1400,1405,1406,1411,2017-07-10 17:20:00,2017-07-10 18:10:00,2017-07-10 18:20:00,2017-07-10 19:10:00,train
1401,1401,1406,1407,1412,2017-07-10 17:30:00,2017-07-10 18:20:00,2017-07-10 18:30:00,2017-07-10 19:20:00,train
1402,1402,1407,1408,1413,2017-07-10 17:40:00,2017-07-10 18:30:00,2017-07-10 18:40:00,2017-07-10 19:30:00,train
1403,1403,1408,1409,1414,2017-07-10 17:50:00,2017-07-10 18:40:00,2017-07-10 18:50:00,2017-07-10 19:40:00,train
1404,1404,1409,1410,1415,2017-07-10 18:00:00,2017-07-10 18:50:00,2017-07-10 19:00:00,2017-07-10 19:50:00,train
1405,1405,1410,1411,1416,2017-07-10 18:10:00,2017-07-10 19:00:00,2017-07-10 19:10:00,2017-07-10 20:00:00,train
1406,1406,1411,1412,1417,2017-07-10 18:20:00,2017-07-10 19:10:00,2017-07-10 19:20:00,2017-07-10 20:10:00,train
1407,1407,1412,1413,1418,2017-07-10 18:30:00,2017-07-10 19:20:00,2017-07-10 19:30:00,2017-07-10 20:20:00,train
1408,1408,1413,1414,1419,2017-07-10 18:40:00,2017-07-10 19:30:00,2017-07-10 19:40:00,2017-07-10 20:30:00,train
1409,1409,1414,1415,1420,2017-07-10 18:50:00,2017-07-10 19:40:00,2017-07-10 19:50:00,2017-07-10 20:40:00,train
1410,1410,1415,1416,1421,2017-07-10 19:00:00,2017-07-10 19:50:00,2017-07-10 20:00:00,2017-07-10 20:50:00,train
1411,1411,1416,1417,1422,2017-07-10 19:10:00,2017-07-10 20:00:00,2017-07-10 20:10:00,2017-07-10 21:00:00,train
1412,1412,1417,1418,1423,2017-07-10 19:20:00,2017-07-10 20:10:00,2017-07-10 20:20:00,2017-07-10 21:10:00,train
1413,1413,1418,1419,1424,2017-07-10 19:30:00,2017-07-10 20:20:00,2017-07-10 20:30:00,2017-07-10 21:20:00,train
1414,1414,1419,1420,1425,2017-07-10 19:40:00,2017-07-10 20:30:00,2017-07-10 20:40:00,2017-07-10 21:30:00,train
1415,1415,1420,1421,1426,2017-07-10 19:50:00,2017-07-10 20:40:00,2017-07-10 20:50:00,2017-07-10 21:40:00,train
1416,1416,1421,1422,1427,2017-07-10 20:00:00,2017-07-10 20:50:00,2017-07-10 21:00:00,2017-07-10 21:50:00,train
1417,1417,1422,1423,1428,2017-07-10 20:10:00,2017-07-10 21:00:00,2017-07-10 21:10:00,2017-07-10 22:00:00,train
1418,1418,1423,1424,1429,2017-07-10 20:20:00,2017-07-10 21:10:00,2017-07-10 21:20:00,2017-07-10 22:10:00,train
1419,1419,1424,1425,1430,2017-07-10 20:30:00,2017-07-10 21:20:00,2017-07-10 21:30:00,2017-07-10 22:20:00,train
1420,1420,1425,1426,1431,2017-07-10 20:40:00,2017-07-10 21:30:00,2017-07-10 21:40:00,2017-07-10 22:30:00,train
1421,1421,1426,1427,1432,2017-07-10 20:50:00,2017-07-10 21:40:00,2017-07-10 21:50:00,2017-07-10 22:40:00,train
1422,1422,1427,1428,1433,2017-07-10 21:00:00,2017-07-10 21:50:00,2017-07-10 22:00:00,2017-07-10 22:50:00,train
1423,1423,1428,1429,1434,2017-07-10 21:10:00,2017-07-10 22:00:00,2017-07-10 22:10:00,2017-07-10 23:00:00,train
1424,1424,1429,1430,1435,2017-07-10 21:20:00,2017-07-10 22:10:00,2017-07-10 22:20:00,2017-07-10 23:10:00,train
1425,1425,1430,1431,1436,2017-07-10 21:30:00,2017-07-10 22:20:00,2017-07-10 22:30:00,2017-07-10 23:20:00,train
1426,1426,1431,1432,1437,2017-07-10 21:40:00,2017-07-10 22:30:00,2017-07-10 22:40:00,2017-07-10 23:30:00,train
1427,1427,1432,1433,1438,2017-07-10 21:50:00,2017-07-10 22:40:00,2017-07-10 22:50:00,2017-07-10 23:40:00,train
1428,1428,1433,1434,1439,2017-07-10 22:00:00,2017-07-10 22:50:00,2017-07-10 23:00:00,2017-07-10 23:50:00,train
1429,1429,1434,1435,1440,2017-07-10 22:10:00,2017-07-10 23:00:00,2017-07-10 23:10:00,2017-07-11 00:00:00,train
1430,1430,1435,1436,1441,2017-07-10 22:20:00,2017-07-10 23:10:00,2017-07-10 23:20:00,2017-07-11 00:10:00,train
1431,1431,1436,1437,1442,2017-07-10 22:30:00,2017-07-10 23:20:00,2017-07-10 23:30:00,2017-07-11 00:20:00,train
1432,1432,1437,1438,1443,2017-07-10 22:40:00,2017-07-10 23:30:00,2017-07-10 23:40:00,2017-07-11 00:30:00,train
1433,1433,1438,1439,1444,2017-07-10 22:50:00,2017-07-10 23:40:00,2017-07-10 23:50:00,2017-07-11 00:40:00,train
1434,1434,1439,1440,1445,2017-07-10 23:00:00,2017-07-10 23:50:00,2017-07-11 00:00:00,2017-07-11 00:50:00,train
1435,1435,1440,1441,1446,2017-07-10 23:10:00,2017-07-11 00:00:00,2017-07-11 00:10:00,2017-07-11 01:00:00,train
1436,1436,1441,1442,1447,2017-07-10 23:20:00,2017-07-11 00:10:00,2017-07-11 00:20:00,2017-07-11 01:10:00,train
1437,1437,1442,1443,1448,2017-07-10 23:30:00,2017-07-11 00:20:00,2017-07-11 00:30:00,2017-07-11 01:20:00,train
1438,1438,1443,1444,1449,2017-07-10 23:40:00,2017-07-11 00:30:00,2017-07-11 00:40:00,2017-07-11 01:30:00,train
1439,1439,1444,1445,1450,2017-07-10 23:50:00,2017-07-11 00:40:00,2017-07-11 00:50:00,2017-07-11 01:40:00,train
1440,1440,1445,1446,1451,2017-07-11 00:00:00,2017-07-11 00:50:00,2017-07-11 01:00:00,2017-07-11 01:50:00,train
1441,1441,1446,1447,1452,2017-07-11 00:10:00,2017-07-11 01:00:00,2017-07-11 01:10:00,2017-07-11 02:00:00,train
1442,1442,1447,1448,1453,2017-07-11 00:20:00,2017-07-11 01:10:00,2017-07-11 01:20:00,2017-07-11 02:10:00,train
1443,1443,1448,1449,1454,2017-07-11 00:30:00,2017-07-11 01:20:00,2017-07-11 01:30:00,2017-07-11 02:20:00,train
1444,1444,1449,1450,1455,2017-07-11 00:40:00,2017-07-11 01:30:00,2017-07-11 01:40:00,2017-07-11 02:30:00,train
1445,1445,1450,1451,1456,2017-07-11 00:50:00,2017-07-11 01:40:00,2017-07-11 01:50:00,2017-07-11 02:40:00,train
1446,1446,1451,1452,1457,2017-07-11 01:00:00,2017-07-11 01:50:00,2017-07-11 02:00:00,2017-07-11 02:50:00,train
1447,1447,1452,1453,1458,2017-07-11 01:10:00,2017-07-11 02:00:00,2017-07-11 02:10:00,2017-07-11 03:00:00,train
1448,1448,1453,1454,1459,2017-07-11 01:20:00,2017-07-11 02:10:00,2017-07-11 02:20:00,2017-07-11 03:10:00,train
1449,1449,1454,1455,1460,2017-07-11 01:30:00,2017-07-11 02:20:00,2017-07-11 02:30:00,2017-07-11 03:20:00,train
1450,1450,1455,1456,1461,2017-07-11 01:40:00,2017-07-11 02:30:00,2017-07-11 02:40:00,2017-07-11 03:30:00,train
1451,1451,1456,1457,1462,2017-07-11 01:50:00,2017-07-11 02:40:00,2017-07-11 02:50:00,2017-07-11 03:40:00,train
1452,1452,1457,1458,1463,2017-07-11 02:00:00,2017-07-11 02:50:00,2017-07-11 03:00:00,2017-07-11 03:50:00,train
1453,1453,1458,1459,1464,2017-07-11 02:10:00,2017-07-11 03:00:00,2017-07-11 03:10:00,2017-07-11 04:00:00,train
1454,1454,1459,1460,1465,2017-07-11 02:20:00,2017-07-11 03:10:00,2017-07-11 03:20:00,2017-07-11 04:10:00,train
1455,1455,1460,1461,1466,2017-07-11 02:30:00,2017-07-11 03:20:00,2017-07-11 03:30:00,2017-07-11 04:20:00,train
1456,1456,1461,1462,1467,2017-07-11 02:40:00,2017-07-11 03:30:00,2017-07-11 03:40:00,2017-07-11 04:30:00,train
1457,1457,1462,1463,1468,2017-07-11 02:50:00,2017-07-11 03:40:00,2017-07-11 03:50:00,2017-07-11 04:40:00,train
1458,1458,1463,1464,1469,2017-07-11 03:00:00,2017-07-11 03:50:00,2017-07-11 04:00:00,2017-07-11 04:50:00,train
1459,1459,1464,1465,1470,2017-07-11 03:10:00,2017-07-11 04:00:00,2017-07-11 04:10:00,2017-07-11 05:00:00,train
1460,1460,1465,1466,1471,2017-07-11 03:20:00,2017-07-11 04:10:00,2017-07-11 04:20:00,2017-07-11 05:10:00,train
1461,1461,1466,1467,1472,2017-07-11 03:30:00,2017-07-11 04:20:00,2017-07-11 04:30:00,2017-07-11 05:20:00,train
1462,1462,1467,1468,1473,2017-07-11 03:40:00,2017-07-11 04:30:00,2017-07-11 04:40:00,2017-07-11 05:30:00,train
1463,1463,1468,1469,1474,2017-07-11 03:50:00,2017-07-11 04:40:00,2017-07-11 04:50:00,2017-07-11 05:40:00,train
1464,1464,1469,1470,1475,2017-07-11 04:00:00,2017-07-11 04:50:00,2017-07-11 05:00:00,2017-07-11 05:50:00,train
1465,1465,1470,1471,1476,2017-07-11 04:10:00,2017-07-11 05:00:00,2017-07-11 05:10:00,2017-07-11 06:00:00,train
1466,1466,1471,1472,1477,2017-07-11 04:20:00,2017-07-11 05:10:00,2017-07-11 05:20:00,2017-07-11 06:10:00,train
1467,1467,1472,1473,1478,2017-07-11 04:30:00,2017-07-11 05:20:00,2017-07-11 05:30:00,2017-07-11 06:20:00,train
1468,1468,1473,1474,1479,2017-07-11 04:40:00,2017-07-11 05:30:00,2017-07-11 05:40:00,2017-07-11 06:30:00,train
1469,1469,1474,1475,1480,2017-07-11 04:50:00,2017-07-11 05:40:00,2017-07-11 05:50:00,2017-07-11 06:40:00,train
1470,1470,1475,1476,1481,2017-07-11 05:00:00,2017-07-11 05:50:00,2017-07-11 06:00:00,2017-07-11 06:50:00,train
1471,1471,1476,1477,1482,2017-07-11 05:10:00,2017-07-11 06:00:00,2017-07-11 06:10:00,2017-07-11 07:00:00,train
1472,1472,1477,1478,1483,2017-07-11 05:20:00,2017-07-11 06:10:00,2017-07-11 06:20:00,2017-07-11 07:10:00,train
1473,1473,1478,1479,1484,2017-07-11 05:30:00,2017-07-11 06:20:00,2017-07-11 06:30:00,2017-07-11 07:20:00,train
1474,1474,1479,1480,1485,2017-07-11 05:40:00,2017-07-11 06:30:00,2017-07-11 06:40:00,2017-07-11 07:30:00,train
1475,1475,1480,1481,1486,2017-07-11 05:50:00,2017-07-11 06:40:00,2017-07-11 06:50:00,2017-07-11 07:40:00,train
1476,1476,1481,1482,1487,2017-07-11 06:00:00,2017-07-11 06:50:00,2017-07-11 07:00:00,2017-07-11 07:50:00,train
1477,1477,1482,1483,1488,2017-07-11 06:10:00,2017-07-11 07:00:00,2017-07-11 07:10:00,2017-07-11 08:00:00,train
1478,1478,1483,1484,1489,2017-07-11 06:20:00,2017-07-11 07:10:00,2017-07-11 07:20:00,2017-07-11 08:10:00,train
1479,1479,1484,1485,1490,2017-07-11 06:30:00,2017-07-11 07:20:00,2017-07-11 07:30:00,2017-07-11 08:20:00,train
1480,1480,1485,1486,1491,2017-07-11 06:40:00,2017-07-11 07:30:00,2017-07-11 07:40:00,2017-07-11 08:30:00,train
1481,1481,1486,1487,1492,2017-07-11 06:50:00,2017-07-11 07:40:00,2017-07-11 07:50:00,2017-07-11 08:40:00,train
1482,1482,1487,1488,1493,2017-07-11 07:00:00,2017-07-11 07:50:00,2017-07-11 08:00:00,2017-07-11 08:50:00,train
1483,1483,1488,1489,1494,2017-07-11 07:10:00,2017-07-11 08:00:00,2017-07-11 08:10:00,2017-07-11 09:00:00,train
1484,1484,1489,1490,1495,2017-07-11 07:20:00,2017-07-11 08:10:00,2017-07-11 08:20:00,2017-07-11 09:10:00,train
1485,1485,1490,1491,1496,2017-07-11 07:30:00,2017-07-11 08:20:00,2017-07-11 08:30:00,2017-07-11 09:20:00,train
1486,1486,1491,1492,1497,2017-07-11 07:40:00,2017-07-11 08:30:00,2017-07-11 08:40:00,2017-07-11 09:30:00,train
1487,1487,1492,1493,1498,2017-07-11 07:50:00,2017-07-11 08:40:00,2017-07-11 08:50:00,2017-07-11 09:40:00,train
1488,1488,1493,1494,1499,2017-07-11 08:00:00,2017-07-11 08:50:00,2017-07-11 09:00:00,2017-07-11 09:50:00,train
1489,1489,1494,1495,1500,2017-07-11 08:10:00,2017-07-11 09:00:00,2017-07-11 09:10:00,2017-07-11 10:00:00,train
1490,1490,1495,1496,1501,2017-07-11 08:20:00,2017-07-11 09:10:00,2017-07-11 09:20:00,2017-07-11 10:10:00,train
1491,1491,1496,1497,1502,2017-07-11 08:30:00,2017-07-11 09:20:00,2017-07-11 09:30:00,2017-07-11 10:20:00,train
1492,1492,1497,1498,1503,2017-07-11 08:40:00,2017-07-11 09:30:00,2017-07-11 09:40:00,2017-07-11 10:30:00,train
1493,1493,1498,1499,1504,2017-07-11 08:50:00,2017-07-11 09:40:00,2017-07-11 09:50:00,2017-07-11 10:40:00,train
1494,1494,1499,1500,1505,2017-07-11 09:00:00,2017-07-11 09:50:00,2017-07-11 10:00:00,2017-07-11 10:50:00,train
1495,1495,1500,1501,1506,2017-07-11 09:10:00,2017-07-11 10:00:00,2017-07-11 10:10:00,2017-07-11 11:00:00,train
1496,1496,1501,1502,1507,2017-07-11 09:20:00,2017-07-11 10:10:00,2017-07-11 10:20:00,2017-07-11 11:10:00,train
1497,1497,1502,1503,1508,2017-07-11 09:30:00,2017-07-11 10:20:00,2017-07-11 10:30:00,2017-07-11 11:20:00,train
1498,1498,1503,1504,1509,2017-07-11 09:40:00,2017-07-11 10:30:00,2017-07-11 10:40:00,2017-07-11 11:30:00,train
1499,1499,1504,1505,1510,2017-07-11 09:50:00,2017-07-11 10:40:00,2017-07-11 10:50:00,2017-07-11 11:40:00,train
1500,1500,1505,1506,1511,2017-07-11 10:00:00,2017-07-11 10:50:00,2017-07-11 11:00:00,2017-07-11 11:50:00,train
1501,1501,1506,1507,1512,2017-07-11 10:10:00,2017-07-11 11:00:00,2017-07-11 11:10:00,2017-07-11 12:00:00,train
1502,1502,1507,1508,1513,2017-07-11 10:20:00,2017-07-11 11:10:00,2017-07-11 11:20:00,2017-07-11 12:10:00,train
1503,1503,1508,1509,1514,2017-07-11 10:30:00,2017-07-11 11:20:00,2017-07-11 11:30:00,2017-07-11 12:20:00,train
1504,1504,1509,1510,1515,2017-07-11 10:40:00,2017-07-11 11:30:00,2017-07-11 11:40:00,2017-07-11 12:30:00,train
1505,1505,1510,1511,1516,2017-07-11 10:50:00,2017-07-11 11:40:00,2017-07-11 11:50:00,2017-07-11 12:40:00,train
1506,1506,1511,1512,1517,2017-07-11 11:00:00,2017-07-11 11:50:00,2017-07-11 12:00:00,2017-07-11 12:50:00,train
1507,1507,1512,1513,1518,2017-07-11 11:10:00,2017-07-11 12:00:00,2017-07-11 12:10:00,2017-07-11 13:00:00,train
1508,1508,1513,1514,1519,2017-07-11 11:20:00,2017-07-11 12:10:00,2017-07-11 12:20:00,2017-07-11 13:10:00,train
1509,1509,1514,1515,1520,2017-07-11 11:30:00,2017-07-11 12:20:00,2017-07-11 12:30:00,2017-07-11 13:20:00,train
1510,1510,1515,1516,1521,2017-07-11 11:40:00,2017-07-11 12:30:00,2017-07-11 12:40:00,2017-07-11 13:30:00,train
1511,1511,1516,1517,1522,2017-07-11 11:50:00,2017-07-11 12:40:00,2017-07-11 12:50:00,2017-07-11 13:40:00,train
1512,1512,1517,1518,1523,2017-07-11 12:00:00,2017-07-11 12:50:00,2017-07-11 13:00:00,2017-07-11 13:50:00,train
1513,1513,1518,1519,1524,2017-07-11 12:10:00,2017-07-11 13:00:00,2017-07-11 13:10:00,2017-07-11 14:00:00,train
1514,1514,1519,1520,1525,2017-07-11 12:20:00,2017-07-11 13:10:00,2017-07-11 13:20:00,2017-07-11 14:10:00,train
1515,1515,1520,1521,1526,2017-07-11 12:30:00,2017-07-11 13:20:00,2017-07-11 13:30:00,2017-07-11 14:20:00,train
1516,1516,1521,1522,1527,2017-07-11 12:40:00,2017-07-11 13:30:00,2017-07-11 13:40:00,2017-07-11 14:30:00,train
1517,1517,1522,1523,1528,2017-07-11 12:50:00,2017-07-11 13:40:00,2017-07-11 13:50:00,2017-07-11 14:40:00,train
1518,1518,1523,1524,1529,2017-07-11 13:00:00,2017-07-11 13:50:00,2017-07-11 14:00:00,2017-07-11 14:50:00,train
1519,1519,1524,1525,1530,2017-07-11 13:10:00,2017-07-11 14:00:00,2017-07-11 14:10:00,2017-07-11 15:00:00,train
1520,1520,1525,1526,1531,2017-07-11 13:20:00,2017-07-11 14:10:00,2017-07-11 14:20:00,2017-07-11 15:10:00,train
1521,1521,1526,1527,1532,2017-07-11 13:30:00,2017-07-11 14:20:00,2017-07-11 14:30:00,2017-07-11 15:20:00,train
1522,1522,1527,1528,1533,2017-07-11 13:40:00,2017-07-11 14:30:00,2017-07-11 14:40:00,2017-07-11 15:30:00,train
1523,1523,1528,1529,1534,2017-07-11 13:50:00,2017-07-11 14:40:00,2017-07-11 14:50:00,2017-07-11 15:40:00,train
1524,1524,1529,1530,1535,2017-07-11 14:00:00,2017-07-11 14:50:00,2017-07-11 15:00:00,2017-07-11 15:50:00,train
1525,1525,1530,1531,1536,2017-07-11 14:10:00,2017-07-11 15:00:00,2017-07-11 15:10:00,2017-07-11 16:00:00,train
1526,1526,1531,1532,1537,2017-07-11 14:20:00,2017-07-11 15:10:00,2017-07-11 15:20:00,2017-07-11 16:10:00,train
1527,1527,1532,1533,1538,2017-07-11 14:30:00,2017-07-11 15:20:00,2017-07-11 15:30:00,2017-07-11 16:20:00,train
1528,1528,1533,1534,1539,2017-07-11 14:40:00,2017-07-11 15:30:00,2017-07-11 15:40:00,2017-07-11 16:30:00,train
1529,1529,1534,1535,1540,2017-07-11 14:50:00,2017-07-11 15:40:00,2017-07-11 15:50:00,2017-07-11 16:40:00,train
1530,1530,1535,1536,1541,2017-07-11 15:00:00,2017-07-11 15:50:00,2017-07-11 16:00:00,2017-07-11 16:50:00,train
1531,1531,1536,1537,1542,2017-07-11 15:10:00,2017-07-11 16:00:00,2017-07-11 16:10:00,2017-07-11 17:00:00,train
1532,1532,1537,1538,1543,2017-07-11 15:20:00,2017-07-11 16:10:00,2017-07-11 16:20:00,2017-07-11 17:10:00,train
1533,1533,1538,1539,1544,2017-07-11 15:30:00,2017-07-11 16:20:00,2017-07-11 16:30:00,2017-07-11 17:20:00,train
1534,1534,1539,1540,1545,2017-07-11 15:40:00,2017-07-11 16:30:00,2017-07-11 16:40:00,2017-07-11 17:30:00,train
1535,1535,1540,1541,1546,2017-07-11 15:50:00,2017-07-11 16:40:00,2017-07-11 16:50:00,2017-07-11 17:40:00,train
1536,1536,1541,1542,1547,2017-07-11 16:00:00,2017-07-11 16:50:00,2017-07-11 17:00:00,2017-07-11 17:50:00,train
1537,1537,1542,1543,1548,2017-07-11 16:10:00,2017-07-11 17:00:00,2017-07-11 17:10:00,2017-07-11 18:00:00,train
1538,1538,1543,1544,1549,2017-07-11 16:20:00,2017-07-11 17:10:00,2017-07-11 17:20:00,2017-07-11 18:10:00,train
1539,1539,1544,1545,1550,2017-07-11 16:30:00,2017-07-11 17:20:00,2017-07-11 17:30:00,2017-07-11 18:20:00,train
1540,1540,1545,1546,1551,2017-07-11 16:40:00,2017-07-11 17:30:00,2017-07-11 17:40:00,2017-07-11 18:30:00,train
1541,1541,1546,1547,1552,2017-07-11 16:50:00,2017-07-11 17:40:00,2017-07-11 17:50:00,2017-07-11 18:40:00,train
1542,1542,1547,1548,1553,2017-07-11 17:00:00,2017-07-11 17:50:00,2017-07-11 18:00:00,2017-07-11 18:50:00,train
1543,1543,1548,1549,1554,2017-07-11 17:10:00,2017-07-11 18:00:00,2017-07-11 18:10:00,2017-07-11 19:00:00,train
1544,1544,1549,1550,1555,2017-07-11 17:20:00,2017-07-11 18:10:00,2017-07-11 18:20:00,2017-07-11 19:10:00,train
1545,1545,1550,1551,1556,2017-07-11 17:30:00,2017-07-11 18:20:00,2017-07-11 18:30:00,2017-07-11 19:20:00,train
1546,1546,1551,1552,1557,2017-07-11 17:40:00,2017-07-11 18:30:00,2017-07-11 18:40:00,2017-07-11 19:30:00,train
1547,1547,1552,1553,1558,2017-07-11 17:50:00,2017-07-11 18:40:00,2017-07-11 18:50:00,2017-07-11 19:40:00,train
1548,1548,1553,1554,1559,2017-07-11 18:00:00,2017-07-11 18:50:00,2017-07-11 19:00:00,2017-07-11 19:50:00,train
1549,1549,1554,1555,1560,2017-07-11 18:10:00,2017-07-11 19:00:00,2017-07-11 19:10:00,2017-07-11 20:00:00,train
1550,1550,1555,1556,1561,2017-07-11 18:20:00,2017-07-11 19:10:00,2017-07-11 19:20:00,2017-07-11 20:10:00,train
1551,1551,1556,1557,1562,2017-07-11 18:30:00,2017-07-11 19:20:00,2017-07-11 19:30:00,2017-07-11 20:20:00,train
1552,1552,1557,1558,1563,2017-07-11 18:40:00,2017-07-11 19:30:00,2017-07-11 19:40:00,2017-07-11 20:30:00,train
1553,1553,1558,1559,1564,2017-07-11 18:50:00,2017-07-11 19:40:00,2017-07-11 19:50:00,2017-07-11 20:40:00,train
1554,1554,1559,1560,1565,2017-07-11 19:00:00,2017-07-11 19:50:00,2017-07-11 20:00:00,2017-07-11 20:50:00,train
1555,1555,1560,1561,1566,2017-07-11 19:10:00,2017-07-11 20:00:00,2017-07-11 20:10:00,2017-07-11 21:00:00,train
1556,1556,1561,1562,1567,2017-07-11 19:20:00,2017-07-11 20:10:00,2017-07-11 20:20:00,2017-07-11 21:10:00,train
1557,1557,1562,1563,1568,2017-07-11 19:30:00,2017-07-11 20:20:00,2017-07-11 20:30:00,2017-07-11 21:20:00,train
1558,1558,1563,1564,1569,2017-07-11 19:40:00,2017-07-11 20:30:00,2017-07-11 20:40:00,2017-07-11 21:30:00,train
1559,1559,1564,1565,1570,2017-07-11 19:50:00,2017-07-11 20:40:00,2017-07-11 20:50:00,2017-07-11 21:40:00,train
1560,1560,1565,1566,1571,2017-07-11 20:00:00,2017-07-11 20:50:00,2017-07-11 21:00:00,2017-07-11 21:50:00,train
1561,1561,1566,1567,1572,2017-07-11 20:10:00,2017-07-11 21:00:00,2017-07-11 21:10:00,2017-07-11 22:00:00,train
1562,1562,1567,1568,1573,2017-07-11 20:20:00,2017-07-11 21:10:00,2017-07-11 21:20:00,2017-07-11 22:10:00,train
1563,1563,1568,1569,1574,2017-07-11 20:30:00,2017-07-11 21:20:00,2017-07-11 21:30:00,2017-07-11 22:20:00,train
1564,1564,1569,1570,1575,2017-07-11 20:40:00,2017-07-11 21:30:00,2017-07-11 21:40:00,2017-07-11 22:30:00,train
1565,1565,1570,1571,1576,2017-07-11 20:50:00,2017-07-11 21:40:00,2017-07-11 21:50:00,2017-07-11 22:40:00,train
1566,1566,1571,1572,1577,2017-07-11 21:00:00,2017-07-11 21:50:00,2017-07-11 22:00:00,2017-07-11 22:50:00,train
1567,1567,1572,1573,1578,2017-07-11 21:10:00,2017-07-11 22:00:00,2017-07-11 22:10:00,2017-07-11 23:00:00,train
1568,1568,1573,1574,1579,2017-07-11 21:20:00,2017-07-11 22:10:00,2017-07-11 22:20:00,2017-07-11 23:10:00,train
1569,1569,1574,1575,1580,2017-07-11 21:30:00,2017-07-11 22:20:00,2017-07-11 22:30:00,2017-07-11 23:20:00,train
1570,1570,1575,1576,1581,2017-07-11 21:40:00,2017-07-11 22:30:00,2017-07-11 22:40:00,2017-07-11 23:30:00,train
1571,1571,1576,1577,1582,2017-07-11 21:50:00,2017-07-11 22:40:00,2017-07-11 22:50:00,2017-07-11 23:40:00,train
1572,1572,1577,1578,1583,2017-07-11 22:00:00,2017-07-11 22:50:00,2017-07-11 23:00:00,2017-07-11 23:50:00,train
1573,1573,1578,1579,1584,2017-07-11 22:10:00,2017-07-11 23:00:00,2017-07-11 23:10:00,2017-07-12 00:00:00,train
1574,1574,1579,1580,1585,2017-07-11 22:20:00,2017-07-11 23:10:00,2017-07-11 23:20:00,2017-07-12 00:10:00,train
1575,1575,1580,1581,1586,2017-07-11 22:30:00,2017-07-11 23:20:00,2017-07-11 23:30:00,2017-07-12 00:20:00,train
1576,1576,1581,1582,1587,2017-07-11 22:40:00,2017-07-11 23:30:00,2017-07-11 23:40:00,2017-07-12 00:30:00,train
1577,1577,1582,1583,1588,2017-07-11 22:50:00,2017-07-11 23:40:00,2017-07-11 23:50:00,2017-07-12 00:40:00,train
1578,1578,1583,1584,1589,2017-07-11 23:00:00,2017-07-11 23:50:00,2017-07-12 00:00:00,2017-07-12 00:50:00,train
1579,1579,1584,1585,1590,2017-07-11 23:10:00,2017-07-12 00:00:00,2017-07-12 00:10:00,2017-07-12 01:00:00,train
1580,1580,1585,1586,1591,2017-07-11 23:20:00,2017-07-12 00:10:00,2017-07-12 00:20:00,2017-07-12 01:10:00,train
1581,1581,1586,1587,1592,2017-07-11 23:30:00,2017-07-12 00:20:00,2017-07-12 00:30:00,2017-07-12 01:20:00,train
1582,1582,1587,1588,1593,2017-07-11 23:40:00,2017-07-12 00:30:00,2017-07-12 00:40:00,2017-07-12 01:30:00,train
1583,1583,1588,1589,1594,2017-07-11 23:50:00,2017-07-12 00:40:00,2017-07-12 00:50:00,2017-07-12 01:40:00,train
1584,1584,1589,1590,1595,2017-07-12 00:00:00,2017-07-12 00:50:00,2017-07-12 01:00:00,2017-07-12 01:50:00,train
1585,1585,1590,1591,1596,2017-07-12 00:10:00,2017-07-12 01:00:00,2017-07-12 01:10:00,2017-07-12 02:00:00,train
1586,1586,1591,1592,1597,2017-07-12 00:20:00,2017-07-12 01:10:00,2017-07-12 01:20:00,2017-07-12 02:10:00,train
1587,1587,1592,1593,1598,2017-07-12 00:30:00,2017-07-12 01:20:00,2017-07-12 01:30:00,2017-07-12 02:20:00,train
1588,1588,1593,1594,1599,2017-07-12 00:40:00,2017-07-12 01:30:00,2017-07-12 01:40:00,2017-07-12 02:30:00,train
1589,1589,1594,1595,1600,2017-07-12 00:50:00,2017-07-12 01:40:00,2017-07-12 01:50:00,2017-07-12 02:40:00,train
1590,1590,1595,1596,1601,2017-07-12 01:00:00,2017-07-12 01:50:00,2017-07-12 02:00:00,2017-07-12 02:50:00,train
1591,1591,1596,1597,1602,2017-07-12 01:10:00,2017-07-12 02:00:00,2017-07-12 02:10:00,2017-07-12 03:00:00,train
1592,1592,1597,1598,1603,2017-07-12 01:20:00,2017-07-12 02:10:00,2017-07-12 02:20:00,2017-07-12 03:10:00,train
1593,1593,1598,1599,1604,2017-07-12 01:30:00,2017-07-12 02:20:00,2017-07-12 02:30:00,2017-07-12 03:20:00,train
1594,1594,1599,1600,1605,2017-07-12 01:40:00,2017-07-12 02:30:00,2017-07-12 02:40:00,2017-07-12 03:30:00,train
1595,1595,1600,1601,1606,2017-07-12 01:50:00,2017-07-12 02:40:00,2017-07-12 02:50:00,2017-07-12 03:40:00,train
1596,1596,1601,1602,1607,2017-07-12 02:00:00,2017-07-12 02:50:00,2017-07-12 03:00:00,2017-07-12 03:50:00,train
1597,1597,1602,1603,1608,2017-07-12 02:10:00,2017-07-12 03:00:00,2017-07-12 03:10:00,2017-07-12 04:00:00,train
1598,1598,1603,1604,1609,2017-07-12 02:20:00,2017-07-12 03:10:00,2017-07-12 03:20:00,2017-07-12 04:10:00,train
1599,1599,1604,1605,1610,2017-07-12 02:30:00,2017-07-12 03:20:00,2017-07-12 03:30:00,2017-07-12 04:20:00,train
1600,1600,1605,1606,1611,2017-07-12 02:40:00,2017-07-12 03:30:00,2017-07-12 03:40:00,2017-07-12 04:30:00,train
1601,1601,1606,1607,1612,2017-07-12 02:50:00,2017-07-12 03:40:00,2017-07-12 03:50:00,2017-07-12 04:40:00,train
1602,1602,1607,1608,1613,2017-07-12 03:00:00,2017-07-12 03:50:00,2017-07-12 04:00:00,2017-07-12 04:50:00,train
1603,1603,1608,1609,1614,2017-07-12 03:10:00,2017-07-12 04:00:00,2017-07-12 04:10:00,2017-07-12 05:00:00,train
1604,1604,1609,1610,1615,2017-07-12 03:20:00,2017-07-12 04:10:00,2017-07-12 04:20:00,2017-07-12 05:10:00,train
1605,1605,1610,1611,1616,2017-07-12 03:30:00,2017-07-12 04:20:00,2017-07-12 04:30:00,2017-07-12 05:20:00,train
1606,1606,1611,1612,1617,2017-07-12 03:40:00,2017-07-12 04:30:00,2017-07-12 04:40:00,2017-07-12 05:30:00,train
1607,1607,1612,1613,1618,2017-07-12 03:50:00,2017-07-12 04:40:00,2017-07-12 04:50:00,2017-07-12 05:40:00,train
1608,1608,1613,1614,1619,2017-07-12 04:00:00,2017-07-12 04:50:00,2017-07-12 05:00:00,2017-07-12 05:50:00,train
1609,1609,1614,1615,1620,2017-07-12 04:10:00,2017-07-12 05:00:00,2017-07-12 05:10:00,2017-07-12 06:00:00,train
1610,1610,1615,1616,1621,2017-07-12 04:20:00,2017-07-12 05:10:00,2017-07-12 05:20:00,2017-07-12 06:10:00,train
1611,1611,1616,1617,1622,2017-07-12 04:30:00,2017-07-12 05:20:00,2017-07-12 05:30:00,2017-07-12 06:20:00,train
1612,1612,1617,1618,1623,2017-07-12 04:40:00,2017-07-12 05:30:00,2017-07-12 05:40:00,2017-07-12 06:30:00,train
1613,1613,1618,1619,1624,2017-07-12 04:50:00,2017-07-12 05:40:00,2017-07-12 05:50:00,2017-07-12 06:40:00,train
1614,1614,1619,1620,1625,2017-07-12 05:00:00,2017-07-12 05:50:00,2017-07-12 06:00:00,2017-07-12 06:50:00,train
1615,1615,1620,1621,1626,2017-07-12 05:10:00,2017-07-12 06:00:00,2017-07-12 06:10:00,2017-07-12 07:00:00,train
1616,1616,1621,1622,1627,2017-07-12 05:20:00,2017-07-12 06:10:00,2017-07-12 06:20:00,2017-07-12 07:10:00,train
1617,1617,1622,1623,1628,2017-07-12 05:30:00,2017-07-12 06:20:00,2017-07-12 06:30:00,2017-07-12 07:20:00,train
1618,1618,1623,1624,1629,2017-07-12 05:40:00,2017-07-12 06:30:00,2017-07-12 06:40:00,2017-07-12 07:30:00,train
1619,1619,1624,1625,1630,2017-07-12 05:50:00,2017-07-12 06:40:00,2017-07-12 06:50:00,2017-07-12 07:40:00,train
1620,1620,1625,1626,1631,2017-07-12 06:00:00,2017-07-12 06:50:00,2017-07-12 07:00:00,2017-07-12 07:50:00,train
1621,1621,1626,1627,1632,2017-07-12 06:10:00,2017-07-12 07:00:00,2017-07-12 07:10:00,2017-07-12 08:00:00,train
1622,1622,1627,1628,1633,2017-07-12 06:20:00,2017-07-12 07:10:00,2017-07-12 07:20:00,2017-07-12 08:10:00,train
1623,1623,1628,1629,1634,2017-07-12 06:30:00,2017-07-12 07:20:00,2017-07-12 07:30:00,2017-07-12 08:20:00,train
1624,1624,1629,1630,1635,2017-07-12 06:40:00,2017-07-12 07:30:00,2017-07-12 07:40:00,2017-07-12 08:30:00,train
1625,1625,1630,1631,1636,2017-07-12 06:50:00,2017-07-12 07:40:00,2017-07-12 07:50:00,2017-07-12 08:40:00,train
1626,1626,1631,1632,1637,2017-07-12 07:00:00,2017-07-12 07:50:00,2017-07-12 08:00:00,2017-07-12 08:50:00,train
1627,1627,1632,1633,1638,2017-07-12 07:10:00,2017-07-12 08:00:00,2017-07-12 08:10:00,2017-07-12 09:00:00,train
1628,1628,1633,1634,1639,2017-07-12 07:20:00,2017-07-12 08:10:00,2017-07-12 08:20:00,2017-07-12 09:10:00,train
1629,1629,1634,1635,1640,2017-07-12 07:30:00,2017-07-12 08:20:00,2017-07-12 08:30:00,2017-07-12 09:20:00,train
1630,1630,1635,1636,1641,2017-07-12 07:40:00,2017-07-12 08:30:00,2017-07-12 08:40:00,2017-07-12 09:30:00,train
1631,1631,1636,1637,1642,2017-07-12 07:50:00,2017-07-12 08:40:00,2017-07-12 08:50:00,2017-07-12 09:40:00,train
1632,1632,1637,1638,1643,2017-07-12 08:00:00,2017-07-12 08:50:00,2017-07-12 09:00:00,2017-07-12 09:50:00,train
1633,1633,1638,1639,1644,2017-07-12 08:10:00,2017-07-12 09:00:00,2017-07-12 09:10:00,2017-07-12 10:00:00,train
1634,1634,1639,1640,1645,2017-07-12 08:20:00,2017-07-12 09:10:00,2017-07-12 09:20:00,2017-07-12 10:10:00,train
1635,1635,1640,1641,1646,2017-07-12 08:30:00,2017-07-12 09:20:00,2017-07-12 09:30:00,2017-07-12 10:20:00,train
1636,1636,1641,1642,1647,2017-07-12 08:40:00,2017-07-12 09:30:00,2017-07-12 09:40:00,2017-07-12 10:30:00,train
1637,1637,1642,1643,1648,2017-07-12 08:50:00,2017-07-12 09:40:00,2017-07-12 09:50:00,2017-07-12 10:40:00,train
1638,1638,1643,1644,1649,2017-07-12 09:00:00,2017-07-12 09:50:00,2017-07-12 10:00:00,2017-07-12 10:50:00,train
1639,1639,1644,1645,1650,2017-07-12 09:10:00,2017-07-12 10:00:00,2017-07-12 10:10:00,2017-07-12 11:00:00,train
1640,1640,1645,1646,1651,2017-07-12 09:20:00,2017-07-12 10:10:00,2017-07-12 10:20:00,2017-07-12 11:10:00,train
1641,1641,1646,1647,1652,2017-07-12 09:30:00,2017-07-12 10:20:00,2017-07-12 10:30:00,2017-07-12 11:20:00,train
1642,1642,1647,1648,1653,2017-07-12 09:40:00,2017-07-12 10:30:00,2017-07-12 10:40:00,2017-07-12 11:30:00,train
1643,1643,1648,1649,1654,2017-07-12 09:50:00,2017-07-12 10:40:00,2017-07-12 10:50:00,2017-07-12 11:40:00,train
1644,1644,1649,1650,1655,2017-07-12 10:00:00,2017-07-12 10:50:00,2017-07-12 11:00:00,2017-07-12 11:50:00,train
1645,1645,1650,1651,1656,2017-07-12 10:10:00,2017-07-12 11:00:00,2017-07-12 11:10:00,2017-07-12 12:00:00,train
1646,1646,1651,1652,1657,2017-07-12 10:20:00,2017-07-12 11:10:00,2017-07-12 11:20:00,2017-07-12 12:10:00,train
1647,1647,1652,1653,1658,2017-07-12 10:30:00,2017-07-12 11:20:00,2017-07-12 11:30:00,2017-07-12 12:20:00,train
1648,1648,1653,1654,1659,2017-07-12 10:40:00,2017-07-12 11:30:00,2017-07-12 11:40:00,2017-07-12 12:30:00,train
1649,1649,1654,1655,1660,2017-07-12 10:50:00,2017-07-12 11:40:00,2017-07-12 11:50:00,2017-07-12 12:40:00,train
1650,1650,1655,1656,1661,2017-07-12 11:00:00,2017-07-12 11:50:00,2017-07-12 12:00:00,2017-07-12 12:50:00,train
1651,1651,1656,1657,1662,2017-07-12 11:10:00,2017-07-12 12:00:00,2017-07-12 12:10:00,2017-07-12 13:00:00,train
1652,1652,1657,1658,1663,2017-07-12 11:20:00,2017-07-12 12:10:00,2017-07-12 12:20:00,2017-07-12 13:10:00,train
1653,1653,1658,1659,1664,2017-07-12 11:30:00,2017-07-12 12:20:00,2017-07-12 12:30:00,2017-07-12 13:20:00,train
1654,1654,1659,1660,1665,2017-07-12 11:40:00,2017-07-12 12:30:00,2017-07-12 12:40:00,2017-07-12 13:30:00,train
1655,1655,1660,1661,1666,2017-07-12 11:50:00,2017-07-12 12:40:00,2017-07-12 12:50:00,2017-07-12 13:40:00,train
1656,1656,1661,1662,1667,2017-07-12 12:00:00,2017-07-12 12:50:00,2017-07-12 13:00:00,2017-07-12 13:50:00,train
1657,1657,1662,1663,1668,2017-07-12 12:10:00,2017-07-12 13:00:00,2017-07-12 13:10:00,2017-07-12 14:00:00,train
1658,1658,1663,1664,1669,2017-07-12 12:20:00,2017-07-12 13:10:00,2017-07-12 13:20:00,2017-07-12 14:10:00,train
1659,1659,1664,1665,1670,2017-07-12 12:30:00,2017-07-12 13:20:00,2017-07-12 13:30:00,2017-07-12 14:20:00,train
1660,1660,1665,1666,1671,2017-07-12 12:40:00,2017-07-12 13:30:00,2017-07-12 13:40:00,2017-07-12 14:30:00,train
1661,1661,1666,1667,1672,2017-07-12 12:50:00,2017-07-12 13:40:00,2017-07-12 13:50:00,2017-07-12 14:40:00,train
1662,1662,1667,1668,1673,2017-07-12 13:00:00,2017-07-12 13:50:00,2017-07-12 14:00:00,2017-07-12 14:50:00,train
1663,1663,1668,1669,1674,2017-07-12 13:10:00,2017-07-12 14:00:00,2017-07-12 14:10:00,2017-07-12 15:00:00,train
1664,1664,1669,1670,1675,2017-07-12 13:20:00,2017-07-12 14:10:00,2017-07-12 14:20:00,2017-07-12 15:10:00,train
1665,1665,1670,1671,1676,2017-07-12 13:30:00,2017-07-12 14:20:00,2017-07-12 14:30:00,2017-07-12 15:20:00,train
1666,1666,1671,1672,1677,2017-07-12 13:40:00,2017-07-12 14:30:00,2017-07-12 14:40:00,2017-07-12 15:30:00,train
1667,1667,1672,1673,1678,2017-07-12 13:50:00,2017-07-12 14:40:00,2017-07-12 14:50:00,2017-07-12 15:40:00,train
1668,1668,1673,1674,1679,2017-07-12 14:00:00,2017-07-12 14:50:00,2017-07-12 15:00:00,2017-07-12 15:50:00,train
1669,1669,1674,1675,1680,2017-07-12 14:10:00,2017-07-12 15:00:00,2017-07-12 15:10:00,2017-07-12 16:00:00,train
1670,1670,1675,1676,1681,2017-07-12 14:20:00,2017-07-12 15:10:00,2017-07-12 15:20:00,2017-07-12 16:10:00,train
1671,1671,1676,1677,1682,2017-07-12 14:30:00,2017-07-12 15:20:00,2017-07-12 15:30:00,2017-07-12 16:20:00,train
1672,1672,1677,1678,1683,2017-07-12 14:40:00,2017-07-12 15:30:00,2017-07-12 15:40:00,2017-07-12 16:30:00,train
1673,1673,1678,1679,1684,2017-07-12 14:50:00,2017-07-12 15:40:00,2017-07-12 15:50:00,2017-07-12 16:40:00,train
1674,1674,1679,1680,1685,2017-07-12 15:00:00,2017-07-12 15:50:00,2017-07-12 16:00:00,2017-07-12 16:50:00,train
1675,1675,1680,1681,1686,2017-07-12 15:10:00,2017-07-12 16:00:00,2017-07-12 16:10:00,2017-07-12 17:00:00,train
1676,1676,1681,1682,1687,2017-07-12 15:20:00,2017-07-12 16:10:00,2017-07-12 16:20:00,2017-07-12 17:10:00,train
1677,1677,1682,1683,1688,2017-07-12 15:30:00,2017-07-12 16:20:00,2017-07-12 16:30:00,2017-07-12 17:20:00,train
1678,1678,1683,1684,1689,2017-07-12 15:40:00,2017-07-12 16:30:00,2017-07-12 16:40:00,2017-07-12 17:30:00,train
1679,1679,1684,1685,1690,2017-07-12 15:50:00,2017-07-12 16:40:00,2017-07-12 16:50:00,2017-07-12 17:40:00,train
1680,1680,1685,1686,1691,2017-07-12 16:00:00,2017-07-12 16:50:00,2017-07-12 17:00:00,2017-07-12 17:50:00,train
1681,1681,1686,1687,1692,2017-07-12 16:10:00,2017-07-12 17:00:00,2017-07-12 17:10:00,2017-07-12 18:00:00,train
1682,1682,1687,1688,1693,2017-07-12 16:20:00,2017-07-12 17:10:00,2017-07-12 17:20:00,2017-07-12 18:10:00,train
1683,1683,1688,1689,1694,2017-07-12 16:30:00,2017-07-12 17:20:00,2017-07-12 17:30:00,2017-07-12 18:20:00,train
1684,1684,1689,1690,1695,2017-07-12 16:40:00,2017-07-12 17:30:00,2017-07-12 17:40:00,2017-07-12 18:30:00,train
1685,1685,1690,1691,1696,2017-07-12 16:50:00,2017-07-12 17:40:00,2017-07-12 17:50:00,2017-07-12 18:40:00,train
1686,1686,1691,1692,1697,2017-07-12 17:00:00,2017-07-12 17:50:00,2017-07-12 18:00:00,2017-07-12 18:50:00,train
1687,1687,1692,1693,1698,2017-07-12 17:10:00,2017-07-12 18:00:00,2017-07-12 18:10:00,2017-07-12 19:00:00,train
1688,1688,1693,1694,1699,2017-07-12 17:20:00,2017-07-12 18:10:00,2017-07-12 18:20:00,2017-07-12 19:10:00,train
1689,1689,1694,1695,1700,2017-07-12 17:30:00,2017-07-12 18:20:00,2017-07-12 18:30:00,2017-07-12 19:20:00,train
1690,1690,1695,1696,1701,2017-07-12 17:40:00,2017-07-12 18:30:00,2017-07-12 18:40:00,2017-07-12 19:30:00,train
1691,1691,1696,1697,1702,2017-07-12 17:50:00,2017-07-12 18:40:00,2017-07-12 18:50:00,2017-07-12 19:40:00,train
1692,1692,1697,1698,1703,2017-07-12 18:00:00,2017-07-12 18:50:00,2017-07-12 19:00:00,2017-07-12 19:50:00,train
1693,1693,1698,1699,1704,2017-07-12 18:10:00,2017-07-12 19:00:00,2017-07-12 19:10:00,2017-07-12 20:00:00,train
1694,1694,1699,1700,1705,2017-07-12 18:20:00,2017-07-12 19:10:00,2017-07-12 19:20:00,2017-07-12 20:10:00,train
1695,1695,1700,1701,1706,2017-07-12 18:30:00,2017-07-12 19:20:00,2017-07-12 19:30:00,2017-07-12 20:20:00,train
1696,1696,1701,1702,1707,2017-07-12 18:40:00,2017-07-12 19:30:00,2017-07-12 19:40:00,2017-07-12 20:30:00,train
1697,1697,1702,1703,1708,2017-07-12 18:50:00,2017-07-12 19:40:00,2017-07-12 19:50:00,2017-07-12 20:40:00,train
1698,1698,1703,1704,1709,2017-07-12 19:00:00,2017-07-12 19:50:00,2017-07-12 20:00:00,2017-07-12 20:50:00,train
1699,1699,1704,1705,1710,2017-07-12 19:10:00,2017-07-12 20:00:00,2017-07-12 20:10:00,2017-07-12 21:00:00,train
1700,1700,1705,1706,1711,2017-07-12 19:20:00,2017-07-12 20:10:00,2017-07-12 20:20:00,2017-07-12 21:10:00,train
1701,1701,1706,1707,1712,2017-07-12 19:30:00,2017-07-12 20:20:00,2017-07-12 20:30:00,2017-07-12 21:20:00,train
1702,1702,1707,1708,1713,2017-07-12 19:40:00,2017-07-12 20:30:00,2017-07-12 20:40:00,2017-07-12 21:30:00,train
1703,1703,1708,1709,1714,2017-07-12 19:50:00,2017-07-12 20:40:00,2017-07-12 20:50:00,2017-07-12 21:40:00,train
1704,1704,1709,1710,1715,2017-07-12 20:00:00,2017-07-12 20:50:00,2017-07-12 21:00:00,2017-07-12 21:50:00,train
1705,1705,1710,1711,1716,2017-07-12 20:10:00,2017-07-12 21:00:00,2017-07-12 21:10:00,2017-07-12 22:00:00,train
1706,1706,1711,1712,1717,2017-07-12 20:20:00,2017-07-12 21:10:00,2017-07-12 21:20:00,2017-07-12 22:10:00,train
1707,1707,1712,1713,1718,2017-07-12 20:30:00,2017-07-12 21:20:00,2017-07-12 21:30:00,2017-07-12 22:20:00,train
1708,1708,1713,1714,1719,2017-07-12 20:40:00,2017-07-12 21:30:00,2017-07-12 21:40:00,2017-07-12 22:30:00,train
1709,1709,1714,1715,1720,2017-07-12 20:50:00,2017-07-12 21:40:00,2017-07-12 21:50:00,2017-07-12 22:40:00,train
1710,1710,1715,1716,1721,2017-07-12 21:00:00,2017-07-12 21:50:00,2017-07-12 22:00:00,2017-07-12 22:50:00,train
1711,1711,1716,1717,1722,2017-07-12 21:10:00,2017-07-12 22:00:00,2017-07-12 22:10:00,2017-07-12 23:00:00,train
1712,1712,1717,1718,1723,2017-07-12 21:20:00,2017-07-12 22:10:00,2017-07-12 22:20:00,2017-07-12 23:10:00,train
1713,1713,1718,1719,1724,2017-07-12 21:30:00,2017-07-12 22:20:00,2017-07-12 22:30:00,2017-07-12 23:20:00,train
1714,1714,1719,1720,1725,2017-07-12 21:40:00,2017-07-12 22:30:00,2017-07-12 22:40:00,2017-07-12 23:30:00,train
1715,1715,1720,1721,1726,2017-07-12 21:50:00,2017-07-12 22:40:00,2017-07-12 22:50:00,2017-07-12 23:40:00,train
1716,1716,1721,1722,1727,2017-07-12 22:00:00,2017-07-12 22:50:00,2017-07-12 23:00:00,2017-07-12 23:50:00,train
1717,1717,1722,1723,1728,2017-07-12 22:10:00,2017-07-12 23:00:00,2017-07-12 23:10:00,2017-07-13 00:00:00,train
1718,1718,1723,1724,1729,2017-07-12 22:20:00,2017-07-12 23:10:00,2017-07-12 23:20:00,2017-07-13 00:10:00,train
1719,1719,1724,1725,1730,2017-07-12 22:30:00,2017-07-12 23:20:00,2017-07-12 23:30:00,2017-07-13 00:20:00,train
1720,1720,1725,1726,1731,2017-07-12 22:40:00,2017-07-12 23:30:00,2017-07-12 23:40:00,2017-07-13 00:30:00,train
1721,1721,1726,1727,1732,2017-07-12 22:50:00,2017-07-12 23:40:00,2017-07-12 23:50:00,2017-07-13 00:40:00,train
1722,1722,1727,1728,1733,2017-07-12 23:00:00,2017-07-12 23:50:00,2017-07-13 00:00:00,2017-07-13 00:50:00,train
1723,1723,1728,1729,1734,2017-07-12 23:10:00,2017-07-13 00:00:00,2017-07-13 00:10:00,2017-07-13 01:00:00,train
1724,1724,1729,1730,1735,2017-07-12 23:20:00,2017-07-13 00:10:00,2017-07-13 00:20:00,2017-07-13 01:10:00,train
1725,1725,1730,1731,1736,2017-07-12 23:30:00,2017-07-13 00:20:00,2017-07-13 00:30:00,2017-07-13 01:20:00,train
1726,1726,1731,1732,1737,2017-07-12 23:40:00,2017-07-13 00:30:00,2017-07-13 00:40:00,2017-07-13 01:30:00,train
1727,1727,1732,1733,1738,2017-07-12 23:50:00,2017-07-13 00:40:00,2017-07-13 00:50:00,2017-07-13 01:40:00,train
1728,1728,1733,1734,1739,2017-07-13 00:00:00,2017-07-13 00:50:00,2017-07-13 01:00:00,2017-07-13 01:50:00,train
1729,1729,1734,1735,1740,2017-07-13 00:10:00,2017-07-13 01:00:00,2017-07-13 01:10:00,2017-07-13 02:00:00,train
1730,1730,1735,1736,1741,2017-07-13 00:20:00,2017-07-13 01:10:00,2017-07-13 01:20:00,2017-07-13 02:10:00,train
1731,1731,1736,1737,1742,2017-07-13 00:30:00,2017-07-13 01:20:00,2017-07-13 01:30:00,2017-07-13 02:20:00,train
1732,1732,1737,1738,1743,2017-07-13 00:40:00,2017-07-13 01:30:00,2017-07-13 01:40:00,2017-07-13 02:30:00,train
1733,1733,1738,1739,1744,2017-07-13 00:50:00,2017-07-13 01:40:00,2017-07-13 01:50:00,2017-07-13 02:40:00,train
1734,1734,1739,1740,1745,2017-07-13 01:00:00,2017-07-13 01:50:00,2017-07-13 02:00:00,2017-07-13 02:50:00,train
1735,1735,1740,1741,1746,2017-07-13 01:10:00,2017-07-13 02:00:00,2017-07-13 02:10:00,2017-07-13 03:00:00,train
1736,1736,1741,1742,1747,2017-07-13 01:20:00,2017-07-13 02:10:00,2017-07-13 02:20:00,2017-07-13 03:10:00,train
1737,1737,1742,1743,1748,2017-07-13 01:30:00,2017-07-13 02:20:00,2017-07-13 02:30:00,2017-07-13 03:20:00,train
1738,1738,1743,1744,1749,2017-07-13 01:40:00,2017-07-13 02:30:00,2017-07-13 02:40:00,2017-07-13 03:30:00,train
1739,1739,1744,1745,1750,2017-07-13 01:50:00,2017-07-13 02:40:00,2017-07-13 02:50:00,2017-07-13 03:40:00,train
1740,1740,1745,1746,1751,2017-07-13 02:00:00,2017-07-13 02:50:00,2017-07-13 03:00:00,2017-07-13 03:50:00,train
1741,1741,1746,1747,1752,2017-07-13 02:10:00,2017-07-13 03:00:00,2017-07-13 03:10:00,2017-07-13 04:00:00,train
1742,1742,1747,1748,1753,2017-07-13 02:20:00,2017-07-13 03:10:00,2017-07-13 03:20:00,2017-07-13 04:10:00,train
1743,1743,1748,1749,1754,2017-07-13 02:30:00,2017-07-13 03:20:00,2017-07-13 03:30:00,2017-07-13 04:20:00,train
1744,1744,1749,1750,1755,2017-07-13 02:40:00,2017-07-13 03:30:00,2017-07-13 03:40:00,2017-07-13 04:30:00,train
1745,1745,1750,1751,1756,2017-07-13 02:50:00,2017-07-13 03:40:00,2017-07-13 03:50:00,2017-07-13 04:40:00,train
1746,1746,1751,1752,1757,2017-07-13 03:00:00,2017-07-13 03:50:00,2017-07-13 04:00:00,2017-07-13 04:50:00,train
1747,1747,1752,1753,1758,2017-07-13 03:10:00,2017-07-13 04:00:00,2017-07-13 04:10:00,2017-07-13 05:00:00,train
1748,1748,1753,1754,1759,2017-07-13 03:20:00,2017-07-13 04:10:00,2017-07-13 04:20:00,2017-07-13 05:10:00,train
1749,1749,1754,1755,1760,2017-07-13 03:30:00,2017-07-13 04:20:00,2017-07-13 04:30:00,2017-07-13 05:20:00,train
1750,1750,1755,1756,1761,2017-07-13 03:40:00,2017-07-13 04:30:00,2017-07-13 04:40:00,2017-07-13 05:30:00,train
1751,1751,1756,1757,1762,2017-07-13 03:50:00,2017-07-13 04:40:00,2017-07-13 04:50:00,2017-07-13 05:40:00,train
1752,1752,1757,1758,1763,2017-07-13 04:00:00,2017-07-13 04:50:00,2017-07-13 05:00:00,2017-07-13 05:50:00,train
1753,1753,1758,1759,1764,2017-07-13 04:10:00,2017-07-13 05:00:00,2017-07-13 05:10:00,2017-07-13 06:00:00,train
1754,1754,1759,1760,1765,2017-07-13 04:20:00,2017-07-13 05:10:00,2017-07-13 05:20:00,2017-07-13 06:10:00,train
1755,1755,1760,1761,1766,2017-07-13 04:30:00,2017-07-13 05:20:00,2017-07-13 05:30:00,2017-07-13 06:20:00,train
1756,1756,1761,1762,1767,2017-07-13 04:40:00,2017-07-13 05:30:00,2017-07-13 05:40:00,2017-07-13 06:30:00,train
1757,1757,1762,1763,1768,2017-07-13 04:50:00,2017-07-13 05:40:00,2017-07-13 05:50:00,2017-07-13 06:40:00,train
1758,1758,1763,1764,1769,2017-07-13 05:00:00,2017-07-13 05:50:00,2017-07-13 06:00:00,2017-07-13 06:50:00,train
1759,1759,1764,1765,1770,2017-07-13 05:10:00,2017-07-13 06:00:00,2017-07-13 06:10:00,2017-07-13 07:00:00,train
1760,1760,1765,1766,1771,2017-07-13 05:20:00,2017-07-13 06:10:00,2017-07-13 06:20:00,2017-07-13 07:10:00,train
1761,1761,1766,1767,1772,2017-07-13 05:30:00,2017-07-13 06:20:00,2017-07-13 06:30:00,2017-07-13 07:20:00,train
1762,1762,1767,1768,1773,2017-07-13 05:40:00,2017-07-13 06:30:00,2017-07-13 06:40:00,2017-07-13 07:30:00,train
1763,1763,1768,1769,1774,2017-07-13 05:50:00,2017-07-13 06:40:00,2017-07-13 06:50:00,2017-07-13 07:40:00,train
1764,1764,1769,1770,1775,2017-07-13 06:00:00,2017-07-13 06:50:00,2017-07-13 07:00:00,2017-07-13 07:50:00,train
1765,1765,1770,1771,1776,2017-07-13 06:10:00,2017-07-13 07:00:00,2017-07-13 07:10:00,2017-07-13 08:00:00,train
1766,1766,1771,1772,1777,2017-07-13 06:20:00,2017-07-13 07:10:00,2017-07-13 07:20:00,2017-07-13 08:10:00,train
1767,1767,1772,1773,1778,2017-07-13 06:30:00,2017-07-13 07:20:00,2017-07-13 07:30:00,2017-07-13 08:20:00,train
1768,1768,1773,1774,1779,2017-07-13 06:40:00,2017-07-13 07:30:00,2017-07-13 07:40:00,2017-07-13 08:30:00,train
1769,1769,1774,1775,1780,2017-07-13 06:50:00,2017-07-13 07:40:00,2017-07-13 07:50:00,2017-07-13 08:40:00,train
1770,1770,1775,1776,1781,2017-07-13 07:00:00,2017-07-13 07:50:00,2017-07-13 08:00:00,2017-07-13 08:50:00,train
1771,1771,1776,1777,1782,2017-07-13 07:10:00,2017-07-13 08:00:00,2017-07-13 08:10:00,2017-07-13 09:00:00,train
1772,1772,1777,1778,1783,2017-07-13 07:20:00,2017-07-13 08:10:00,2017-07-13 08:20:00,2017-07-13 09:10:00,train
1773,1773,1778,1779,1784,2017-07-13 07:30:00,2017-07-13 08:20:00,2017-07-13 08:30:00,2017-07-13 09:20:00,train
1774,1774,1779,1780,1785,2017-07-13 07:40:00,2017-07-13 08:30:00,2017-07-13 08:40:00,2017-07-13 09:30:00,train
1775,1775,1780,1781,1786,2017-07-13 07:50:00,2017-07-13 08:40:00,2017-07-13 08:50:00,2017-07-13 09:40:00,train
1776,1776,1781,1782,1787,2017-07-13 08:00:00,2017-07-13 08:50:00,2017-07-13 09:00:00,2017-07-13 09:50:00,train
1777,1777,1782,1783,1788,2017-07-13 08:10:00,2017-07-13 09:00:00,2017-07-13 09:10:00,2017-07-13 10:00:00,train
1778,1778,1783,1784,1789,2017-07-13 08:20:00,2017-07-13 09:10:00,2017-07-13 09:20:00,2017-07-13 10:10:00,train
1779,1779,1784,1785,1790,2017-07-13 08:30:00,2017-07-13 09:20:00,2017-07-13 09:30:00,2017-07-13 10:20:00,train
1780,1780,1785,1786,1791,2017-07-13 08:40:00,2017-07-13 09:30:00,2017-07-13 09:40:00,2017-07-13 10:30:00,train
1781,1781,1786,1787,1792,2017-07-13 08:50:00,2017-07-13 09:40:00,2017-07-13 09:50:00,2017-07-13 10:40:00,train
1782,1782,1787,1788,1793,2017-07-13 09:00:00,2017-07-13 09:50:00,2017-07-13 10:00:00,2017-07-13 10:50:00,train
1783,1783,1788,1789,1794,2017-07-13 09:10:00,2017-07-13 10:00:00,2017-07-13 10:10:00,2017-07-13 11:00:00,train
1784,1784,1789,1790,1795,2017-07-13 09:20:00,2017-07-13 10:10:00,2017-07-13 10:20:00,2017-07-13 11:10:00,train
1785,1785,1790,1791,1796,2017-07-13 09:30:00,2017-07-13 10:20:00,2017-07-13 10:30:00,2017-07-13 11:20:00,train
1786,1786,1791,1792,1797,2017-07-13 09:40:00,2017-07-13 10:30:00,2017-07-13 10:40:00,2017-07-13 11:30:00,train
1787,1787,1792,1793,1798,2017-07-13 09:50:00,2017-07-13 10:40:00,2017-07-13 10:50:00,2017-07-13 11:40:00,train
1788,1788,1793,1794,1799,2017-07-13 10:00:00,2017-07-13 10:50:00,2017-07-13 11:00:00,2017-07-13 11:50:00,train
1789,1789,1794,1795,1800,2017-07-13 10:10:00,2017-07-13 11:00:00,2017-07-13 11:10:00,2017-07-13 12:00:00,train
1790,1790,1795,1796,1801,2017-07-13 10:20:00,2017-07-13 11:10:00,2017-07-13 11:20:00,2017-07-13 12:10:00,train
1791,1791,1796,1797,1802,2017-07-13 10:30:00,2017-07-13 11:20:00,2017-07-13 11:30:00,2017-07-13 12:20:00,train
1792,1792,1797,1798,1803,2017-07-13 10:40:00,2017-07-13 11:30:00,2017-07-13 11:40:00,2017-07-13 12:30:00,train
1793,1793,1798,1799,1804,2017-07-13 10:50:00,2017-07-13 11:40:00,2017-07-13 11:50:00,2017-07-13 12:40:00,train
1794,1794,1799,1800,1805,2017-07-13 11:00:00,2017-07-13 11:50:00,2017-07-13 12:00:00,2017-07-13 12:50:00,train
1795,1795,1800,1801,1806,2017-07-13 11:10:00,2017-07-13 12:00:00,2017-07-13 12:10:00,2017-07-13 13:00:00,train
1796,1796,1801,1802,1807,2017-07-13 11:20:00,2017-07-13 12:10:00,2017-07-13 12:20:00,2017-07-13 13:10:00,train
1797,1797,1802,1803,1808,2017-07-13 11:30:00,2017-07-13 12:20:00,2017-07-13 12:30:00,2017-07-13 13:20:00,train
1798,1798,1803,1804,1809,2017-07-13 11:40:00,2017-07-13 12:30:00,2017-07-13 12:40:00,2017-07-13 13:30:00,train
1799,1799,1804,1805,1810,2017-07-13 11:50:00,2017-07-13 12:40:00,2017-07-13 12:50:00,2017-07-13 13:40:00,train
1800,1800,1805,1806,1811,2017-07-13 12:00:00,2017-07-13 12:50:00,2017-07-13 13:00:00,2017-07-13 13:50:00,train
1801,1801,1806,1807,1812,2017-07-13 12:10:00,2017-07-13 13:00:00,2017-07-13 13:10:00,2017-07-13 14:00:00,train
1802,1802,1807,1808,1813,2017-07-13 12:20:00,2017-07-13 13:10:00,2017-07-13 13:20:00,2017-07-13 14:10:00,train
1803,1803,1808,1809,1814,2017-07-13 12:30:00,2017-07-13 13:20:00,2017-07-13 13:30:00,2017-07-13 14:20:00,train
1804,1804,1809,1810,1815,2017-07-13 12:40:00,2017-07-13 13:30:00,2017-07-13 13:40:00,2017-07-13 14:30:00,train
1805,1805,1810,1811,1816,2017-07-13 12:50:00,2017-07-13 13:40:00,2017-07-13 13:50:00,2017-07-13 14:40:00,train
1806,1806,1811,1812,1817,2017-07-13 13:00:00,2017-07-13 13:50:00,2017-07-13 14:00:00,2017-07-13 14:50:00,train
1807,1807,1812,1813,1818,2017-07-13 13:10:00,2017-07-13 14:00:00,2017-07-13 14:10:00,2017-07-13 15:00:00,train
1808,1808,1813,1814,1819,2017-07-13 13:20:00,2017-07-13 14:10:00,2017-07-13 14:20:00,2017-07-13 15:10:00,train
1809,1809,1814,1815,1820,2017-07-13 13:30:00,2017-07-13 14:20:00,2017-07-13 14:30:00,2017-07-13 15:20:00,train
1810,1810,1815,1816,1821,2017-07-13 13:40:00,2017-07-13 14:30:00,2017-07-13 14:40:00,2017-07-13 15:30:00,train
1811,1811,1816,1817,1822,2017-07-13 13:50:00,2017-07-13 14:40:00,2017-07-13 14:50:00,2017-07-13 15:40:00,train
1812,1812,1817,1818,1823,2017-07-13 14:00:00,2017-07-13 14:50:00,2017-07-13 15:00:00,2017-07-13 15:50:00,train
1813,1813,1818,1819,1824,2017-07-13 14:10:00,2017-07-13 15:00:00,2017-07-13 15:10:00,2017-07-13 16:00:00,train
1814,1814,1819,1820,1825,2017-07-13 14:20:00,2017-07-13 15:10:00,2017-07-13 15:20:00,2017-07-13 16:10:00,train
1815,1815,1820,1821,1826,2017-07-13 14:30:00,2017-07-13 15:20:00,2017-07-13 15:30:00,2017-07-13 16:20:00,train
1816,1816,1821,1822,1827,2017-07-13 14:40:00,2017-07-13 15:30:00,2017-07-13 15:40:00,2017-07-13 16:30:00,train
1817,1817,1822,1823,1828,2017-07-13 14:50:00,2017-07-13 15:40:00,2017-07-13 15:50:00,2017-07-13 16:40:00,train
1818,1818,1823,1824,1829,2017-07-13 15:00:00,2017-07-13 15:50:00,2017-07-13 16:00:00,2017-07-13 16:50:00,train
1819,1819,1824,1825,1830,2017-07-13 15:10:00,2017-07-13 16:00:00,2017-07-13 16:10:00,2017-07-13 17:00:00,train
1820,1820,1825,1826,1831,2017-07-13 15:20:00,2017-07-13 16:10:00,2017-07-13 16:20:00,2017-07-13 17:10:00,train
1821,1821,1826,1827,1832,2017-07-13 15:30:00,2017-07-13 16:20:00,2017-07-13 16:30:00,2017-07-13 17:20:00,train
1822,1822,1827,1828,1833,2017-07-13 15:40:00,2017-07-13 16:30:00,2017-07-13 16:40:00,2017-07-13 17:30:00,train
1823,1823,1828,1829,1834,2017-07-13 15:50:00,2017-07-13 16:40:00,2017-07-13 16:50:00,2017-07-13 17:40:00,train
1824,1824,1829,1830,1835,2017-07-13 16:00:00,2017-07-13 16:50:00,2017-07-13 17:00:00,2017-07-13 17:50:00,train
1825,1825,1830,1831,1836,2017-07-13 16:10:00,2017-07-13 17:00:00,2017-07-13 17:10:00,2017-07-13 18:00:00,train
1826,1826,1831,1832,1837,2017-07-13 16:20:00,2017-07-13 17:10:00,2017-07-13 17:20:00,2017-07-13 18:10:00,train
1827,1827,1832,1833,1838,2017-07-13 16:30:00,2017-07-13 17:20:00,2017-07-13 17:30:00,2017-07-13 18:20:00,train
1828,1828,1833,1834,1839,2017-07-13 16:40:00,2017-07-13 17:30:00,2017-07-13 17:40:00,2017-07-13 18:30:00,train
1829,1829,1834,1835,1840,2017-07-13 16:50:00,2017-07-13 17:40:00,2017-07-13 17:50:00,2017-07-13 18:40:00,train
1830,1830,1835,1836,1841,2017-07-13 17:00:00,2017-07-13 17:50:00,2017-07-13 18:00:00,2017-07-13 18:50:00,train
1831,1831,1836,1837,1842,2017-07-13 17:10:00,2017-07-13 18:00:00,2017-07-13 18:10:00,2017-07-13 19:00:00,train
1832,1832,1837,1838,1843,2017-07-13 17:20:00,2017-07-13 18:10:00,2017-07-13 18:20:00,2017-07-13 19:10:00,train
1833,1833,1838,1839,1844,2017-07-13 17:30:00,2017-07-13 18:20:00,2017-07-13 18:30:00,2017-07-13 19:20:00,train
1834,1834,1839,1840,1845,2017-07-13 17:40:00,2017-07-13 18:30:00,2017-07-13 18:40:00,2017-07-13 19:30:00,train
1835,1835,1840,1841,1846,2017-07-13 17:50:00,2017-07-13 18:40:00,2017-07-13 18:50:00,2017-07-13 19:40:00,train
1836,1836,1841,1842,1847,2017-07-13 18:00:00,2017-07-13 18:50:00,2017-07-13 19:00:00,2017-07-13 19:50:00,train
1837,1837,1842,1843,1848,2017-07-13 18:10:00,2017-07-13 19:00:00,2017-07-13 19:10:00,2017-07-13 20:00:00,train
1838,1838,1843,1844,1849,2017-07-13 18:20:00,2017-07-13 19:10:00,2017-07-13 19:20:00,2017-07-13 20:10:00,train
1839,1839,1844,1845,1850,2017-07-13 18:30:00,2017-07-13 19:20:00,2017-07-13 19:30:00,2017-07-13 20:20:00,train
1840,1840,1845,1846,1851,2017-07-13 18:40:00,2017-07-13 19:30:00,2017-07-13 19:40:00,2017-07-13 20:30:00,train
1841,1841,1846,1847,1852,2017-07-13 18:50:00,2017-07-13 19:40:00,2017-07-13 19:50:00,2017-07-13 20:40:00,train
1842,1842,1847,1848,1853,2017-07-13 19:00:00,2017-07-13 19:50:00,2017-07-13 20:00:00,2017-07-13 20:50:00,train
1843,1843,1848,1849,1854,2017-07-13 19:10:00,2017-07-13 20:00:00,2017-07-13 20:10:00,2017-07-13 21:00:00,train
1844,1844,1849,1850,1855,2017-07-13 19:20:00,2017-07-13 20:10:00,2017-07-13 20:20:00,2017-07-13 21:10:00,train
1845,1845,1850,1851,1856,2017-07-13 19:30:00,2017-07-13 20:20:00,2017-07-13 20:30:00,2017-07-13 21:20:00,train
1846,1846,1851,1852,1857,2017-07-13 19:40:00,2017-07-13 20:30:00,2017-07-13 20:40:00,2017-07-13 21:30:00,train
1847,1847,1852,1853,1858,2017-07-13 19:50:00,2017-07-13 20:40:00,2017-07-13 20:50:00,2017-07-13 21:40:00,train
1848,1848,1853,1854,1859,2017-07-13 20:00:00,2017-07-13 20:50:00,2017-07-13 21:00:00,2017-07-13 21:50:00,train
1849,1849,1854,1855,1860,2017-07-13 20:10:00,2017-07-13 21:00:00,2017-07-13 21:10:00,2017-07-13 22:00:00,train
1850,1850,1855,1856,1861,2017-07-13 20:20:00,2017-07-13 21:10:00,2017-07-13 21:20:00,2017-07-13 22:10:00,train
1851,1851,1856,1857,1862,2017-07-13 20:30:00,2017-07-13 21:20:00,2017-07-13 21:30:00,2017-07-13 22:20:00,train
1852,1852,1857,1858,1863,2017-07-13 20:40:00,2017-07-13 21:30:00,2017-07-13 21:40:00,2017-07-13 22:30:00,train
1853,1853,1858,1859,1864,2017-07-13 20:50:00,2017-07-13 21:40:00,2017-07-13 21:50:00,2017-07-13 22:40:00,train
1854,1854,1859,1860,1865,2017-07-13 21:00:00,2017-07-13 21:50:00,2017-07-13 22:00:00,2017-07-13 22:50:00,train
1855,1855,1860,1861,1866,2017-07-13 21:10:00,2017-07-13 22:00:00,2017-07-13 22:10:00,2017-07-13 23:00:00,train
1856,1856,1861,1862,1867,2017-07-13 21:20:00,2017-07-13 22:10:00,2017-07-13 22:20:00,2017-07-13 23:10:00,train
1857,1857,1862,1863,1868,2017-07-13 21:30:00,2017-07-13 22:20:00,2017-07-13 22:30:00,2017-07-13 23:20:00,train
1858,1858,1863,1864,1869,2017-07-13 21:40:00,2017-07-13 22:30:00,2017-07-13 22:40:00,2017-07-13 23:30:00,train
1859,1859,1864,1865,1870,2017-07-13 21:50:00,2017-07-13 22:40:00,2017-07-13 22:50:00,2017-07-13 23:40:00,train
1860,1860,1865,1866,1871,2017-07-13 22:00:00,2017-07-13 22:50:00,2017-07-13 23:00:00,2017-07-13 23:50:00,train
1861,1861,1866,1867,1872,2017-07-13 22:10:00,2017-07-13 23:00:00,2017-07-13 23:10:00,2017-07-14 00:00:00,train
1862,1862,1867,1868,1873,2017-07-13 22:20:00,2017-07-13 23:10:00,2017-07-13 23:20:00,2017-07-14 00:10:00,train
1863,1863,1868,1869,1874,2017-07-13 22:30:00,2017-07-13 23:20:00,2017-07-13 23:30:00,2017-07-14 00:20:00,train
1864,1864,1869,1870,1875,2017-07-13 22:40:00,2017-07-13 23:30:00,2017-07-13 23:40:00,2017-07-14 00:30:00,train
1865,1865,1870,1871,1876,2017-07-13 22:50:00,2017-07-13 23:40:00,2017-07-13 23:50:00,2017-07-14 00:40:00,train
1866,1866,1871,1872,1877,2017-07-13 23:00:00,2017-07-13 23:50:00,2017-07-14 00:00:00,2017-07-14 00:50:00,train
1867,1867,1872,1873,1878,2017-07-13 23:10:00,2017-07-14 00:00:00,2017-07-14 00:10:00,2017-07-14 01:00:00,train
1868,1868,1873,1874,1879,2017-07-13 23:20:00,2017-07-14 00:10:00,2017-07-14 00:20:00,2017-07-14 01:10:00,train
1869,1869,1874,1875,1880,2017-07-13 23:30:00,2017-07-14 00:20:00,2017-07-14 00:30:00,2017-07-14 01:20:00,train
1870,1870,1875,1876,1881,2017-07-13 23:40:00,2017-07-14 00:30:00,2017-07-14 00:40:00,2017-07-14 01:30:00,train
1871,1871,1876,1877,1882,2017-07-13 23:50:00,2017-07-14 00:40:00,2017-07-14 00:50:00,2017-07-14 01:40:00,train
1872,1872,1877,1878,1883,2017-07-14 00:00:00,2017-07-14 00:50:00,2017-07-14 01:00:00,2017-07-14 01:50:00,train
1873,1873,1878,1879,1884,2017-07-14 00:10:00,2017-07-14 01:00:00,2017-07-14 01:10:00,2017-07-14 02:00:00,train
1874,1874,1879,1880,1885,2017-07-14 00:20:00,2017-07-14 01:10:00,2017-07-14 01:20:00,2017-07-14 02:10:00,train
1875,1875,1880,1881,1886,2017-07-14 00:30:00,2017-07-14 01:20:00,2017-07-14 01:30:00,2017-07-14 02:20:00,train
1876,1876,1881,1882,1887,2017-07-14 00:40:00,2017-07-14 01:30:00,2017-07-14 01:40:00,2017-07-14 02:30:00,train
1877,1877,1882,1883,1888,2017-07-14 00:50:00,2017-07-14 01:40:00,2017-07-14 01:50:00,2017-07-14 02:40:00,train
1878,1878,1883,1884,1889,2017-07-14 01:00:00,2017-07-14 01:50:00,2017-07-14 02:00:00,2017-07-14 02:50:00,train
1879,1879,1884,1885,1890,2017-07-14 01:10:00,2017-07-14 02:00:00,2017-07-14 02:10:00,2017-07-14 03:00:00,train
1880,1880,1885,1886,1891,2017-07-14 01:20:00,2017-07-14 02:10:00,2017-07-14 02:20:00,2017-07-14 03:10:00,train
1881,1881,1886,1887,1892,2017-07-14 01:30:00,2017-07-14 02:20:00,2017-07-14 02:30:00,2017-07-14 03:20:00,train
1882,1882,1887,1888,1893,2017-07-14 01:40:00,2017-07-14 02:30:00,2017-07-14 02:40:00,2017-07-14 03:30:00,train
1883,1883,1888,1889,1894,2017-07-14 01:50:00,2017-07-14 02:40:00,2017-07-14 02:50:00,2017-07-14 03:40:00,train
1884,1884,1889,1890,1895,2017-07-14 02:00:00,2017-07-14 02:50:00,2017-07-14 03:00:00,2017-07-14 03:50:00,train
1885,1885,1890,1891,1896,2017-07-14 02:10:00,2017-07-14 03:00:00,2017-07-14 03:10:00,2017-07-14 04:00:00,train
1886,1886,1891,1892,1897,2017-07-14 02:20:00,2017-07-14 03:10:00,2017-07-14 03:20:00,2017-07-14 04:10:00,train
1887,1887,1892,1893,1898,2017-07-14 02:30:00,2017-07-14 03:20:00,2017-07-14 03:30:00,2017-07-14 04:20:00,train
1888,1888,1893,1894,1899,2017-07-14 02:40:00,2017-07-14 03:30:00,2017-07-14 03:40:00,2017-07-14 04:30:00,train
1889,1889,1894,1895,1900,2017-07-14 02:50:00,2017-07-14 03:40:00,2017-07-14 03:50:00,2017-07-14 04:40:00,train
1890,1890,1895,1896,1901,2017-07-14 03:00:00,2017-07-14 03:50:00,2017-07-14 04:00:00,2017-07-14 04:50:00,train
1891,1891,1896,1897,1902,2017-07-14 03:10:00,2017-07-14 04:00:00,2017-07-14 04:10:00,2017-07-14 05:00:00,train
1892,1892,1897,1898,1903,2017-07-14 03:20:00,2017-07-14 04:10:00,2017-07-14 04:20:00,2017-07-14 05:10:00,train
1893,1893,1898,1899,1904,2017-07-14 03:30:00,2017-07-14 04:20:00,2017-07-14 04:30:00,2017-07-14 05:20:00,train
1894,1894,1899,1900,1905,2017-07-14 03:40:00,2017-07-14 04:30:00,2017-07-14 04:40:00,2017-07-14 05:30:00,train
1895,1895,1900,1901,1906,2017-07-14 03:50:00,2017-07-14 04:40:00,2017-07-14 04:50:00,2017-07-14 05:40:00,train
1896,1896,1901,1902,1907,2017-07-14 04:00:00,2017-07-14 04:50:00,2017-07-14 05:00:00,2017-07-14 05:50:00,train
1897,1897,1902,1903,1908,2017-07-14 04:10:00,2017-07-14 05:00:00,2017-07-14 05:10:00,2017-07-14 06:00:00,train
1898,1898,1903,1904,1909,2017-07-14 04:20:00,2017-07-14 05:10:00,2017-07-14 05:20:00,2017-07-14 06:10:00,train
1899,1899,1904,1905,1910,2017-07-14 04:30:00,2017-07-14 05:20:00,2017-07-14 05:30:00,2017-07-14 06:20:00,train
1900,1900,1905,1906,1911,2017-07-14 04:40:00,2017-07-14 05:30:00,2017-07-14 05:40:00,2017-07-14 06:30:00,train
1901,1901,1906,1907,1912,2017-07-14 04:50:00,2017-07-14 05:40:00,2017-07-14 05:50:00,2017-07-14 06:40:00,train
1902,1902,1907,1908,1913,2017-07-14 05:00:00,2017-07-14 05:50:00,2017-07-14 06:00:00,2017-07-14 06:50:00,train
1903,1903,1908,1909,1914,2017-07-14 05:10:00,2017-07-14 06:00:00,2017-07-14 06:10:00,2017-07-14 07:00:00,train
1904,1904,1909,1910,1915,2017-07-14 05:20:00,2017-07-14 06:10:00,2017-07-14 06:20:00,2017-07-14 07:10:00,train
1905,1905,1910,1911,1916,2017-07-14 05:30:00,2017-07-14 06:20:00,2017-07-14 06:30:00,2017-07-14 07:20:00,train
1906,1906,1911,1912,1917,2017-07-14 05:40:00,2017-07-14 06:30:00,2017-07-14 06:40:00,2017-07-14 07:30:00,train
1907,1907,1912,1913,1918,2017-07-14 05:50:00,2017-07-14 06:40:00,2017-07-14 06:50:00,2017-07-14 07:40:00,train
1908,1908,1913,1914,1919,2017-07-14 06:00:00,2017-07-14 06:50:00,2017-07-14 07:00:00,2017-07-14 07:50:00,train
1909,1909,1914,1915,1920,2017-07-14 06:10:00,2017-07-14 07:00:00,2017-07-14 07:10:00,2017-07-14 08:00:00,train
1910,1910,1915,1916,1921,2017-07-14 06:20:00,2017-07-14 07:10:00,2017-07-14 07:20:00,2017-07-14 08:10:00,train
1911,1911,1916,1917,1922,2017-07-14 06:30:00,2017-07-14 07:20:00,2017-07-14 07:30:00,2017-07-14 08:20:00,train
1912,1912,1917,1918,1923,2017-07-14 06:40:00,2017-07-14 07:30:00,2017-07-14 07:40:00,2017-07-14 08:30:00,train
1913,1913,1918,1919,1924,2017-07-14 06:50:00,2017-07-14 07:40:00,2017-07-14 07:50:00,2017-07-14 08:40:00,train
1914,1914,1919,1920,1925,2017-07-14 07:00:00,2017-07-14 07:50:00,2017-07-14 08:00:00,2017-07-14 08:50:00,train
1915,1915,1920,1921,1926,2017-07-14 07:10:00,2017-07-14 08:00:00,2017-07-14 08:10:00,2017-07-14 09:00:00,train
1916,1916,1921,1922,1927,2017-07-14 07:20:00,2017-07-14 08:10:00,2017-07-14 08:20:00,2017-07-14 09:10:00,train
1917,1917,1922,1923,1928,2017-07-14 07:30:00,2017-07-14 08:20:00,2017-07-14 08:30:00,2017-07-14 09:20:00,train
1918,1918,1923,1924,1929,2017-07-14 07:40:00,2017-07-14 08:30:00,2017-07-14 08:40:00,2017-07-14 09:30:00,train
1919,1919,1924,1925,1930,2017-07-14 07:50:00,2017-07-14 08:40:00,2017-07-14 08:50:00,2017-07-14 09:40:00,train
1920,1920,1925,1926,1931,2017-07-14 08:00:00,2017-07-14 08:50:00,2017-07-14 09:00:00,2017-07-14 09:50:00,train
1921,1921,1926,1927,1932,2017-07-14 08:10:00,2017-07-14 09:00:00,2017-07-14 09:10:00,2017-07-14 10:00:00,train
1922,1922,1927,1928,1933,2017-07-14 08:20:00,2017-07-14 09:10:00,2017-07-14 09:20:00,2017-07-14 10:10:00,train
1923,1923,1928,1929,1934,2017-07-14 08:30:00,2017-07-14 09:20:00,2017-07-14 09:30:00,2017-07-14 10:20:00,train
1924,1924,1929,1930,1935,2017-07-14 08:40:00,2017-07-14 09:30:00,2017-07-14 09:40:00,2017-07-14 10:30:00,train
1925,1925,1930,1931,1936,2017-07-14 08:50:00,2017-07-14 09:40:00,2017-07-14 09:50:00,2017-07-14 10:40:00,train
1926,1926,1931,1932,1937,2017-07-14 09:00:00,2017-07-14 09:50:00,2017-07-14 10:00:00,2017-07-14 10:50:00,train
1927,1927,1932,1933,1938,2017-07-14 09:10:00,2017-07-14 10:00:00,2017-07-14 10:10:00,2017-07-14 11:00:00,train
1928,1928,1933,1934,1939,2017-07-14 09:20:00,2017-07-14 10:10:00,2017-07-14 10:20:00,2017-07-14 11:10:00,train
1929,1929,1934,1935,1940,2017-07-14 09:30:00,2017-07-14 10:20:00,2017-07-14 10:30:00,2017-07-14 11:20:00,train
1930,1930,1935,1936,1941,2017-07-14 09:40:00,2017-07-14 10:30:00,2017-07-14 10:40:00,2017-07-14 11:30:00,train
1931,1931,1936,1937,1942,2017-07-14 09:50:00,2017-07-14 10:40:00,2017-07-14 10:50:00,2017-07-14 11:40:00,train
1932,1932,1937,1938,1943,2017-07-14 10:00:00,2017-07-14 10:50:00,2017-07-14 11:00:00,2017-07-14 11:50:00,train
1933,1933,1938,1939,1944,2017-07-14 10:10:00,2017-07-14 11:00:00,2017-07-14 11:10:00,2017-07-14 12:00:00,train
1934,1934,1939,1940,1945,2017-07-14 10:20:00,2017-07-14 11:10:00,2017-07-14 11:20:00,2017-07-14 12:10:00,train
1935,1935,1940,1941,1946,2017-07-14 10:30:00,2017-07-14 11:20:00,2017-07-14 11:30:00,2017-07-14 12:20:00,train
1936,1936,1941,1942,1947,2017-07-14 10:40:00,2017-07-14 11:30:00,2017-07-14 11:40:00,2017-07-14 12:30:00,train
1937,1937,1942,1943,1948,2017-07-14 10:50:00,2017-07-14 11:40:00,2017-07-14 11:50:00,2017-07-14 12:40:00,train
1938,1938,1943,1944,1949,2017-07-14 11:00:00,2017-07-14 11:50:00,2017-07-14 12:00:00,2017-07-14 12:50:00,train
1939,1939,1944,1945,1950,2017-07-14 11:10:00,2017-07-14 12:00:00,2017-07-14 12:10:00,2017-07-14 13:00:00,train
1940,1940,1945,1946,1951,2017-07-14 11:20:00,2017-07-14 12:10:00,2017-07-14 12:20:00,2017-07-14 13:10:00,train
1941,1941,1946,1947,1952,2017-07-14 11:30:00,2017-07-14 12:20:00,2017-07-14 12:30:00,2017-07-14 13:20:00,train
1942,1942,1947,1948,1953,2017-07-14 11:40:00,2017-07-14 12:30:00,2017-07-14 12:40:00,2017-07-14 13:30:00,train
1943,1943,1948,1949,1954,2017-07-14 11:50:00,2017-07-14 12:40:00,2017-07-14 12:50:00,2017-07-14 13:40:00,train
1944,1944,1949,1950,1955,2017-07-14 12:00:00,2017-07-14 12:50:00,2017-07-14 13:00:00,2017-07-14 13:50:00,train
1945,1945,1950,1951,1956,2017-07-14 12:10:00,2017-07-14 13:00:00,2017-07-14 13:10:00,2017-07-14 14:00:00,train
1946,1946,1951,1952,1957,2017-07-14 12:20:00,2017-07-14 13:10:00,2017-07-14 13:20:00,2017-07-14 14:10:00,train
1947,1947,1952,1953,1958,2017-07-14 12:30:00,2017-07-14 13:20:00,2017-07-14 13:30:00,2017-07-14 14:20:00,train
1948,1948,1953,1954,1959,2017-07-14 12:40:00,2017-07-14 13:30:00,2017-07-14 13:40:00,2017-07-14 14:30:00,train
1949,1949,1954,1955,1960,2017-07-14 12:50:00,2017-07-14 13:40:00,2017-07-14 13:50:00,2017-07-14 14:40:00,train
1950,1950,1955,1956,1961,2017-07-14 13:00:00,2017-07-14 13:50:00,2017-07-14 14:00:00,2017-07-14 14:50:00,train
1951,1951,1956,1957,1962,2017-07-14 13:10:00,2017-07-14 14:00:00,2017-07-14 14:10:00,2017-07-14 15:00:00,train
1952,1952,1957,1958,1963,2017-07-14 13:20:00,2017-07-14 14:10:00,2017-07-14 14:20:00,2017-07-14 15:10:00,train
1953,1953,1958,1959,1964,2017-07-14 13:30:00,2017-07-14 14:20:00,2017-07-14 14:30:00,2017-07-14 15:20:00,train
1954,1954,1959,1960,1965,2017-07-14 13:40:00,2017-07-14 14:30:00,2017-07-14 14:40:00,2017-07-14 15:30:00,train
1955,1955,1960,1961,1966,2017-07-14 13:50:00,2017-07-14 14:40:00,2017-07-14 14:50:00,2017-07-14 15:40:00,train
1956,1956,1961,1962,1967,2017-07-14 14:00:00,2017-07-14 14:50:00,2017-07-14 15:00:00,2017-07-14 15:50:00,train
1957,1957,1962,1963,1968,2017-07-14 14:10:00,2017-07-14 15:00:00,2017-07-14 15:10:00,2017-07-14 16:00:00,train
1958,1958,1963,1964,1969,2017-07-14 14:20:00,2017-07-14 15:10:00,2017-07-14 15:20:00,2017-07-14 16:10:00,train
1959,1959,1964,1965,1970,2017-07-14 14:30:00,2017-07-14 15:20:00,2017-07-14 15:30:00,2017-07-14 16:20:00,train
1960,1960,1965,1966,1971,2017-07-14 14:40:00,2017-07-14 15:30:00,2017-07-14 15:40:00,2017-07-14 16:30:00,train
1961,1961,1966,1967,1972,2017-07-14 14:50:00,2017-07-14 15:40:00,2017-07-14 15:50:00,2017-07-14 16:40:00,train
1962,1962,1967,1968,1973,2017-07-14 15:00:00,2017-07-14 15:50:00,2017-07-14 16:00:00,2017-07-14 16:50:00,train
1963,1963,1968,1969,1974,2017-07-14 15:10:00,2017-07-14 16:00:00,2017-07-14 16:10:00,2017-07-14 17:00:00,train
1964,1964,1969,1970,1975,2017-07-14 15:20:00,2017-07-14 16:10:00,2017-07-14 16:20:00,2017-07-14 17:10:00,train
1965,1965,1970,1971,1976,2017-07-14 15:30:00,2017-07-14 16:20:00,2017-07-14 16:30:00,2017-07-14 17:20:00,train
1966,1966,1971,1972,1977,2017-07-14 15:40:00,2017-07-14 16:30:00,2017-07-14 16:40:00,2017-07-14 17:30:00,train
1967,1967,1972,1973,1978,2017-07-14 15:50:00,2017-07-14 16:40:00,2017-07-14 16:50:00,2017-07-14 17:40:00,train
1968,1968,1973,1974,1979,2017-07-14 16:00:00,2017-07-14 16:50:00,2017-07-14 17:00:00,2017-07-14 17:50:00,train
1969,1969,1974,1975,1980,2017-07-14 16:10:00,2017-07-14 17:00:00,2017-07-14 17:10:00,2017-07-14 18:00:00,train
1970,1970,1975,1976,1981,2017-07-14 16:20:00,2017-07-14 17:10:00,2017-07-14 17:20:00,2017-07-14 18:10:00,train
1971,1971,1976,1977,1982,2017-07-14 16:30:00,2017-07-14 17:20:00,2017-07-14 17:30:00,2017-07-14 18:20:00,train
1972,1972,1977,1978,1983,2017-07-14 16:40:00,2017-07-14 17:30:00,2017-07-14 17:40:00,2017-07-14 18:30:00,train
1973,1973,1978,1979,1984,2017-07-14 16:50:00,2017-07-14 17:40:00,2017-07-14 17:50:00,2017-07-14 18:40:00,train
1974,1974,1979,1980,1985,2017-07-14 17:00:00,2017-07-14 17:50:00,2017-07-14 18:00:00,2017-07-14 18:50:00,train
1975,1975,1980,1981,1986,2017-07-14 17:10:00,2017-07-14 18:00:00,2017-07-14 18:10:00,2017-07-14 19:00:00,train
1976,1976,1981,1982,1987,2017-07-14 17:20:00,2017-07-14 18:10:00,2017-07-14 18:20:00,2017-07-14 19:10:00,train
1977,1977,1982,1983,1988,2017-07-14 17:30:00,2017-07-14 18:20:00,2017-07-14 18:30:00,2017-07-14 19:20:00,train
1978,1978,1983,1984,1989,2017-07-14 17:40:00,2017-07-14 18:30:00,2017-07-14 18:40:00,2017-07-14 19:30:00,train
1979,1979,1984,1985,1990,2017-07-14 17:50:00,2017-07-14 18:40:00,2017-07-14 18:50:00,2017-07-14 19:40:00,train
1980,1980,1985,1986,1991,2017-07-14 18:00:00,2017-07-14 18:50:00,2017-07-14 19:00:00,2017-07-14 19:50:00,train
1981,1981,1986,1987,1992,2017-07-14 18:10:00,2017-07-14 19:00:00,2017-07-14 19:10:00,2017-07-14 20:00:00,train
1982,1982,1987,1988,1993,2017-07-14 18:20:00,2017-07-14 19:10:00,2017-07-14 19:20:00,2017-07-14 20:10:00,train
1983,1983,1988,1989,1994,2017-07-14 18:30:00,2017-07-14 19:20:00,2017-07-14 19:30:00,2017-07-14 20:20:00,train
1984,1984,1989,1990,1995,2017-07-14 18:40:00,2017-07-14 19:30:00,2017-07-14 19:40:00,2017-07-14 20:30:00,train
1985,1985,1990,1991,1996,2017-07-14 18:50:00,2017-07-14 19:40:00,2017-07-14 19:50:00,2017-07-14 20:40:00,train
1986,1986,1991,1992,1997,2017-07-14 19:00:00,2017-07-14 19:50:00,2017-07-14 20:00:00,2017-07-14 20:50:00,train
1987,1987,1992,1993,1998,2017-07-14 19:10:00,2017-07-14 20:00:00,2017-07-14 20:10:00,2017-07-14 21:00:00,train
1988,1988,1993,1994,1999,2017-07-14 19:20:00,2017-07-14 20:10:00,2017-07-14 20:20:00,2017-07-14 21:10:00,train
1989,1989,1994,1995,2000,2017-07-14 19:30:00,2017-07-14 20:20:00,2017-07-14 20:30:00,2017-07-14 21:20:00,train
1990,1990,1995,1996,2001,2017-07-14 19:40:00,2017-07-14 20:30:00,2017-07-14 20:40:00,2017-07-14 21:30:00,train
1991,1991,1996,1997,2002,2017-07-14 19:50:00,2017-07-14 20:40:00,2017-07-14 20:50:00,2017-07-14 21:40:00,train
1992,1992,1997,1998,2003,2017-07-14 20:00:00,2017-07-14 20:50:00,2017-07-14 21:00:00,2017-07-14 21:50:00,train
1993,1993,1998,1999,2004,2017-07-14 20:10:00,2017-07-14 21:00:00,2017-07-14 21:10:00,2017-07-14 22:00:00,train
1994,1994,1999,2000,2005,2017-07-14 20:20:00,2017-07-14 21:10:00,2017-07-14 21:20:00,2017-07-14 22:10:00,train
1995,1995,2000,2001,2006,2017-07-14 20:30:00,2017-07-14 21:20:00,2017-07-14 21:30:00,2017-07-14 22:20:00,train
1996,1996,2001,2002,2007,2017-07-14 20:40:00,2017-07-14 21:30:00,2017-07-14 21:40:00,2017-07-14 22:30:00,train
1997,1997,2002,2003,2008,2017-07-14 20:50:00,2017-07-14 21:40:00,2017-07-14 21:50:00,2017-07-14 22:40:00,train
1998,1998,2003,2004,2009,2017-07-14 21:00:00,2017-07-14 21:50:00,2017-07-14 22:00:00,2017-07-14 22:50:00,train
1999,1999,2004,2005,2010,2017-07-14 21:10:00,2017-07-14 22:00:00,2017-07-14 22:10:00,2017-07-14 23:00:00,train
2000,2000,2005,2006,2011,2017-07-14 21:20:00,2017-07-14 22:10:00,2017-07-14 22:20:00,2017-07-14 23:10:00,train
2001,2001,2006,2007,2012,2017-07-14 21:30:00,2017-07-14 22:20:00,2017-07-14 22:30:00,2017-07-14 23:20:00,train
2002,2002,2007,2008,2013,2017-07-14 21:40:00,2017-07-14 22:30:00,2017-07-14 22:40:00,2017-07-14 23:30:00,train
2003,2003,2008,2009,2014,2017-07-14 21:50:00,2017-07-14 22:40:00,2017-07-14 22:50:00,2017-07-14 23:40:00,train
2004,2004,2009,2010,2015,2017-07-14 22:00:00,2017-07-14 22:50:00,2017-07-14 23:00:00,2017-07-14 23:50:00,train
2005,2005,2010,2011,2016,2017-07-14 22:10:00,2017-07-14 23:00:00,2017-07-14 23:10:00,2017-07-15 00:00:00,train
2006,2006,2011,2012,2017,2017-07-14 22:20:00,2017-07-14 23:10:00,2017-07-14 23:20:00,2017-07-15 00:10:00,train
2007,2007,2012,2013,2018,2017-07-14 22:30:00,2017-07-14 23:20:00,2017-07-14 23:30:00,2017-07-15 00:20:00,train
2008,2008,2013,2014,2019,2017-07-14 22:40:00,2017-07-14 23:30:00,2017-07-14 23:40:00,2017-07-15 00:30:00,train
2009,2009,2014,2015,2020,2017-07-14 22:50:00,2017-07-14 23:40:00,2017-07-14 23:50:00,2017-07-15 00:40:00,train
2010,2010,2015,2016,2021,2017-07-14 23:00:00,2017-07-14 23:50:00,2017-07-15 00:00:00,2017-07-15 00:50:00,train
2011,2011,2016,2017,2022,2017-07-14 23:10:00,2017-07-15 00:00:00,2017-07-15 00:10:00,2017-07-15 01:00:00,train
2012,2012,2017,2018,2023,2017-07-14 23:20:00,2017-07-15 00:10:00,2017-07-15 00:20:00,2017-07-15 01:10:00,train
2013,2013,2018,2019,2024,2017-07-14 23:30:00,2017-07-15 00:20:00,2017-07-15 00:30:00,2017-07-15 01:20:00,train
2014,2014,2019,2020,2025,2017-07-14 23:40:00,2017-07-15 00:30:00,2017-07-15 00:40:00,2017-07-15 01:30:00,train
2015,2015,2020,2021,2026,2017-07-14 23:50:00,2017-07-15 00:40:00,2017-07-15 00:50:00,2017-07-15 01:40:00,train
2016,2016,2021,2022,2027,2017-07-15 00:00:00,2017-07-15 00:50:00,2017-07-15 01:00:00,2017-07-15 01:50:00,train
2017,2017,2022,2023,2028,2017-07-15 00:10:00,2017-07-15 01:00:00,2017-07-15 01:10:00,2017-07-15 02:00:00,train
2018,2018,2023,2024,2029,2017-07-15 00:20:00,2017-07-15 01:10:00,2017-07-15 01:20:00,2017-07-15 02:10:00,train
2019,2019,2024,2025,2030,2017-07-15 00:30:00,2017-07-15 01:20:00,2017-07-15 01:30:00,2017-07-15 02:20:00,train
2020,2020,2025,2026,2031,2017-07-15 00:40:00,2017-07-15 01:30:00,2017-07-15 01:40:00,2017-07-15 02:30:00,train
2021,2021,2026,2027,2032,2017-07-15 00:50:00,2017-07-15 01:40:00,2017-07-15 01:50:00,2017-07-15 02:40:00,train
2022,2022,2027,2028,2033,2017-07-15 01:00:00,2017-07-15 01:50:00,2017-07-15 02:00:00,2017-07-15 02:50:00,train
2023,2023,2028,2029,2034,2017-07-15 01:10:00,2017-07-15 02:00:00,2017-07-15 02:10:00,2017-07-15 03:00:00,train
2024,2024,2029,2030,2035,2017-07-15 01:20:00,2017-07-15 02:10:00,2017-07-15 02:20:00,2017-07-15 03:10:00,train
2025,2025,2030,2031,2036,2017-07-15 01:30:00,2017-07-15 02:20:00,2017-07-15 02:30:00,2017-07-15 03:20:00,train
2026,2026,2031,2032,2037,2017-07-15 01:40:00,2017-07-15 02:30:00,2017-07-15 02:40:00,2017-07-15 03:30:00,train
2027,2027,2032,2033,2038,2017-07-15 01:50:00,2017-07-15 02:40:00,2017-07-15 02:50:00,2017-07-15 03:40:00,train
2028,2028,2033,2034,2039,2017-07-15 02:00:00,2017-07-15 02:50:00,2017-07-15 03:00:00,2017-07-15 03:50:00,train
2029,2029,2034,2035,2040,2017-07-15 02:10:00,2017-07-15 03:00:00,2017-07-15 03:10:00,2017-07-15 04:00:00,train
2030,2030,2035,2036,2041,2017-07-15 02:20:00,2017-07-15 03:10:00,2017-07-15 03:20:00,2017-07-15 04:10:00,train
2031,2031,2036,2037,2042,2017-07-15 02:30:00,2017-07-15 03:20:00,2017-07-15 03:30:00,2017-07-15 04:20:00,train
2032,2032,2037,2038,2043,2017-07-15 02:40:00,2017-07-15 03:30:00,2017-07-15 03:40:00,2017-07-15 04:30:00,train
2033,2033,2038,2039,2044,2017-07-15 02:50:00,2017-07-15 03:40:00,2017-07-15 03:50:00,2017-07-15 04:40:00,train
2034,2034,2039,2040,2045,2017-07-15 03:00:00,2017-07-15 03:50:00,2017-07-15 04:00:00,2017-07-15 04:50:00,train
2035,2035,2040,2041,2046,2017-07-15 03:10:00,2017-07-15 04:00:00,2017-07-15 04:10:00,2017-07-15 05:00:00,train
2036,2036,2041,2042,2047,2017-07-15 03:20:00,2017-07-15 04:10:00,2017-07-15 04:20:00,2017-07-15 05:10:00,train
2037,2037,2042,2043,2048,2017-07-15 03:30:00,2017-07-15 04:20:00,2017-07-15 04:30:00,2017-07-15 05:20:00,train
2038,2038,2043,2044,2049,2017-07-15 03:40:00,2017-07-15 04:30:00,2017-07-15 04:40:00,2017-07-15 05:30:00,train
2039,2039,2044,2045,2050,2017-07-15 03:50:00,2017-07-15 04:40:00,2017-07-15 04:50:00,2017-07-15 05:40:00,train
2040,2040,2045,2046,2051,2017-07-15 04:00:00,2017-07-15 04:50:00,2017-07-15 05:00:00,2017-07-15 05:50:00,train
2041,2041,2046,2047,2052,2017-07-15 04:10:00,2017-07-15 05:00:00,2017-07-15 05:10:00,2017-07-15 06:00:00,train
2042,2042,2047,2048,2053,2017-07-15 04:20:00,2017-07-15 05:10:00,2017-07-15 05:20:00,2017-07-15 06:10:00,train
2043,2043,2048,2049,2054,2017-07-15 04:30:00,2017-07-15 05:20:00,2017-07-15 05:30:00,2017-07-15 06:20:00,train
2044,2044,2049,2050,2055,2017-07-15 04:40:00,2017-07-15 05:30:00,2017-07-15 05:40:00,2017-07-15 06:30:00,train
2045,2045,2050,2051,2056,2017-07-15 04:50:00,2017-07-15 05:40:00,2017-07-15 05:50:00,2017-07-15 06:40:00,train
2046,2046,2051,2052,2057,2017-07-15 05:00:00,2017-07-15 05:50:00,2017-07-15 06:00:00,2017-07-15 06:50:00,train
2047,2047,2052,2053,2058,2017-07-15 05:10:00,2017-07-15 06:00:00,2017-07-15 06:10:00,2017-07-15 07:00:00,train
2048,2048,2053,2054,2059,2017-07-15 05:20:00,2017-07-15 06:10:00,2017-07-15 06:20:00,2017-07-15 07:10:00,train
2049,2049,2054,2055,2060,2017-07-15 05:30:00,2017-07-15 06:20:00,2017-07-15 06:30:00,2017-07-15 07:20:00,train
2050,2050,2055,2056,2061,2017-07-15 05:40:00,2017-07-15 06:30:00,2017-07-15 06:40:00,2017-07-15 07:30:00,train
2051,2051,2056,2057,2062,2017-07-15 05:50:00,2017-07-15 06:40:00,2017-07-15 06:50:00,2017-07-15 07:40:00,train
2052,2052,2057,2058,2063,2017-07-15 06:00:00,2017-07-15 06:50:00,2017-07-15 07:00:00,2017-07-15 07:50:00,train
2053,2053,2058,2059,2064,2017-07-15 06:10:00,2017-07-15 07:00:00,2017-07-15 07:10:00,2017-07-15 08:00:00,train
2054,2054,2059,2060,2065,2017-07-15 06:20:00,2017-07-15 07:10:00,2017-07-15 07:20:00,2017-07-15 08:10:00,train
2055,2055,2060,2061,2066,2017-07-15 06:30:00,2017-07-15 07:20:00,2017-07-15 07:30:00,2017-07-15 08:20:00,train
2056,2056,2061,2062,2067,2017-07-15 06:40:00,2017-07-15 07:30:00,2017-07-15 07:40:00,2017-07-15 08:30:00,train
2057,2057,2062,2063,2068,2017-07-15 06:50:00,2017-07-15 07:40:00,2017-07-15 07:50:00,2017-07-15 08:40:00,train
2058,2058,2063,2064,2069,2017-07-15 07:00:00,2017-07-15 07:50:00,2017-07-15 08:00:00,2017-07-15 08:50:00,train
2059,2059,2064,2065,2070,2017-07-15 07:10:00,2017-07-15 08:00:00,2017-07-15 08:10:00,2017-07-15 09:00:00,train
2060,2060,2065,2066,2071,2017-07-15 07:20:00,2017-07-15 08:10:00,2017-07-15 08:20:00,2017-07-15 09:10:00,train
2061,2061,2066,2067,2072,2017-07-15 07:30:00,2017-07-15 08:20:00,2017-07-15 08:30:00,2017-07-15 09:20:00,train
2062,2062,2067,2068,2073,2017-07-15 07:40:00,2017-07-15 08:30:00,2017-07-15 08:40:00,2017-07-15 09:30:00,train
2063,2063,2068,2069,2074,2017-07-15 07:50:00,2017-07-15 08:40:00,2017-07-15 08:50:00,2017-07-15 09:40:00,train
2064,2064,2069,2070,2075,2017-07-15 08:00:00,2017-07-15 08:50:00,2017-07-15 09:00:00,2017-07-15 09:50:00,train
2065,2065,2070,2071,2076,2017-07-15 08:10:00,2017-07-15 09:00:00,2017-07-15 09:10:00,2017-07-15 10:00:00,train
2066,2066,2071,2072,2077,2017-07-15 08:20:00,2017-07-15 09:10:00,2017-07-15 09:20:00,2017-07-15 10:10:00,train
2067,2067,2072,2073,2078,2017-07-15 08:30:00,2017-07-15 09:20:00,2017-07-15 09:30:00,2017-07-15 10:20:00,train
2068,2068,2073,2074,2079,2017-07-15 08:40:00,2017-07-15 09:30:00,2017-07-15 09:40:00,2017-07-15 10:30:00,train
2069,2069,2074,2075,2080,2017-07-15 08:50:00,2017-07-15 09:40:00,2017-07-15 09:50:00,2017-07-15 10:40:00,train
2070,2070,2075,2076,2081,2017-07-15 09:00:00,2017-07-15 09:50:00,2017-07-15 10:00:00,2017-07-15 10:50:00,train
2071,2071,2076,2077,2082,2017-07-15 09:10:00,2017-07-15 10:00:00,2017-07-15 10:10:00,2017-07-15 11:00:00,train
2072,2072,2077,2078,2083,2017-07-15 09:20:00,2017-07-15 10:10:00,2017-07-15 10:20:00,2017-07-15 11:10:00,train
2073,2073,2078,2079,2084,2017-07-15 09:30:00,2017-07-15 10:20:00,2017-07-15 10:30:00,2017-07-15 11:20:00,train
2074,2074,2079,2080,2085,2017-07-15 09:40:00,2017-07-15 10:30:00,2017-07-15 10:40:00,2017-07-15 11:30:00,train
2075,2075,2080,2081,2086,2017-07-15 09:50:00,2017-07-15 10:40:00,2017-07-15 10:50:00,2017-07-15 11:40:00,train
2076,2076,2081,2082,2087,2017-07-15 10:00:00,2017-07-15 10:50:00,2017-07-15 11:00:00,2017-07-15 11:50:00,train
2077,2077,2082,2083,2088,2017-07-15 10:10:00,2017-07-15 11:00:00,2017-07-15 11:10:00,2017-07-15 12:00:00,train
2078,2078,2083,2084,2089,2017-07-15 10:20:00,2017-07-15 11:10:00,2017-07-15 11:20:00,2017-07-15 12:10:00,train
2079,2079,2084,2085,2090,2017-07-15 10:30:00,2017-07-15 11:20:00,2017-07-15 11:30:00,2017-07-15 12:20:00,train
2080,2080,2085,2086,2091,2017-07-15 10:40:00,2017-07-15 11:30:00,2017-07-15 11:40:00,2017-07-15 12:30:00,train
2081,2081,2086,2087,2092,2017-07-15 10:50:00,2017-07-15 11:40:00,2017-07-15 11:50:00,2017-07-15 12:40:00,train
2082,2082,2087,2088,2093,2017-07-15 11:00:00,2017-07-15 11:50:00,2017-07-15 12:00:00,2017-07-15 12:50:00,train
2083,2083,2088,2089,2094,2017-07-15 11:10:00,2017-07-15 12:00:00,2017-07-15 12:10:00,2017-07-15 13:00:00,train
2084,2084,2089,2090,2095,2017-07-15 11:20:00,2017-07-15 12:10:00,2017-07-15 12:20:00,2017-07-15 13:10:00,train
2085,2085,2090,2091,2096,2017-07-15 11:30:00,2017-07-15 12:20:00,2017-07-15 12:30:00,2017-07-15 13:20:00,train
2086,2086,2091,2092,2097,2017-07-15 11:40:00,2017-07-15 12:30:00,2017-07-15 12:40:00,2017-07-15 13:30:00,train
2087,2087,2092,2093,2098,2017-07-15 11:50:00,2017-07-15 12:40:00,2017-07-15 12:50:00,2017-07-15 13:40:00,train
2088,2088,2093,2094,2099,2017-07-15 12:00:00,2017-07-15 12:50:00,2017-07-15 13:00:00,2017-07-15 13:50:00,train
2089,2089,2094,2095,2100,2017-07-15 12:10:00,2017-07-15 13:00:00,2017-07-15 13:10:00,2017-07-15 14:00:00,train
2090,2090,2095,2096,2101,2017-07-15 12:20:00,2017-07-15 13:10:00,2017-07-15 13:20:00,2017-07-15 14:10:00,train
2091,2091,2096,2097,2102,2017-07-15 12:30:00,2017-07-15 13:20:00,2017-07-15 13:30:00,2017-07-15 14:20:00,train
2092,2092,2097,2098,2103,2017-07-15 12:40:00,2017-07-15 13:30:00,2017-07-15 13:40:00,2017-07-15 14:30:00,train
2093,2093,2098,2099,2104,2017-07-15 12:50:00,2017-07-15 13:40:00,2017-07-15 13:50:00,2017-07-15 14:40:00,train
2094,2094,2099,2100,2105,2017-07-15 13:00:00,2017-07-15 13:50:00,2017-07-15 14:00:00,2017-07-15 14:50:00,train
2095,2095,2100,2101,2106,2017-07-15 13:10:00,2017-07-15 14:00:00,2017-07-15 14:10:00,2017-07-15 15:00:00,train
2096,2096,2101,2102,2107,2017-07-15 13:20:00,2017-07-15 14:10:00,2017-07-15 14:20:00,2017-07-15 15:10:00,train
2097,2097,2102,2103,2108,2017-07-15 13:30:00,2017-07-15 14:20:00,2017-07-15 14:30:00,2017-07-15 15:20:00,train
2098,2098,2103,2104,2109,2017-07-15 13:40:00,2017-07-15 14:30:00,2017-07-15 14:40:00,2017-07-15 15:30:00,train
2099,2099,2104,2105,2110,2017-07-15 13:50:00,2017-07-15 14:40:00,2017-07-15 14:50:00,2017-07-15 15:40:00,train
2100,2100,2105,2106,2111,2017-07-15 14:00:00,2017-07-15 14:50:00,2017-07-15 15:00:00,2017-07-15 15:50:00,train
2101,2101,2106,2107,2112,2017-07-15 14:10:00,2017-07-15 15:00:00,2017-07-15 15:10:00,2017-07-15 16:00:00,train
2102,2102,2107,2108,2113,2017-07-15 14:20:00,2017-07-15 15:10:00,2017-07-15 15:20:00,2017-07-15 16:10:00,train
2103,2103,2108,2109,2114,2017-07-15 14:30:00,2017-07-15 15:20:00,2017-07-15 15:30:00,2017-07-15 16:20:00,train
2104,2104,2109,2110,2115,2017-07-15 14:40:00,2017-07-15 15:30:00,2017-07-15 15:40:00,2017-07-15 16:30:00,train
2105,2105,2110,2111,2116,2017-07-15 14:50:00,2017-07-15 15:40:00,2017-07-15 15:50:00,2017-07-15 16:40:00,train
2106,2106,2111,2112,2117,2017-07-15 15:00:00,2017-07-15 15:50:00,2017-07-15 16:00:00,2017-07-15 16:50:00,train
2107,2107,2112,2113,2118,2017-07-15 15:10:00,2017-07-15 16:00:00,2017-07-15 16:10:00,2017-07-15 17:00:00,train
2108,2108,2113,2114,2119,2017-07-15 15:20:00,2017-07-15 16:10:00,2017-07-15 16:20:00,2017-07-15 17:10:00,train
2109,2109,2114,2115,2120,2017-07-15 15:30:00,2017-07-15 16:20:00,2017-07-15 16:30:00,2017-07-15 17:20:00,train
2110,2110,2115,2116,2121,2017-07-15 15:40:00,2017-07-15 16:30:00,2017-07-15 16:40:00,2017-07-15 17:30:00,train
2111,2111,2116,2117,2122,2017-07-15 15:50:00,2017-07-15 16:40:00,2017-07-15 16:50:00,2017-07-15 17:40:00,train
2112,2112,2117,2118,2123,2017-07-15 16:00:00,2017-07-15 16:50:00,2017-07-15 17:00:00,2017-07-15 17:50:00,train
2113,2113,2118,2119,2124,2017-07-15 16:10:00,2017-07-15 17:00:00,2017-07-15 17:10:00,2017-07-15 18:00:00,train
2114,2114,2119,2120,2125,2017-07-15 16:20:00,2017-07-15 17:10:00,2017-07-15 17:20:00,2017-07-15 18:10:00,train
2115,2115,2120,2121,2126,2017-07-15 16:30:00,2017-07-15 17:20:00,2017-07-15 17:30:00,2017-07-15 18:20:00,train
2116,2116,2121,2122,2127,2017-07-15 16:40:00,2017-07-15 17:30:00,2017-07-15 17:40:00,2017-07-15 18:30:00,train
2117,2117,2122,2123,2128,2017-07-15 16:50:00,2017-07-15 17:40:00,2017-07-15 17:50:00,2017-07-15 18:40:00,train
2118,2118,2123,2124,2129,2017-07-15 17:00:00,2017-07-15 17:50:00,2017-07-15 18:00:00,2017-07-15 18:50:00,train
2119,2119,2124,2125,2130,2017-07-15 17:10:00,2017-07-15 18:00:00,2017-07-15 18:10:00,2017-07-15 19:00:00,train
2120,2120,2125,2126,2131,2017-07-15 17:20:00,2017-07-15 18:10:00,2017-07-15 18:20:00,2017-07-15 19:10:00,train
2121,2121,2126,2127,2132,2017-07-15 17:30:00,2017-07-15 18:20:00,2017-07-15 18:30:00,2017-07-15 19:20:00,train
2122,2122,2127,2128,2133,2017-07-15 17:40:00,2017-07-15 18:30:00,2017-07-15 18:40:00,2017-07-15 19:30:00,train
2123,2123,2128,2129,2134,2017-07-15 17:50:00,2017-07-15 18:40:00,2017-07-15 18:50:00,2017-07-15 19:40:00,train
2124,2124,2129,2130,2135,2017-07-15 18:00:00,2017-07-15 18:50:00,2017-07-15 19:00:00,2017-07-15 19:50:00,train
2125,2125,2130,2131,2136,2017-07-15 18:10:00,2017-07-15 19:00:00,2017-07-15 19:10:00,2017-07-15 20:00:00,train
2126,2126,2131,2132,2137,2017-07-15 18:20:00,2017-07-15 19:10:00,2017-07-15 19:20:00,2017-07-15 20:10:00,train
2127,2127,2132,2133,2138,2017-07-15 18:30:00,2017-07-15 19:20:00,2017-07-15 19:30:00,2017-07-15 20:20:00,train
2128,2128,2133,2134,2139,2017-07-15 18:40:00,2017-07-15 19:30:00,2017-07-15 19:40:00,2017-07-15 20:30:00,train
2129,2129,2134,2135,2140,2017-07-15 18:50:00,2017-07-15 19:40:00,2017-07-15 19:50:00,2017-07-15 20:40:00,train
2130,2130,2135,2136,2141,2017-07-15 19:00:00,2017-07-15 19:50:00,2017-07-15 20:00:00,2017-07-15 20:50:00,train
2131,2131,2136,2137,2142,2017-07-15 19:10:00,2017-07-15 20:00:00,2017-07-15 20:10:00,2017-07-15 21:00:00,train
2132,2132,2137,2138,2143,2017-07-15 19:20:00,2017-07-15 20:10:00,2017-07-15 20:20:00,2017-07-15 21:10:00,train
2133,2133,2138,2139,2144,2017-07-15 19:30:00,2017-07-15 20:20:00,2017-07-15 20:30:00,2017-07-15 21:20:00,train
2134,2134,2139,2140,2145,2017-07-15 19:40:00,2017-07-15 20:30:00,2017-07-15 20:40:00,2017-07-15 21:30:00,train
2135,2135,2140,2141,2146,2017-07-15 19:50:00,2017-07-15 20:40:00,2017-07-15 20:50:00,2017-07-15 21:40:00,train
2136,2136,2141,2142,2147,2017-07-15 20:00:00,2017-07-15 20:50:00,2017-07-15 21:00:00,2017-07-15 21:50:00,train
2137,2137,2142,2143,2148,2017-07-15 20:10:00,2017-07-15 21:00:00,2017-07-15 21:10:00,2017-07-15 22:00:00,train
2138,2138,2143,2144,2149,2017-07-15 20:20:00,2017-07-15 21:10:00,2017-07-15 21:20:00,2017-07-15 22:10:00,train
2139,2139,2144,2145,2150,2017-07-15 20:30:00,2017-07-15 21:20:00,2017-07-15 21:30:00,2017-07-15 22:20:00,train
2140,2140,2145,2146,2151,2017-07-15 20:40:00,2017-07-15 21:30:00,2017-07-15 21:40:00,2017-07-15 22:30:00,train
2141,2141,2146,2147,2152,2017-07-15 20:50:00,2017-07-15 21:40:00,2017-07-15 21:50:00,2017-07-15 22:40:00,train
2142,2142,2147,2148,2153,2017-07-15 21:00:00,2017-07-15 21:50:00,2017-07-15 22:00:00,2017-07-15 22:50:00,train
2143,2143,2148,2149,2154,2017-07-15 21:10:00,2017-07-15 22:00:00,2017-07-15 22:10:00,2017-07-15 23:00:00,train
2144,2144,2149,2150,2155,2017-07-15 21:20:00,2017-07-15 22:10:00,2017-07-15 22:20:00,2017-07-15 23:10:00,train
2145,2145,2150,2151,2156,2017-07-15 21:30:00,2017-07-15 22:20:00,2017-07-15 22:30:00,2017-07-15 23:20:00,train
2146,2146,2151,2152,2157,2017-07-15 21:40:00,2017-07-15 22:30:00,2017-07-15 22:40:00,2017-07-15 23:30:00,train
2147,2147,2152,2153,2158,2017-07-15 21:50:00,2017-07-15 22:40:00,2017-07-15 22:50:00,2017-07-15 23:40:00,train
2148,2148,2153,2154,2159,2017-07-15 22:00:00,2017-07-15 22:50:00,2017-07-15 23:00:00,2017-07-15 23:50:00,train
2149,2149,2154,2155,2160,2017-07-15 22:10:00,2017-07-15 23:00:00,2017-07-15 23:10:00,2017-07-16 00:00:00,train
2150,2150,2155,2156,2161,2017-07-15 22:20:00,2017-07-15 23:10:00,2017-07-15 23:20:00,2017-07-16 00:10:00,train
2151,2151,2156,2157,2162,2017-07-15 22:30:00,2017-07-15 23:20:00,2017-07-15 23:30:00,2017-07-16 00:20:00,train
2152,2152,2157,2158,2163,2017-07-15 22:40:00,2017-07-15 23:30:00,2017-07-15 23:40:00,2017-07-16 00:30:00,train
2153,2153,2158,2159,2164,2017-07-15 22:50:00,2017-07-15 23:40:00,2017-07-15 23:50:00,2017-07-16 00:40:00,train
2154,2154,2159,2160,2165,2017-07-15 23:00:00,2017-07-15 23:50:00,2017-07-16 00:00:00,2017-07-16 00:50:00,train
2155,2155,2160,2161,2166,2017-07-15 23:10:00,2017-07-16 00:00:00,2017-07-16 00:10:00,2017-07-16 01:00:00,train
2156,2156,2161,2162,2167,2017-07-15 23:20:00,2017-07-16 00:10:00,2017-07-16 00:20:00,2017-07-16 01:10:00,train
2157,2157,2162,2163,2168,2017-07-15 23:30:00,2017-07-16 00:20:00,2017-07-16 00:30:00,2017-07-16 01:20:00,train
2158,2158,2163,2164,2169,2017-07-15 23:40:00,2017-07-16 00:30:00,2017-07-16 00:40:00,2017-07-16 01:30:00,train
2159,2159,2164,2165,2170,2017-07-15 23:50:00,2017-07-16 00:40:00,2017-07-16 00:50:00,2017-07-16 01:40:00,train
2160,2160,2165,2166,2171,2017-07-16 00:00:00,2017-07-16 00:50:00,2017-07-16 01:00:00,2017-07-16 01:50:00,train
2161,2161,2166,2167,2172,2017-07-16 00:10:00,2017-07-16 01:00:00,2017-07-16 01:10:00,2017-07-16 02:00:00,train
2162,2162,2167,2168,2173,2017-07-16 00:20:00,2017-07-16 01:10:00,2017-07-16 01:20:00,2017-07-16 02:10:00,train
2163,2163,2168,2169,2174,2017-07-16 00:30:00,2017-07-16 01:20:00,2017-07-16 01:30:00,2017-07-16 02:20:00,train
2164,2164,2169,2170,2175,2017-07-16 00:40:00,2017-07-16 01:30:00,2017-07-16 01:40:00,2017-07-16 02:30:00,train
2165,2165,2170,2171,2176,2017-07-16 00:50:00,2017-07-16 01:40:00,2017-07-16 01:50:00,2017-07-16 02:40:00,train
2166,2166,2171,2172,2177,2017-07-16 01:00:00,2017-07-16 01:50:00,2017-07-16 02:00:00,2017-07-16 02:50:00,train
2167,2167,2172,2173,2178,2017-07-16 01:10:00,2017-07-16 02:00:00,2017-07-16 02:10:00,2017-07-16 03:00:00,train
2168,2168,2173,2174,2179,2017-07-16 01:20:00,2017-07-16 02:10:00,2017-07-16 02:20:00,2017-07-16 03:10:00,train
2169,2169,2174,2175,2180,2017-07-16 01:30:00,2017-07-16 02:20:00,2017-07-16 02:30:00,2017-07-16 03:20:00,train
2170,2170,2175,2176,2181,2017-07-16 01:40:00,2017-07-16 02:30:00,2017-07-16 02:40:00,2017-07-16 03:30:00,train
2171,2171,2176,2177,2182,2017-07-16 01:50:00,2017-07-16 02:40:00,2017-07-16 02:50:00,2017-07-16 03:40:00,train
2172,2172,2177,2178,2183,2017-07-16 02:00:00,2017-07-16 02:50:00,2017-07-16 03:00:00,2017-07-16 03:50:00,train
2173,2173,2178,2179,2184,2017-07-16 02:10:00,2017-07-16 03:00:00,2017-07-16 03:10:00,2017-07-16 04:00:00,train
2174,2174,2179,2180,2185,2017-07-16 02:20:00,2017-07-16 03:10:00,2017-07-16 03:20:00,2017-07-16 04:10:00,train
2175,2175,2180,2181,2186,2017-07-16 02:30:00,2017-07-16 03:20:00,2017-07-16 03:30:00,2017-07-16 04:20:00,train
2176,2176,2181,2182,2187,2017-07-16 02:40:00,2017-07-16 03:30:00,2017-07-16 03:40:00,2017-07-16 04:30:00,train
2177,2177,2182,2183,2188,2017-07-16 02:50:00,2017-07-16 03:40:00,2017-07-16 03:50:00,2017-07-16 04:40:00,train
2178,2178,2183,2184,2189,2017-07-16 03:00:00,2017-07-16 03:50:00,2017-07-16 04:00:00,2017-07-16 04:50:00,train
2179,2179,2184,2185,2190,2017-07-16 03:10:00,2017-07-16 04:00:00,2017-07-16 04:10:00,2017-07-16 05:00:00,train
2180,2180,2185,2186,2191,2017-07-16 03:20:00,2017-07-16 04:10:00,2017-07-16 04:20:00,2017-07-16 05:10:00,train
2181,2181,2186,2187,2192,2017-07-16 03:30:00,2017-07-16 04:20:00,2017-07-16 04:30:00,2017-07-16 05:20:00,train
2182,2182,2187,2188,2193,2017-07-16 03:40:00,2017-07-16 04:30:00,2017-07-16 04:40:00,2017-07-16 05:30:00,train
2183,2183,2188,2189,2194,2017-07-16 03:50:00,2017-07-16 04:40:00,2017-07-16 04:50:00,2017-07-16 05:40:00,train
2184,2184,2189,2190,2195,2017-07-16 04:00:00,2017-07-16 04:50:00,2017-07-16 05:00:00,2017-07-16 05:50:00,train
2185,2185,2190,2191,2196,2017-07-16 04:10:00,2017-07-16 05:00:00,2017-07-16 05:10:00,2017-07-16 06:00:00,train
2186,2186,2191,2192,2197,2017-07-16 04:20:00,2017-07-16 05:10:00,2017-07-16 05:20:00,2017-07-16 06:10:00,train
2187,2187,2192,2193,2198,2017-07-16 04:30:00,2017-07-16 05:20:00,2017-07-16 05:30:00,2017-07-16 06:20:00,train
2188,2188,2193,2194,2199,2017-07-16 04:40:00,2017-07-16 05:30:00,2017-07-16 05:40:00,2017-07-16 06:30:00,train
2189,2189,2194,2195,2200,2017-07-16 04:50:00,2017-07-16 05:40:00,2017-07-16 05:50:00,2017-07-16 06:40:00,train
2190,2190,2195,2196,2201,2017-07-16 05:00:00,2017-07-16 05:50:00,2017-07-16 06:00:00,2017-07-16 06:50:00,train
2191,2191,2196,2197,2202,2017-07-16 05:10:00,2017-07-16 06:00:00,2017-07-16 06:10:00,2017-07-16 07:00:00,train
2192,2192,2197,2198,2203,2017-07-16 05:20:00,2017-07-16 06:10:00,2017-07-16 06:20:00,2017-07-16 07:10:00,train
2193,2193,2198,2199,2204,2017-07-16 05:30:00,2017-07-16 06:20:00,2017-07-16 06:30:00,2017-07-16 07:20:00,train
2194,2194,2199,2200,2205,2017-07-16 05:40:00,2017-07-16 06:30:00,2017-07-16 06:40:00,2017-07-16 07:30:00,train
2195,2195,2200,2201,2206,2017-07-16 05:50:00,2017-07-16 06:40:00,2017-07-16 06:50:00,2017-07-16 07:40:00,train
2196,2196,2201,2202,2207,2017-07-16 06:00:00,2017-07-16 06:50:00,2017-07-16 07:00:00,2017-07-16 07:50:00,train
2197,2197,2202,2203,2208,2017-07-16 06:10:00,2017-07-16 07:00:00,2017-07-16 07:10:00,2017-07-16 08:00:00,train
2198,2198,2203,2204,2209,2017-07-16 06:20:00,2017-07-16 07:10:00,2017-07-16 07:20:00,2017-07-16 08:10:00,train
2199,2199,2204,2205,2210,2017-07-16 06:30:00,2017-07-16 07:20:00,2017-07-16 07:30:00,2017-07-16 08:20:00,train
2200,2200,2205,2206,2211,2017-07-16 06:40:00,2017-07-16 07:30:00,2017-07-16 07:40:00,2017-07-16 08:30:00,train
2201,2201,2206,2207,2212,2017-07-16 06:50:00,2017-07-16 07:40:00,2017-07-16 07:50:00,2017-07-16 08:40:00,train
2202,2202,2207,2208,2213,2017-07-16 07:00:00,2017-07-16 07:50:00,2017-07-16 08:00:00,2017-07-16 08:50:00,train
2203,2203,2208,2209,2214,2017-07-16 07:10:00,2017-07-16 08:00:00,2017-07-16 08:10:00,2017-07-16 09:00:00,train
2204,2204,2209,2210,2215,2017-07-16 07:20:00,2017-07-16 08:10:00,2017-07-16 08:20:00,2017-07-16 09:10:00,train
2205,2205,2210,2211,2216,2017-07-16 07:30:00,2017-07-16 08:20:00,2017-07-16 08:30:00,2017-07-16 09:20:00,train
2206,2206,2211,2212,2217,2017-07-16 07:40:00,2017-07-16 08:30:00,2017-07-16 08:40:00,2017-07-16 09:30:00,train
2207,2207,2212,2213,2218,2017-07-16 07:50:00,2017-07-16 08:40:00,2017-07-16 08:50:00,2017-07-16 09:40:00,train
2208,2208,2213,2214,2219,2017-07-16 08:00:00,2017-07-16 08:50:00,2017-07-16 09:00:00,2017-07-16 09:50:00,train
2209,2209,2214,2215,2220,2017-07-16 08:10:00,2017-07-16 09:00:00,2017-07-16 09:10:00,2017-07-16 10:00:00,train
2210,2210,2215,2216,2221,2017-07-16 08:20:00,2017-07-16 09:10:00,2017-07-16 09:20:00,2017-07-16 10:10:00,train
2211,2211,2216,2217,2222,2017-07-16 08:30:00,2017-07-16 09:20:00,2017-07-16 09:30:00,2017-07-16 10:20:00,train
2212,2212,2217,2218,2223,2017-07-16 08:40:00,2017-07-16 09:30:00,2017-07-16 09:40:00,2017-07-16 10:30:00,train
2213,2213,2218,2219,2224,2017-07-16 08:50:00,2017-07-16 09:40:00,2017-07-16 09:50:00,2017-07-16 10:40:00,train
2214,2214,2219,2220,2225,2017-07-16 09:00:00,2017-07-16 09:50:00,2017-07-16 10:00:00,2017-07-16 10:50:00,train
2215,2215,2220,2221,2226,2017-07-16 09:10:00,2017-07-16 10:00:00,2017-07-16 10:10:00,2017-07-16 11:00:00,train
2216,2216,2221,2222,2227,2017-07-16 09:20:00,2017-07-16 10:10:00,2017-07-16 10:20:00,2017-07-16 11:10:00,train
2217,2217,2222,2223,2228,2017-07-16 09:30:00,2017-07-16 10:20:00,2017-07-16 10:30:00,2017-07-16 11:20:00,train
2218,2218,2223,2224,2229,2017-07-16 09:40:00,2017-07-16 10:30:00,2017-07-16 10:40:00,2017-07-16 11:30:00,train
2219,2219,2224,2225,2230,2017-07-16 09:50:00,2017-07-16 10:40:00,2017-07-16 10:50:00,2017-07-16 11:40:00,train
2220,2220,2225,2226,2231,2017-07-16 10:00:00,2017-07-16 10:50:00,2017-07-16 11:00:00,2017-07-16 11:50:00,train
2221,2221,2226,2227,2232,2017-07-16 10:10:00,2017-07-16 11:00:00,2017-07-16 11:10:00,2017-07-16 12:00:00,train
2222,2222,2227,2228,2233,2017-07-16 10:20:00,2017-07-16 11:10:00,2017-07-16 11:20:00,2017-07-16 12:10:00,train
2223,2223,2228,2229,2234,2017-07-16 10:30:00,2017-07-16 11:20:00,2017-07-16 11:30:00,2017-07-16 12:20:00,train
2224,2224,2229,2230,2235,2017-07-16 10:40:00,2017-07-16 11:30:00,2017-07-16 11:40:00,2017-07-16 12:30:00,train
2225,2225,2230,2231,2236,2017-07-16 10:50:00,2017-07-16 11:40:00,2017-07-16 11:50:00,2017-07-16 12:40:00,train
2226,2226,2231,2232,2237,2017-07-16 11:00:00,2017-07-16 11:50:00,2017-07-16 12:00:00,2017-07-16 12:50:00,train
2227,2227,2232,2233,2238,2017-07-16 11:10:00,2017-07-16 12:00:00,2017-07-16 12:10:00,2017-07-16 13:00:00,train
2228,2228,2233,2234,2239,2017-07-16 11:20:00,2017-07-16 12:10:00,2017-07-16 12:20:00,2017-07-16 13:10:00,train
2229,2229,2234,2235,2240,2017-07-16 11:30:00,2017-07-16 12:20:00,2017-07-16 12:30:00,2017-07-16 13:20:00,train
2230,2230,2235,2236,2241,2017-07-16 11:40:00,2017-07-16 12:30:00,2017-07-16 12:40:00,2017-07-16 13:30:00,train
2231,2231,2236,2237,2242,2017-07-16 11:50:00,2017-07-16 12:40:00,2017-07-16 12:50:00,2017-07-16 13:40:00,train
2232,2232,2237,2238,2243,2017-07-16 12:00:00,2017-07-16 12:50:00,2017-07-16 13:00:00,2017-07-16 13:50:00,train
2233,2233,2238,2239,2244,2017-07-16 12:10:00,2017-07-16 13:00:00,2017-07-16 13:10:00,2017-07-16 14:00:00,train
2234,2234,2239,2240,2245,2017-07-16 12:20:00,2017-07-16 13:10:00,2017-07-16 13:20:00,2017-07-16 14:10:00,train
2235,2235,2240,2241,2246,2017-07-16 12:30:00,2017-07-16 13:20:00,2017-07-16 13:30:00,2017-07-16 14:20:00,train
2236,2236,2241,2242,2247,2017-07-16 12:40:00,2017-07-16 13:30:00,2017-07-16 13:40:00,2017-07-16 14:30:00,train
2237,2237,2242,2243,2248,2017-07-16 12:50:00,2017-07-16 13:40:00,2017-07-16 13:50:00,2017-07-16 14:40:00,train
2238,2238,2243,2244,2249,2017-07-16 13:00:00,2017-07-16 13:50:00,2017-07-16 14:00:00,2017-07-16 14:50:00,train
2239,2239,2244,2245,2250,2017-07-16 13:10:00,2017-07-16 14:00:00,2017-07-16 14:10:00,2017-07-16 15:00:00,train
2240,2240,2245,2246,2251,2017-07-16 13:20:00,2017-07-16 14:10:00,2017-07-16 14:20:00,2017-07-16 15:10:00,train
2241,2241,2246,2247,2252,2017-07-16 13:30:00,2017-07-16 14:20:00,2017-07-16 14:30:00,2017-07-16 15:20:00,train
2242,2242,2247,2248,2253,2017-07-16 13:40:00,2017-07-16 14:30:00,2017-07-16 14:40:00,2017-07-16 15:30:00,train
2243,2243,2248,2249,2254,2017-07-16 13:50:00,2017-07-16 14:40:00,2017-07-16 14:50:00,2017-07-16 15:40:00,train
2244,2244,2249,2250,2255,2017-07-16 14:00:00,2017-07-16 14:50:00,2017-07-16 15:00:00,2017-07-16 15:50:00,train
2245,2245,2250,2251,2256,2017-07-16 14:10:00,2017-07-16 15:00:00,2017-07-16 15:10:00,2017-07-16 16:00:00,train
2246,2246,2251,2252,2257,2017-07-16 14:20:00,2017-07-16 15:10:00,2017-07-16 15:20:00,2017-07-16 16:10:00,train
2247,2247,2252,2253,2258,2017-07-16 14:30:00,2017-07-16 15:20:00,2017-07-16 15:30:00,2017-07-16 16:20:00,train
2248,2248,2253,2254,2259,2017-07-16 14:40:00,2017-07-16 15:30:00,2017-07-16 15:40:00,2017-07-16 16:30:00,train
2249,2249,2254,2255,2260,2017-07-16 14:50:00,2017-07-16 15:40:00,2017-07-16 15:50:00,2017-07-16 16:40:00,train
2250,2250,2255,2256,2261,2017-07-16 15:00:00,2017-07-16 15:50:00,2017-07-16 16:00:00,2017-07-16 16:50:00,train
2251,2251,2256,2257,2262,2017-07-16 15:10:00,2017-07-16 16:00:00,2017-07-16 16:10:00,2017-07-16 17:00:00,train
2252,2252,2257,2258,2263,2017-07-16 15:20:00,2017-07-16 16:10:00,2017-07-16 16:20:00,2017-07-16 17:10:00,train
2253,2253,2258,2259,2264,2017-07-16 15:30:00,2017-07-16 16:20:00,2017-07-16 16:30:00,2017-07-16 17:20:00,train
2254,2254,2259,2260,2265,2017-07-16 15:40:00,2017-07-16 16:30:00,2017-07-16 16:40:00,2017-07-16 17:30:00,train
2255,2255,2260,2261,2266,2017-07-16 15:50:00,2017-07-16 16:40:00,2017-07-16 16:50:00,2017-07-16 17:40:00,train
2256,2256,2261,2262,2267,2017-07-16 16:00:00,2017-07-16 16:50:00,2017-07-16 17:00:00,2017-07-16 17:50:00,train
2257,2257,2262,2263,2268,2017-07-16 16:10:00,2017-07-16 17:00:00,2017-07-16 17:10:00,2017-07-16 18:00:00,train
2258,2258,2263,2264,2269,2017-07-16 16:20:00,2017-07-16 17:10:00,2017-07-16 17:20:00,2017-07-16 18:10:00,train
2259,2259,2264,2265,2270,2017-07-16 16:30:00,2017-07-16 17:20:00,2017-07-16 17:30:00,2017-07-16 18:20:00,train
2260,2260,2265,2266,2271,2017-07-16 16:40:00,2017-07-16 17:30:00,2017-07-16 17:40:00,2017-07-16 18:30:00,train
2261,2261,2266,2267,2272,2017-07-16 16:50:00,2017-07-16 17:40:00,2017-07-16 17:50:00,2017-07-16 18:40:00,train
2262,2262,2267,2268,2273,2017-07-16 17:00:00,2017-07-16 17:50:00,2017-07-16 18:00:00,2017-07-16 18:50:00,train
2263,2263,2268,2269,2274,2017-07-16 17:10:00,2017-07-16 18:00:00,2017-07-16 18:10:00,2017-07-16 19:00:00,train
2264,2264,2269,2270,2275,2017-07-16 17:20:00,2017-07-16 18:10:00,2017-07-16 18:20:00,2017-07-16 19:10:00,train
2265,2265,2270,2271,2276,2017-07-16 17:30:00,2017-07-16 18:20:00,2017-07-16 18:30:00,2017-07-16 19:20:00,train
2266,2266,2271,2272,2277,2017-07-16 17:40:00,2017-07-16 18:30:00,2017-07-16 18:40:00,2017-07-16 19:30:00,train
2267,2267,2272,2273,2278,2017-07-16 17:50:00,2017-07-16 18:40:00,2017-07-16 18:50:00,2017-07-16 19:40:00,train
2268,2268,2273,2274,2279,2017-07-16 18:00:00,2017-07-16 18:50:00,2017-07-16 19:00:00,2017-07-16 19:50:00,train
2269,2269,2274,2275,2280,2017-07-16 18:10:00,2017-07-16 19:00:00,2017-07-16 19:10:00,2017-07-16 20:00:00,train
2270,2270,2275,2276,2281,2017-07-16 18:20:00,2017-07-16 19:10:00,2017-07-16 19:20:00,2017-07-16 20:10:00,train
2271,2271,2276,2277,2282,2017-07-16 18:30:00,2017-07-16 19:20:00,2017-07-16 19:30:00,2017-07-16 20:20:00,train
2272,2272,2277,2278,2283,2017-07-16 18:40:00,2017-07-16 19:30:00,2017-07-16 19:40:00,2017-07-16 20:30:00,train
2273,2273,2278,2279,2284,2017-07-16 18:50:00,2017-07-16 19:40:00,2017-07-16 19:50:00,2017-07-16 20:40:00,train
2274,2274,2279,2280,2285,2017-07-16 19:00:00,2017-07-16 19:50:00,2017-07-16 20:00:00,2017-07-16 20:50:00,train
2275,2275,2280,2281,2286,2017-07-16 19:10:00,2017-07-16 20:00:00,2017-07-16 20:10:00,2017-07-16 21:00:00,train
2276,2276,2281,2282,2287,2017-07-16 19:20:00,2017-07-16 20:10:00,2017-07-16 20:20:00,2017-07-16 21:10:00,train
2277,2277,2282,2283,2288,2017-07-16 19:30:00,2017-07-16 20:20:00,2017-07-16 20:30:00,2017-07-16 21:20:00,train
2278,2278,2283,2284,2289,2017-07-16 19:40:00,2017-07-16 20:30:00,2017-07-16 20:40:00,2017-07-16 21:30:00,train
2279,2279,2284,2285,2290,2017-07-16 19:50:00,2017-07-16 20:40:00,2017-07-16 20:50:00,2017-07-16 21:40:00,train
2280,2280,2285,2286,2291,2017-07-16 20:00:00,2017-07-16 20:50:00,2017-07-16 21:00:00,2017-07-16 21:50:00,train
2281,2281,2286,2287,2292,2017-07-16 20:10:00,2017-07-16 21:00:00,2017-07-16 21:10:00,2017-07-16 22:00:00,train
2282,2282,2287,2288,2293,2017-07-16 20:20:00,2017-07-16 21:10:00,2017-07-16 21:20:00,2017-07-16 22:10:00,train
2283,2283,2288,2289,2294,2017-07-16 20:30:00,2017-07-16 21:20:00,2017-07-16 21:30:00,2017-07-16 22:20:00,train
2284,2284,2289,2290,2295,2017-07-16 20:40:00,2017-07-16 21:30:00,2017-07-16 21:40:00,2017-07-16 22:30:00,train
2285,2285,2290,2291,2296,2017-07-16 20:50:00,2017-07-16 21:40:00,2017-07-16 21:50:00,2017-07-16 22:40:00,train
2286,2286,2291,2292,2297,2017-07-16 21:00:00,2017-07-16 21:50:00,2017-07-16 22:00:00,2017-07-16 22:50:00,train
2287,2287,2292,2293,2298,2017-07-16 21:10:00,2017-07-16 22:00:00,2017-07-16 22:10:00,2017-07-16 23:00:00,train
2288,2288,2293,2294,2299,2017-07-16 21:20:00,2017-07-16 22:10:00,2017-07-16 22:20:00,2017-07-16 23:10:00,train
2289,2289,2294,2295,2300,2017-07-16 21:30:00,2017-07-16 22:20:00,2017-07-16 22:30:00,2017-07-16 23:20:00,train
2290,2290,2295,2296,2301,2017-07-16 21:40:00,2017-07-16 22:30:00,2017-07-16 22:40:00,2017-07-16 23:30:00,train
2291,2291,2296,2297,2302,2017-07-16 21:50:00,2017-07-16 22:40:00,2017-07-16 22:50:00,2017-07-16 23:40:00,train
2292,2292,2297,2298,2303,2017-07-16 22:00:00,2017-07-16 22:50:00,2017-07-16 23:00:00,2017-07-16 23:50:00,train
2293,2293,2298,2299,2304,2017-07-16 22:10:00,2017-07-16 23:00:00,2017-07-16 23:10:00,2017-07-17 00:00:00,train
2294,2294,2299,2300,2305,2017-07-16 22:20:00,2017-07-16 23:10:00,2017-07-16 23:20:00,2017-07-17 00:10:00,train
2295,2295,2300,2301,2306,2017-07-16 22:30:00,2017-07-16 23:20:00,2017-07-16 23:30:00,2017-07-17 00:20:00,train
2296,2296,2301,2302,2307,2017-07-16 22:40:00,2017-07-16 23:30:00,2017-07-16 23:40:00,2017-07-17 00:30:00,train
2297,2297,2302,2303,2308,2017-07-16 22:50:00,2017-07-16 23:40:00,2017-07-16 23:50:00,2017-07-17 00:40:00,train
2298,2298,2303,2304,2309,2017-07-16 23:00:00,2017-07-16 23:50:00,2017-07-17 00:00:00,2017-07-17 00:50:00,train
2299,2299,2304,2305,2310,2017-07-16 23:10:00,2017-07-17 00:00:00,2017-07-17 00:10:00,2017-07-17 01:00:00,train
2300,2300,2305,2306,2311,2017-07-16 23:20:00,2017-07-17 00:10:00,2017-07-17 00:20:00,2017-07-17 01:10:00,train
2301,2301,2306,2307,2312,2017-07-16 23:30:00,2017-07-17 00:20:00,2017-07-17 00:30:00,2017-07-17 01:20:00,train
2302,2302,2307,2308,2313,2017-07-16 23:40:00,2017-07-17 00:30:00,2017-07-17 00:40:00,2017-07-17 01:30:00,train
2303,2303,2308,2309,2314,2017-07-16 23:50:00,2017-07-17 00:40:00,2017-07-17 00:50:00,2017-07-17 01:40:00,train
2304,2304,2309,2310,2315,2017-07-17 00:00:00,2017-07-17 00:50:00,2017-07-17 01:00:00,2017-07-17 01:50:00,train
2305,2305,2310,2311,2316,2017-07-17 00:10:00,2017-07-17 01:00:00,2017-07-17 01:10:00,2017-07-17 02:00:00,train
2306,2306,2311,2312,2317,2017-07-17 00:20:00,2017-07-17 01:10:00,2017-07-17 01:20:00,2017-07-17 02:10:00,train
2307,2307,2312,2313,2318,2017-07-17 00:30:00,2017-07-17 01:20:00,2017-07-17 01:30:00,2017-07-17 02:20:00,train
2308,2308,2313,2314,2319,2017-07-17 00:40:00,2017-07-17 01:30:00,2017-07-17 01:40:00,2017-07-17 02:30:00,train
2309,2309,2314,2315,2320,2017-07-17 00:50:00,2017-07-17 01:40:00,2017-07-17 01:50:00,2017-07-17 02:40:00,train
2310,2310,2315,2316,2321,2017-07-17 01:00:00,2017-07-17 01:50:00,2017-07-17 02:00:00,2017-07-17 02:50:00,train
2311,2311,2316,2317,2322,2017-07-17 01:10:00,2017-07-17 02:00:00,2017-07-17 02:10:00,2017-07-17 03:00:00,train
2312,2312,2317,2318,2323,2017-07-17 01:20:00,2017-07-17 02:10:00,2017-07-17 02:20:00,2017-07-17 03:10:00,train
2313,2313,2318,2319,2324,2017-07-17 01:30:00,2017-07-17 02:20:00,2017-07-17 02:30:00,2017-07-17 03:20:00,train
2314,2314,2319,2320,2325,2017-07-17 01:40:00,2017-07-17 02:30:00,2017-07-17 02:40:00,2017-07-17 03:30:00,train
2315,2315,2320,2321,2326,2017-07-17 01:50:00,2017-07-17 02:40:00,2017-07-17 02:50:00,2017-07-17 03:40:00,train
2316,2316,2321,2322,2327,2017-07-17 02:00:00,2017-07-17 02:50:00,2017-07-17 03:00:00,2017-07-17 03:50:00,train
2317,2317,2322,2323,2328,2017-07-17 02:10:00,2017-07-17 03:00:00,2017-07-17 03:10:00,2017-07-17 04:00:00,train
2318,2318,2323,2324,2329,2017-07-17 02:20:00,2017-07-17 03:10:00,2017-07-17 03:20:00,2017-07-17 04:10:00,train
2319,2319,2324,2325,2330,2017-07-17 02:30:00,2017-07-17 03:20:00,2017-07-17 03:30:00,2017-07-17 04:20:00,train
2320,2320,2325,2326,2331,2017-07-17 02:40:00,2017-07-17 03:30:00,2017-07-17 03:40:00,2017-07-17 04:30:00,train
2321,2321,2326,2327,2332,2017-07-17 02:50:00,2017-07-17 03:40:00,2017-07-17 03:50:00,2017-07-17 04:40:00,train
2322,2322,2327,2328,2333,2017-07-17 03:00:00,2017-07-17 03:50:00,2017-07-17 04:00:00,2017-07-17 04:50:00,train
2323,2323,2328,2329,2334,2017-07-17 03:10:00,2017-07-17 04:00:00,2017-07-17 04:10:00,2017-07-17 05:00:00,train
2324,2324,2329,2330,2335,2017-07-17 03:20:00,2017-07-17 04:10:00,2017-07-17 04:20:00,2017-07-17 05:10:00,train
2325,2325,2330,2331,2336,2017-07-17 03:30:00,2017-07-17 04:20:00,2017-07-17 04:30:00,2017-07-17 05:20:00,train
2326,2326,2331,2332,2337,2017-07-17 03:40:00,2017-07-17 04:30:00,2017-07-17 04:40:00,2017-07-17 05:30:00,train
2327,2327,2332,2333,2338,2017-07-17 03:50:00,2017-07-17 04:40:00,2017-07-17 04:50:00,2017-07-17 05:40:00,train
2328,2328,2333,2334,2339,2017-07-17 04:00:00,2017-07-17 04:50:00,2017-07-17 05:00:00,2017-07-17 05:50:00,train
2329,2329,2334,2335,2340,2017-07-17 04:10:00,2017-07-17 05:00:00,2017-07-17 05:10:00,2017-07-17 06:00:00,train
2330,2330,2335,2336,2341,2017-07-17 04:20:00,2017-07-17 05:10:00,2017-07-17 05:20:00,2017-07-17 06:10:00,train
2331,2331,2336,2337,2342,2017-07-17 04:30:00,2017-07-17 05:20:00,2017-07-17 05:30:00,2017-07-17 06:20:00,train
2332,2332,2337,2338,2343,2017-07-17 04:40:00,2017-07-17 05:30:00,2017-07-17 05:40:00,2017-07-17 06:30:00,train
2333,2333,2338,2339,2344,2017-07-17 04:50:00,2017-07-17 05:40:00,2017-07-17 05:50:00,2017-07-17 06:40:00,train
2334,2334,2339,2340,2345,2017-07-17 05:00:00,2017-07-17 05:50:00,2017-07-17 06:00:00,2017-07-17 06:50:00,train
2335,2335,2340,2341,2346,2017-07-17 05:10:00,2017-07-17 06:00:00,2017-07-17 06:10:00,2017-07-17 07:00:00,train
2336,2336,2341,2342,2347,2017-07-17 05:20:00,2017-07-17 06:10:00,2017-07-17 06:20:00,2017-07-17 07:10:00,train
2337,2337,2342,2343,2348,2017-07-17 05:30:00,2017-07-17 06:20:00,2017-07-17 06:30:00,2017-07-17 07:20:00,train
2338,2338,2343,2344,2349,2017-07-17 05:40:00,2017-07-17 06:30:00,2017-07-17 06:40:00,2017-07-17 07:30:00,train
2339,2339,2344,2345,2350,2017-07-17 05:50:00,2017-07-17 06:40:00,2017-07-17 06:50:00,2017-07-17 07:40:00,train
2340,2340,2345,2346,2351,2017-07-17 06:00:00,2017-07-17 06:50:00,2017-07-17 07:00:00,2017-07-17 07:50:00,train
2341,2341,2346,2347,2352,2017-07-17 06:10:00,2017-07-17 07:00:00,2017-07-17 07:10:00,2017-07-17 08:00:00,train
2342,2342,2347,2348,2353,2017-07-17 06:20:00,2017-07-17 07:10:00,2017-07-17 07:20:00,2017-07-17 08:10:00,train
2343,2343,2348,2349,2354,2017-07-17 06:30:00,2017-07-17 07:20:00,2017-07-17 07:30:00,2017-07-17 08:20:00,train
2344,2344,2349,2350,2355,2017-07-17 06:40:00,2017-07-17 07:30:00,2017-07-17 07:40:00,2017-07-17 08:30:00,train
2345,2345,2350,2351,2356,2017-07-17 06:50:00,2017-07-17 07:40:00,2017-07-17 07:50:00,2017-07-17 08:40:00,train
2346,2346,2351,2352,2357,2017-07-17 07:00:00,2017-07-17 07:50:00,2017-07-17 08:00:00,2017-07-17 08:50:00,train
2347,2347,2352,2353,2358,2017-07-17 07:10:00,2017-07-17 08:00:00,2017-07-17 08:10:00,2017-07-17 09:00:00,train
2348,2348,2353,2354,2359,2017-07-17 07:20:00,2017-07-17 08:10:00,2017-07-17 08:20:00,2017-07-17 09:10:00,train
2349,2349,2354,2355,2360,2017-07-17 07:30:00,2017-07-17 08:20:00,2017-07-17 08:30:00,2017-07-17 09:20:00,train
2350,2350,2355,2356,2361,2017-07-17 07:40:00,2017-07-17 08:30:00,2017-07-17 08:40:00,2017-07-17 09:30:00,train
2351,2351,2356,2357,2362,2017-07-17 07:50:00,2017-07-17 08:40:00,2017-07-17 08:50:00,2017-07-17 09:40:00,train
2352,2352,2357,2358,2363,2017-07-17 08:00:00,2017-07-17 08:50:00,2017-07-17 09:00:00,2017-07-17 09:50:00,train
2353,2353,2358,2359,2364,2017-07-17 08:10:00,2017-07-17 09:00:00,2017-07-17 09:10:00,2017-07-17 10:00:00,train
2354,2354,2359,2360,2365,2017-07-17 08:20:00,2017-07-17 09:10:00,2017-07-17 09:20:00,2017-07-17 10:10:00,train
2355,2355,2360,2361,2366,2017-07-17 08:30:00,2017-07-17 09:20:00,2017-07-17 09:30:00,2017-07-17 10:20:00,train
2356,2356,2361,2362,2367,2017-07-17 08:40:00,2017-07-17 09:30:00,2017-07-17 09:40:00,2017-07-17 10:30:00,train
2357,2357,2362,2363,2368,2017-07-17 08:50:00,2017-07-17 09:40:00,2017-07-17 09:50:00,2017-07-17 10:40:00,train
2358,2358,2363,2364,2369,2017-07-17 09:00:00,2017-07-17 09:50:00,2017-07-17 10:00:00,2017-07-17 10:50:00,train
2359,2359,2364,2365,2370,2017-07-17 09:10:00,2017-07-17 10:00:00,2017-07-17 10:10:00,2017-07-17 11:00:00,train
2360,2360,2365,2366,2371,2017-07-17 09:20:00,2017-07-17 10:10:00,2017-07-17 10:20:00,2017-07-17 11:10:00,train
2361,2361,2366,2367,2372,2017-07-17 09:30:00,2017-07-17 10:20:00,2017-07-17 10:30:00,2017-07-17 11:20:00,train
2362,2362,2367,2368,2373,2017-07-17 09:40:00,2017-07-17 10:30:00,2017-07-17 10:40:00,2017-07-17 11:30:00,train
2363,2363,2368,2369,2374,2017-07-17 09:50:00,2017-07-17 10:40:00,2017-07-17 10:50:00,2017-07-17 11:40:00,train
2364,2364,2369,2370,2375,2017-07-17 10:00:00,2017-07-17 10:50:00,2017-07-17 11:00:00,2017-07-17 11:50:00,train
2365,2365,2370,2371,2376,2017-07-17 10:10:00,2017-07-17 11:00:00,2017-07-17 11:10:00,2017-07-17 12:00:00,train
2366,2366,2371,2372,2377,2017-07-17 10:20:00,2017-07-17 11:10:00,2017-07-17 11:20:00,2017-07-17 12:10:00,train
2367,2367,2372,2373,2378,2017-07-17 10:30:00,2017-07-17 11:20:00,2017-07-17 11:30:00,2017-07-17 12:20:00,train
2368,2368,2373,2374,2379,2017-07-17 10:40:00,2017-07-17 11:30:00,2017-07-17 11:40:00,2017-07-17 12:30:00,train
2369,2369,2374,2375,2380,2017-07-17 10:50:00,2017-07-17 11:40:00,2017-07-17 11:50:00,2017-07-17 12:40:00,train
2370,2370,2375,2376,2381,2017-07-17 11:00:00,2017-07-17 11:50:00,2017-07-17 12:00:00,2017-07-17 12:50:00,train
2371,2371,2376,2377,2382,2017-07-17 11:10:00,2017-07-17 12:00:00,2017-07-17 12:10:00,2017-07-17 13:00:00,train
2372,2372,2377,2378,2383,2017-07-17 11:20:00,2017-07-17 12:10:00,2017-07-17 12:20:00,2017-07-17 13:10:00,train
2373,2373,2378,2379,2384,2017-07-17 11:30:00,2017-07-17 12:20:00,2017-07-17 12:30:00,2017-07-17 13:20:00,train
2374,2374,2379,2380,2385,2017-07-17 11:40:00,2017-07-17 12:30:00,2017-07-17 12:40:00,2017-07-17 13:30:00,train
2375,2375,2380,2381,2386,2017-07-17 11:50:00,2017-07-17 12:40:00,2017-07-17 12:50:00,2017-07-17 13:40:00,train
2376,2376,2381,2382,2387,2017-07-17 12:00:00,2017-07-17 12:50:00,2017-07-17 13:00:00,2017-07-17 13:50:00,train
2377,2377,2382,2383,2388,2017-07-17 12:10:00,2017-07-17 13:00:00,2017-07-17 13:10:00,2017-07-17 14:00:00,train
2378,2378,2383,2384,2389,2017-07-17 12:20:00,2017-07-17 13:10:00,2017-07-17 13:20:00,2017-07-17 14:10:00,train
2379,2379,2384,2385,2390,2017-07-17 12:30:00,2017-07-17 13:20:00,2017-07-17 13:30:00,2017-07-17 14:20:00,train
2380,2380,2385,2386,2391,2017-07-17 12:40:00,2017-07-17 13:30:00,2017-07-17 13:40:00,2017-07-17 14:30:00,train
2381,2381,2386,2387,2392,2017-07-17 12:50:00,2017-07-17 13:40:00,2017-07-17 13:50:00,2017-07-17 14:40:00,train
2382,2382,2387,2388,2393,2017-07-17 13:00:00,2017-07-17 13:50:00,2017-07-17 14:00:00,2017-07-17 14:50:00,train
2383,2383,2388,2389,2394,2017-07-17 13:10:00,2017-07-17 14:00:00,2017-07-17 14:10:00,2017-07-17 15:00:00,train
2384,2384,2389,2390,2395,2017-07-17 13:20:00,2017-07-17 14:10:00,2017-07-17 14:20:00,2017-07-17 15:10:00,train
2385,2385,2390,2391,2396,2017-07-17 13:30:00,2017-07-17 14:20:00,2017-07-17 14:30:00,2017-07-17 15:20:00,train
2386,2386,2391,2392,2397,2017-07-17 13:40:00,2017-07-17 14:30:00,2017-07-17 14:40:00,2017-07-17 15:30:00,train
2387,2387,2392,2393,2398,2017-07-17 13:50:00,2017-07-17 14:40:00,2017-07-17 14:50:00,2017-07-17 15:40:00,train
2388,2388,2393,2394,2399,2017-07-17 14:00:00,2017-07-17 14:50:00,2017-07-17 15:00:00,2017-07-17 15:50:00,train
2389,2389,2394,2395,2400,2017-07-17 14:10:00,2017-07-17 15:00:00,2017-07-17 15:10:00,2017-07-17 16:00:00,train
2390,2390,2395,2396,2401,2017-07-17 14:20:00,2017-07-17 15:10:00,2017-07-17 15:20:00,2017-07-17 16:10:00,train
2391,2391,2396,2397,2402,2017-07-17 14:30:00,2017-07-17 15:20:00,2017-07-17 15:30:00,2017-07-17 16:20:00,train
2392,2392,2397,2398,2403,2017-07-17 14:40:00,2017-07-17 15:30:00,2017-07-17 15:40:00,2017-07-17 16:30:00,train
2393,2393,2398,2399,2404,2017-07-17 14:50:00,2017-07-17 15:40:00,2017-07-17 15:50:00,2017-07-17 16:40:00,train
2394,2394,2399,2400,2405,2017-07-17 15:00:00,2017-07-17 15:50:00,2017-07-17 16:00:00,2017-07-17 16:50:00,train
2395,2395,2400,2401,2406,2017-07-17 15:10:00,2017-07-17 16:00:00,2017-07-17 16:10:00,2017-07-17 17:00:00,train
2396,2396,2401,2402,2407,2017-07-17 15:20:00,2017-07-17 16:10:00,2017-07-17 16:20:00,2017-07-17 17:10:00,train
2397,2397,2402,2403,2408,2017-07-17 15:30:00,2017-07-17 16:20:00,2017-07-17 16:30:00,2017-07-17 17:20:00,train
2398,2398,2403,2404,2409,2017-07-17 15:40:00,2017-07-17 16:30:00,2017-07-17 16:40:00,2017-07-17 17:30:00,train
2399,2399,2404,2405,2410,2017-07-17 15:50:00,2017-07-17 16:40:00,2017-07-17 16:50:00,2017-07-17 17:40:00,train
2400,2400,2405,2406,2411,2017-07-17 16:00:00,2017-07-17 16:50:00,2017-07-17 17:00:00,2017-07-17 17:50:00,train
2401,2401,2406,2407,2412,2017-07-17 16:10:00,2017-07-17 17:00:00,2017-07-17 17:10:00,2017-07-17 18:00:00,train
2402,2402,2407,2408,2413,2017-07-17 16:20:00,2017-07-17 17:10:00,2017-07-17 17:20:00,2017-07-17 18:10:00,train
2403,2403,2408,2409,2414,2017-07-17 16:30:00,2017-07-17 17:20:00,2017-07-17 17:30:00,2017-07-17 18:20:00,train
2404,2404,2409,2410,2415,2017-07-17 16:40:00,2017-07-17 17:30:00,2017-07-17 17:40:00,2017-07-17 18:30:00,train
2405,2405,2410,2411,2416,2017-07-17 16:50:00,2017-07-17 17:40:00,2017-07-17 17:50:00,2017-07-17 18:40:00,train
2406,2406,2411,2412,2417,2017-07-17 17:00:00,2017-07-17 17:50:00,2017-07-17 18:00:00,2017-07-17 18:50:00,train
2407,2407,2412,2413,2418,2017-07-17 17:10:00,2017-07-17 18:00:00,2017-07-17 18:10:00,2017-07-17 19:00:00,train
2408,2408,2413,2414,2419,2017-07-17 17:20:00,2017-07-17 18:10:00,2017-07-17 18:20:00,2017-07-17 19:10:00,train
2409,2409,2414,2415,2420,2017-07-17 17:30:00,2017-07-17 18:20:00,2017-07-17 18:30:00,2017-07-17 19:20:00,train
2410,2410,2415,2416,2421,2017-07-17 17:40:00,2017-07-17 18:30:00,2017-07-17 18:40:00,2017-07-17 19:30:00,train
2411,2411,2416,2417,2422,2017-07-17 17:50:00,2017-07-17 18:40:00,2017-07-17 18:50:00,2017-07-17 19:40:00,train
2412,2412,2417,2418,2423,2017-07-17 18:00:00,2017-07-17 18:50:00,2017-07-17 19:00:00,2017-07-17 19:50:00,train
2413,2413,2418,2419,2424,2017-07-17 18:10:00,2017-07-17 19:00:00,2017-07-17 19:10:00,2017-07-17 20:00:00,train
2414,2414,2419,2420,2425,2017-07-17 18:20:00,2017-07-17 19:10:00,2017-07-17 19:20:00,2017-07-17 20:10:00,train
2415,2415,2420,2421,2426,2017-07-17 18:30:00,2017-07-17 19:20:00,2017-07-17 19:30:00,2017-07-17 20:20:00,train
2416,2416,2421,2422,2427,2017-07-17 18:40:00,2017-07-17 19:30:00,2017-07-17 19:40:00,2017-07-17 20:30:00,train
2417,2417,2422,2423,2428,2017-07-17 18:50:00,2017-07-17 19:40:00,2017-07-17 19:50:00,2017-07-17 20:40:00,train
2418,2418,2423,2424,2429,2017-07-17 19:00:00,2017-07-17 19:50:00,2017-07-17 20:00:00,2017-07-17 20:50:00,train
2419,2419,2424,2425,2430,2017-07-17 19:10:00,2017-07-17 20:00:00,2017-07-17 20:10:00,2017-07-17 21:00:00,train
2420,2420,2425,2426,2431,2017-07-17 19:20:00,2017-07-17 20:10:00,2017-07-17 20:20:00,2017-07-17 21:10:00,train
2421,2421,2426,2427,2432,2017-07-17 19:30:00,2017-07-17 20:20:00,2017-07-17 20:30:00,2017-07-17 21:20:00,train
2422,2422,2427,2428,2433,2017-07-17 19:40:00,2017-07-17 20:30:00,2017-07-17 20:40:00,2017-07-17 21:30:00,train
2423,2423,2428,2429,2434,2017-07-17 19:50:00,2017-07-17 20:40:00,2017-07-17 20:50:00,2017-07-17 21:40:00,train
2424,2424,2429,2430,2435,2017-07-17 20:00:00,2017-07-17 20:50:00,2017-07-17 21:00:00,2017-07-17 21:50:00,train
2425,2425,2430,2431,2436,2017-07-17 20:10:00,2017-07-17 21:00:00,2017-07-17 21:10:00,2017-07-17 22:00:00,train
2426,2426,2431,2432,2437,2017-07-17 20:20:00,2017-07-17 21:10:00,2017-07-17 21:20:00,2017-07-17 22:10:00,train
2427,2427,2432,2433,2438,2017-07-17 20:30:00,2017-07-17 21:20:00,2017-07-17 21:30:00,2017-07-17 22:20:00,train
2428,2428,2433,2434,2439,2017-07-17 20:40:00,2017-07-17 21:30:00,2017-07-17 21:40:00,2017-07-17 22:30:00,train
2429,2429,2434,2435,2440,2017-07-17 20:50:00,2017-07-17 21:40:00,2017-07-17 21:50:00,2017-07-17 22:40:00,train
2430,2430,2435,2436,2441,2017-07-17 21:00:00,2017-07-17 21:50:00,2017-07-17 22:00:00,2017-07-17 22:50:00,train
2431,2431,2436,2437,2442,2017-07-17 21:10:00,2017-07-17 22:00:00,2017-07-17 22:10:00,2017-07-17 23:00:00,train
2432,2432,2437,2438,2443,2017-07-17 21:20:00,2017-07-17 22:10:00,2017-07-17 22:20:00,2017-07-17 23:10:00,train
2433,2433,2438,2439,2444,2017-07-17 21:30:00,2017-07-17 22:20:00,2017-07-17 22:30:00,2017-07-17 23:20:00,train
2434,2434,2439,2440,2445,2017-07-17 21:40:00,2017-07-17 22:30:00,2017-07-17 22:40:00,2017-07-17 23:30:00,train
2435,2435,2440,2441,2446,2017-07-17 21:50:00,2017-07-17 22:40:00,2017-07-17 22:50:00,2017-07-17 23:40:00,train
2436,2436,2441,2442,2447,2017-07-17 22:00:00,2017-07-17 22:50:00,2017-07-17 23:00:00,2017-07-17 23:50:00,train
2437,2437,2442,2443,2448,2017-07-17 22:10:00,2017-07-17 23:00:00,2017-07-17 23:10:00,2017-07-18 00:00:00,train
2438,2438,2443,2444,2449,2017-07-17 22:20:00,2017-07-17 23:10:00,2017-07-17 23:20:00,2017-07-18 00:10:00,train
2439,2439,2444,2445,2450,2017-07-17 22:30:00,2017-07-17 23:20:00,2017-07-17 23:30:00,2017-07-18 00:20:00,train
2440,2440,2445,2446,2451,2017-07-17 22:40:00,2017-07-17 23:30:00,2017-07-17 23:40:00,2017-07-18 00:30:00,train
2441,2441,2446,2447,2452,2017-07-17 22:50:00,2017-07-17 23:40:00,2017-07-17 23:50:00,2017-07-18 00:40:00,train
2442,2442,2447,2448,2453,2017-07-17 23:00:00,2017-07-17 23:50:00,2017-07-18 00:00:00,2017-07-18 00:50:00,train
2443,2443,2448,2449,2454,2017-07-17 23:10:00,2017-07-18 00:00:00,2017-07-18 00:10:00,2017-07-18 01:00:00,train
2444,2444,2449,2450,2455,2017-07-17 23:20:00,2017-07-18 00:10:00,2017-07-18 00:20:00,2017-07-18 01:10:00,train
2445,2445,2450,2451,2456,2017-07-17 23:30:00,2017-07-18 00:20:00,2017-07-18 00:30:00,2017-07-18 01:20:00,train
2446,2446,2451,2452,2457,2017-07-17 23:40:00,2017-07-18 00:30:00,2017-07-18 00:40:00,2017-07-18 01:30:00,train
2447,2447,2452,2453,2458,2017-07-17 23:50:00,2017-07-18 00:40:00,2017-07-18 00:50:00,2017-07-18 01:40:00,train
2448,2448,2453,2454,2459,2017-07-18 00:00:00,2017-07-18 00:50:00,2017-07-18 01:00:00,2017-07-18 01:50:00,train
2449,2449,2454,2455,2460,2017-07-18 00:10:00,2017-07-18 01:00:00,2017-07-18 01:10:00,2017-07-18 02:00:00,train
2450,2450,2455,2456,2461,2017-07-18 00:20:00,2017-07-18 01:10:00,2017-07-18 01:20:00,2017-07-18 02:10:00,train
2451,2451,2456,2457,2462,2017-07-18 00:30:00,2017-07-18 01:20:00,2017-07-18 01:30:00,2017-07-18 02:20:00,train
2452,2452,2457,2458,2463,2017-07-18 00:40:00,2017-07-18 01:30:00,2017-07-18 01:40:00,2017-07-18 02:30:00,train
2453,2453,2458,2459,2464,2017-07-18 00:50:00,2017-07-18 01:40:00,2017-07-18 01:50:00,2017-07-18 02:40:00,train
2454,2454,2459,2460,2465,2017-07-18 01:00:00,2017-07-18 01:50:00,2017-07-18 02:00:00,2017-07-18 02:50:00,train
2455,2455,2460,2461,2466,2017-07-18 01:10:00,2017-07-18 02:00:00,2017-07-18 02:10:00,2017-07-18 03:00:00,train
2456,2456,2461,2462,2467,2017-07-18 01:20:00,2017-07-18 02:10:00,2017-07-18 02:20:00,2017-07-18 03:10:00,train
2457,2457,2462,2463,2468,2017-07-18 01:30:00,2017-07-18 02:20:00,2017-07-18 02:30:00,2017-07-18 03:20:00,train
2458,2458,2463,2464,2469,2017-07-18 01:40:00,2017-07-18 02:30:00,2017-07-18 02:40:00,2017-07-18 03:30:00,train
2459,2459,2464,2465,2470,2017-07-18 01:50:00,2017-07-18 02:40:00,2017-07-18 02:50:00,2017-07-18 03:40:00,train
2460,2460,2465,2466,2471,2017-07-18 02:00:00,2017-07-18 02:50:00,2017-07-18 03:00:00,2017-07-18 03:50:00,train
2461,2461,2466,2467,2472,2017-07-18 02:10:00,2017-07-18 03:00:00,2017-07-18 03:10:00,2017-07-18 04:00:00,train
2462,2462,2467,2468,2473,2017-07-18 02:20:00,2017-07-18 03:10:00,2017-07-18 03:20:00,2017-07-18 04:10:00,train
2463,2463,2468,2469,2474,2017-07-18 02:30:00,2017-07-18 03:20:00,2017-07-18 03:30:00,2017-07-18 04:20:00,train
2464,2464,2469,2470,2475,2017-07-18 02:40:00,2017-07-18 03:30:00,2017-07-18 03:40:00,2017-07-18 04:30:00,train
2465,2465,2470,2471,2476,2017-07-18 02:50:00,2017-07-18 03:40:00,2017-07-18 03:50:00,2017-07-18 04:40:00,train
2466,2466,2471,2472,2477,2017-07-18 03:00:00,2017-07-18 03:50:00,2017-07-18 04:00:00,2017-07-18 04:50:00,train
2467,2467,2472,2473,2478,2017-07-18 03:10:00,2017-07-18 04:00:00,2017-07-18 04:10:00,2017-07-18 05:00:00,train
2468,2468,2473,2474,2479,2017-07-18 03:20:00,2017-07-18 04:10:00,2017-07-18 04:20:00,2017-07-18 05:10:00,train
2469,2469,2474,2475,2480,2017-07-18 03:30:00,2017-07-18 04:20:00,2017-07-18 04:30:00,2017-07-18 05:20:00,train
2470,2470,2475,2476,2481,2017-07-18 03:40:00,2017-07-18 04:30:00,2017-07-18 04:40:00,2017-07-18 05:30:00,train
2471,2471,2476,2477,2482,2017-07-18 03:50:00,2017-07-18 04:40:00,2017-07-18 04:50:00,2017-07-18 05:40:00,train
2472,2472,2477,2478,2483,2017-07-18 04:00:00,2017-07-18 04:50:00,2017-07-18 05:00:00,2017-07-18 05:50:00,train
2473,2473,2478,2479,2484,2017-07-18 04:10:00,2017-07-18 05:00:00,2017-07-18 05:10:00,2017-07-18 06:00:00,train
2474,2474,2479,2480,2485,2017-07-18 04:20:00,2017-07-18 05:10:00,2017-07-18 05:20:00,2017-07-18 06:10:00,train
2475,2475,2480,2481,2486,2017-07-18 04:30:00,2017-07-18 05:20:00,2017-07-18 05:30:00,2017-07-18 06:20:00,train
2476,2476,2481,2482,2487,2017-07-18 04:40:00,2017-07-18 05:30:00,2017-07-18 05:40:00,2017-07-18 06:30:00,train
2477,2477,2482,2483,2488,2017-07-18 04:50:00,2017-07-18 05:40:00,2017-07-18 05:50:00,2017-07-18 06:40:00,train
2478,2478,2483,2484,2489,2017-07-18 05:00:00,2017-07-18 05:50:00,2017-07-18 06:00:00,2017-07-18 06:50:00,train
2479,2479,2484,2485,2490,2017-07-18 05:10:00,2017-07-18 06:00:00,2017-07-18 06:10:00,2017-07-18 07:00:00,train
2480,2480,2485,2486,2491,2017-07-18 05:20:00,2017-07-18 06:10:00,2017-07-18 06:20:00,2017-07-18 07:10:00,train
2481,2481,2486,2487,2492,2017-07-18 05:30:00,2017-07-18 06:20:00,2017-07-18 06:30:00,2017-07-18 07:20:00,train
2482,2482,2487,2488,2493,2017-07-18 05:40:00,2017-07-18 06:30:00,2017-07-18 06:40:00,2017-07-18 07:30:00,train
2483,2483,2488,2489,2494,2017-07-18 05:50:00,2017-07-18 06:40:00,2017-07-18 06:50:00,2017-07-18 07:40:00,train
2484,2484,2489,2490,2495,2017-07-18 06:00:00,2017-07-18 06:50:00,2017-07-18 07:00:00,2017-07-18 07:50:00,train
2485,2485,2490,2491,2496,2017-07-18 06:10:00,2017-07-18 07:00:00,2017-07-18 07:10:00,2017-07-18 08:00:00,train
2486,2486,2491,2492,2497,2017-07-18 06:20:00,2017-07-18 07:10:00,2017-07-18 07:20:00,2017-07-18 08:10:00,train
2487,2487,2492,2493,2498,2017-07-18 06:30:00,2017-07-18 07:20:00,2017-07-18 07:30:00,2017-07-18 08:20:00,train
2488,2488,2493,2494,2499,2017-07-18 06:40:00,2017-07-18 07:30:00,2017-07-18 07:40:00,2017-07-18 08:30:00,train
2489,2489,2494,2495,2500,2017-07-18 06:50:00,2017-07-18 07:40:00,2017-07-18 07:50:00,2017-07-18 08:40:00,train
2490,2490,2495,2496,2501,2017-07-18 07:00:00,2017-07-18 07:50:00,2017-07-18 08:00:00,2017-07-18 08:50:00,train
2491,2491,2496,2497,2502,2017-07-18 07:10:00,2017-07-18 08:00:00,2017-07-18 08:10:00,2017-07-18 09:00:00,train
2492,2492,2497,2498,2503,2017-07-18 07:20:00,2017-07-18 08:10:00,2017-07-18 08:20:00,2017-07-18 09:10:00,train
2493,2493,2498,2499,2504,2017-07-18 07:30:00,2017-07-18 08:20:00,2017-07-18 08:30:00,2017-07-18 09:20:00,train
2494,2494,2499,2500,2505,2017-07-18 07:40:00,2017-07-18 08:30:00,2017-07-18 08:40:00,2017-07-18 09:30:00,train
2495,2495,2500,2501,2506,2017-07-18 07:50:00,2017-07-18 08:40:00,2017-07-18 08:50:00,2017-07-18 09:40:00,train
2496,2496,2501,2502,2507,2017-07-18 08:00:00,2017-07-18 08:50:00,2017-07-18 09:00:00,2017-07-18 09:50:00,train
2497,2497,2502,2503,2508,2017-07-18 08:10:00,2017-07-18 09:00:00,2017-07-18 09:10:00,2017-07-18 10:00:00,train
2498,2498,2503,2504,2509,2017-07-18 08:20:00,2017-07-18 09:10:00,2017-07-18 09:20:00,2017-07-18 10:10:00,train
2499,2499,2504,2505,2510,2017-07-18 08:30:00,2017-07-18 09:20:00,2017-07-18 09:30:00,2017-07-18 10:20:00,train
2500,2500,2505,2506,2511,2017-07-18 08:40:00,2017-07-18 09:30:00,2017-07-18 09:40:00,2017-07-18 10:30:00,train
2501,2501,2506,2507,2512,2017-07-18 08:50:00,2017-07-18 09:40:00,2017-07-18 09:50:00,2017-07-18 10:40:00,train
2502,2502,2507,2508,2513,2017-07-18 09:00:00,2017-07-18 09:50:00,2017-07-18 10:00:00,2017-07-18 10:50:00,train
2503,2503,2508,2509,2514,2017-07-18 09:10:00,2017-07-18 10:00:00,2017-07-18 10:10:00,2017-07-18 11:00:00,train
2504,2504,2509,2510,2515,2017-07-18 09:20:00,2017-07-18 10:10:00,2017-07-18 10:20:00,2017-07-18 11:10:00,train
2505,2505,2510,2511,2516,2017-07-18 09:30:00,2017-07-18 10:20:00,2017-07-18 10:30:00,2017-07-18 11:20:00,train
2506,2506,2511,2512,2517,2017-07-18 09:40:00,2017-07-18 10:30:00,2017-07-18 10:40:00,2017-07-18 11:30:00,train
2507,2507,2512,2513,2518,2017-07-18 09:50:00,2017-07-18 10:40:00,2017-07-18 10:50:00,2017-07-18 11:40:00,train
2508,2508,2513,2514,2519,2017-07-18 10:00:00,2017-07-18 10:50:00,2017-07-18 11:00:00,2017-07-18 11:50:00,train
2509,2509,2514,2515,2520,2017-07-18 10:10:00,2017-07-18 11:00:00,2017-07-18 11:10:00,2017-07-18 12:00:00,train
2510,2510,2515,2516,2521,2017-07-18 10:20:00,2017-07-18 11:10:00,2017-07-18 11:20:00,2017-07-18 12:10:00,train
2511,2511,2516,2517,2522,2017-07-18 10:30:00,2017-07-18 11:20:00,2017-07-18 11:30:00,2017-07-18 12:20:00,train
2512,2512,2517,2518,2523,2017-07-18 10:40:00,2017-07-18 11:30:00,2017-07-18 11:40:00,2017-07-18 12:30:00,train
2513,2513,2518,2519,2524,2017-07-18 10:50:00,2017-07-18 11:40:00,2017-07-18 11:50:00,2017-07-18 12:40:00,train
2514,2514,2519,2520,2525,2017-07-18 11:00:00,2017-07-18 11:50:00,2017-07-18 12:00:00,2017-07-18 12:50:00,train
2515,2515,2520,2521,2526,2017-07-18 11:10:00,2017-07-18 12:00:00,2017-07-18 12:10:00,2017-07-18 13:00:00,train
2516,2516,2521,2522,2527,2017-07-18 11:20:00,2017-07-18 12:10:00,2017-07-18 12:20:00,2017-07-18 13:10:00,train
2517,2517,2522,2523,2528,2017-07-18 11:30:00,2017-07-18 12:20:00,2017-07-18 12:30:00,2017-07-18 13:20:00,train
2518,2518,2523,2524,2529,2017-07-18 11:40:00,2017-07-18 12:30:00,2017-07-18 12:40:00,2017-07-18 13:30:00,train
2519,2519,2524,2525,2530,2017-07-18 11:50:00,2017-07-18 12:40:00,2017-07-18 12:50:00,2017-07-18 13:40:00,train
2520,2520,2525,2526,2531,2017-07-18 12:00:00,2017-07-18 12:50:00,2017-07-18 13:00:00,2017-07-18 13:50:00,train
2521,2521,2526,2527,2532,2017-07-18 12:10:00,2017-07-18 13:00:00,2017-07-18 13:10:00,2017-07-18 14:00:00,train
2522,2522,2527,2528,2533,2017-07-18 12:20:00,2017-07-18 13:10:00,2017-07-18 13:20:00,2017-07-18 14:10:00,train
2523,2523,2528,2529,2534,2017-07-18 12:30:00,2017-07-18 13:20:00,2017-07-18 13:30:00,2017-07-18 14:20:00,train
2524,2524,2529,2530,2535,2017-07-18 12:40:00,2017-07-18 13:30:00,2017-07-18 13:40:00,2017-07-18 14:30:00,train
2525,2525,2530,2531,2536,2017-07-18 12:50:00,2017-07-18 13:40:00,2017-07-18 13:50:00,2017-07-18 14:40:00,train
2526,2526,2531,2532,2537,2017-07-18 13:00:00,2017-07-18 13:50:00,2017-07-18 14:00:00,2017-07-18 14:50:00,train
2527,2527,2532,2533,2538,2017-07-18 13:10:00,2017-07-18 14:00:00,2017-07-18 14:10:00,2017-07-18 15:00:00,train
2528,2528,2533,2534,2539,2017-07-18 13:20:00,2017-07-18 14:10:00,2017-07-18 14:20:00,2017-07-18 15:10:00,train
2529,2529,2534,2535,2540,2017-07-18 13:30:00,2017-07-18 14:20:00,2017-07-18 14:30:00,2017-07-18 15:20:00,train
2530,2530,2535,2536,2541,2017-07-18 13:40:00,2017-07-18 14:30:00,2017-07-18 14:40:00,2017-07-18 15:30:00,train
2531,2531,2536,2537,2542,2017-07-18 13:50:00,2017-07-18 14:40:00,2017-07-18 14:50:00,2017-07-18 15:40:00,train
2532,2532,2537,2538,2543,2017-07-18 14:00:00,2017-07-18 14:50:00,2017-07-18 15:00:00,2017-07-18 15:50:00,train
2533,2533,2538,2539,2544,2017-07-18 14:10:00,2017-07-18 15:00:00,2017-07-18 15:10:00,2017-07-18 16:00:00,train
2534,2534,2539,2540,2545,2017-07-18 14:20:00,2017-07-18 15:10:00,2017-07-18 15:20:00,2017-07-18 16:10:00,train
2535,2535,2540,2541,2546,2017-07-18 14:30:00,2017-07-18 15:20:00,2017-07-18 15:30:00,2017-07-18 16:20:00,train
2536,2536,2541,2542,2547,2017-07-18 14:40:00,2017-07-18 15:30:00,2017-07-18 15:40:00,2017-07-18 16:30:00,train
2537,2537,2542,2543,2548,2017-07-18 14:50:00,2017-07-18 15:40:00,2017-07-18 15:50:00,2017-07-18 16:40:00,train
2538,2538,2543,2544,2549,2017-07-18 15:00:00,2017-07-18 15:50:00,2017-07-18 16:00:00,2017-07-18 16:50:00,train
2539,2539,2544,2545,2550,2017-07-18 15:10:00,2017-07-18 16:00:00,2017-07-18 16:10:00,2017-07-18 17:00:00,train
2540,2540,2545,2546,2551,2017-07-18 15:20:00,2017-07-18 16:10:00,2017-07-18 16:20:00,2017-07-18 17:10:00,train
2541,2541,2546,2547,2552,2017-07-18 15:30:00,2017-07-18 16:20:00,2017-07-18 16:30:00,2017-07-18 17:20:00,train
2542,2542,2547,2548,2553,2017-07-18 15:40:00,2017-07-18 16:30:00,2017-07-18 16:40:00,2017-07-18 17:30:00,train
2543,2543,2548,2549,2554,2017-07-18 15:50:00,2017-07-18 16:40:00,2017-07-18 16:50:00,2017-07-18 17:40:00,train
2544,2544,2549,2550,2555,2017-07-18 16:00:00,2017-07-18 16:50:00,2017-07-18 17:00:00,2017-07-18 17:50:00,train
2545,2545,2550,2551,2556,2017-07-18 16:10:00,2017-07-18 17:00:00,2017-07-18 17:10:00,2017-07-18 18:00:00,train
2546,2546,2551,2552,2557,2017-07-18 16:20:00,2017-07-18 17:10:00,2017-07-18 17:20:00,2017-07-18 18:10:00,train
2547,2547,2552,2553,2558,2017-07-18 16:30:00,2017-07-18 17:20:00,2017-07-18 17:30:00,2017-07-18 18:20:00,train
2548,2548,2553,2554,2559,2017-07-18 16:40:00,2017-07-18 17:30:00,2017-07-18 17:40:00,2017-07-18 18:30:00,train
2549,2549,2554,2555,2560,2017-07-18 16:50:00,2017-07-18 17:40:00,2017-07-18 17:50:00,2017-07-18 18:40:00,train
2550,2550,2555,2556,2561,2017-07-18 17:00:00,2017-07-18 17:50:00,2017-07-18 18:00:00,2017-07-18 18:50:00,train
2551,2551,2556,2557,2562,2017-07-18 17:10:00,2017-07-18 18:00:00,2017-07-18 18:10:00,2017-07-18 19:00:00,train
2552,2552,2557,2558,2563,2017-07-18 17:20:00,2017-07-18 18:10:00,2017-07-18 18:20:00,2017-07-18 19:10:00,train
2553,2553,2558,2559,2564,2017-07-18 17:30:00,2017-07-18 18:20:00,2017-07-18 18:30:00,2017-07-18 19:20:00,train
2554,2554,2559,2560,2565,2017-07-18 17:40:00,2017-07-18 18:30:00,2017-07-18 18:40:00,2017-07-18 19:30:00,train
2555,2555,2560,2561,2566,2017-07-18 17:50:00,2017-07-18 18:40:00,2017-07-18 18:50:00,2017-07-18 19:40:00,train
2556,2556,2561,2562,2567,2017-07-18 18:00:00,2017-07-18 18:50:00,2017-07-18 19:00:00,2017-07-18 19:50:00,train
2557,2557,2562,2563,2568,2017-07-18 18:10:00,2017-07-18 19:00:00,2017-07-18 19:10:00,2017-07-18 20:00:00,train
2558,2558,2563,2564,2569,2017-07-18 18:20:00,2017-07-18 19:10:00,2017-07-18 19:20:00,2017-07-18 20:10:00,train
2559,2559,2564,2565,2570,2017-07-18 18:30:00,2017-07-18 19:20:00,2017-07-18 19:30:00,2017-07-18 20:20:00,train
2560,2560,2565,2566,2571,2017-07-18 18:40:00,2017-07-18 19:30:00,2017-07-18 19:40:00,2017-07-18 20:30:00,train
2561,2561,2566,2567,2572,2017-07-18 18:50:00,2017-07-18 19:40:00,2017-07-18 19:50:00,2017-07-18 20:40:00,train
2562,2562,2567,2568,2573,2017-07-18 19:00:00,2017-07-18 19:50:00,2017-07-18 20:00:00,2017-07-18 20:50:00,train
2563,2563,2568,2569,2574,2017-07-18 19:10:00,2017-07-18 20:00:00,2017-07-18 20:10:00,2017-07-18 21:00:00,train
2564,2564,2569,2570,2575,2017-07-18 19:20:00,2017-07-18 20:10:00,2017-07-18 20:20:00,2017-07-18 21:10:00,train
2565,2565,2570,2571,2576,2017-07-18 19:30:00,2017-07-18 20:20:00,2017-07-18 20:30:00,2017-07-18 21:20:00,train
2566,2566,2571,2572,2577,2017-07-18 19:40:00,2017-07-18 20:30:00,2017-07-18 20:40:00,2017-07-18 21:30:00,train
2567,2567,2572,2573,2578,2017-07-18 19:50:00,2017-07-18 20:40:00,2017-07-18 20:50:00,2017-07-18 21:40:00,train
2568,2568,2573,2574,2579,2017-07-18 20:00:00,2017-07-18 20:50:00,2017-07-18 21:00:00,2017-07-18 21:50:00,train
2569,2569,2574,2575,2580,2017-07-18 20:10:00,2017-07-18 21:00:00,2017-07-18 21:10:00,2017-07-18 22:00:00,train
2570,2570,2575,2576,2581,2017-07-18 20:20:00,2017-07-18 21:10:00,2017-07-18 21:20:00,2017-07-18 22:10:00,train
2571,2571,2576,2577,2582,2017-07-18 20:30:00,2017-07-18 21:20:00,2017-07-18 21:30:00,2017-07-18 22:20:00,train
2572,2572,2577,2578,2583,2017-07-18 20:40:00,2017-07-18 21:30:00,2017-07-18 21:40:00,2017-07-18 22:30:00,train
2573,2573,2578,2579,2584,2017-07-18 20:50:00,2017-07-18 21:40:00,2017-07-18 21:50:00,2017-07-18 22:40:00,train
2574,2574,2579,2580,2585,2017-07-18 21:00:00,2017-07-18 21:50:00,2017-07-18 22:00:00,2017-07-18 22:50:00,train
2575,2575,2580,2581,2586,2017-07-18 21:10:00,2017-07-18 22:00:00,2017-07-18 22:10:00,2017-07-18 23:00:00,train
2576,2576,2581,2582,2587,2017-07-18 21:20:00,2017-07-18 22:10:00,2017-07-18 22:20:00,2017-07-18 23:10:00,train
2577,2577,2582,2583,2588,2017-07-18 21:30:00,2017-07-18 22:20:00,2017-07-18 22:30:00,2017-07-18 23:20:00,train
2578,2578,2583,2584,2589,2017-07-18 21:40:00,2017-07-18 22:30:00,2017-07-18 22:40:00,2017-07-18 23:30:00,train
2579,2579,2584,2585,2590,2017-07-18 21:50:00,2017-07-18 22:40:00,2017-07-18 22:50:00,2017-07-18 23:40:00,train
2580,2580,2585,2586,2591,2017-07-18 22:00:00,2017-07-18 22:50:00,2017-07-18 23:00:00,2017-07-18 23:50:00,train
2581,2581,2586,2587,2592,2017-07-18 22:10:00,2017-07-18 23:00:00,2017-07-18 23:10:00,2017-07-19 00:00:00,train
2582,2582,2587,2588,2593,2017-07-18 22:20:00,2017-07-18 23:10:00,2017-07-18 23:20:00,2017-07-19 00:10:00,train
2583,2583,2588,2589,2594,2017-07-18 22:30:00,2017-07-18 23:20:00,2017-07-18 23:30:00,2017-07-19 00:20:00,train
2584,2584,2589,2590,2595,2017-07-18 22:40:00,2017-07-18 23:30:00,2017-07-18 23:40:00,2017-07-19 00:30:00,train
2585,2585,2590,2591,2596,2017-07-18 22:50:00,2017-07-18 23:40:00,2017-07-18 23:50:00,2017-07-19 00:40:00,train
2586,2586,2591,2592,2597,2017-07-18 23:00:00,2017-07-18 23:50:00,2017-07-19 00:00:00,2017-07-19 00:50:00,train
2587,2587,2592,2593,2598,2017-07-18 23:10:00,2017-07-19 00:00:00,2017-07-19 00:10:00,2017-07-19 01:00:00,train
2588,2588,2593,2594,2599,2017-07-18 23:20:00,2017-07-19 00:10:00,2017-07-19 00:20:00,2017-07-19 01:10:00,train
2589,2589,2594,2595,2600,2017-07-18 23:30:00,2017-07-19 00:20:00,2017-07-19 00:30:00,2017-07-19 01:20:00,train
2590,2590,2595,2596,2601,2017-07-18 23:40:00,2017-07-19 00:30:00,2017-07-19 00:40:00,2017-07-19 01:30:00,train
2591,2591,2596,2597,2602,2017-07-18 23:50:00,2017-07-19 00:40:00,2017-07-19 00:50:00,2017-07-19 01:40:00,train
2592,2592,2597,2598,2603,2017-07-19 00:00:00,2017-07-19 00:50:00,2017-07-19 01:00:00,2017-07-19 01:50:00,train
2593,2593,2598,2599,2604,2017-07-19 00:10:00,2017-07-19 01:00:00,2017-07-19 01:10:00,2017-07-19 02:00:00,train
2594,2594,2599,2600,2605,2017-07-19 00:20:00,2017-07-19 01:10:00,2017-07-19 01:20:00,2017-07-19 02:10:00,train
2595,2595,2600,2601,2606,2017-07-19 00:30:00,2017-07-19 01:20:00,2017-07-19 01:30:00,2017-07-19 02:20:00,train
2596,2596,2601,2602,2607,2017-07-19 00:40:00,2017-07-19 01:30:00,2017-07-19 01:40:00,2017-07-19 02:30:00,train
2597,2597,2602,2603,2608,2017-07-19 00:50:00,2017-07-19 01:40:00,2017-07-19 01:50:00,2017-07-19 02:40:00,train
2598,2598,2603,2604,2609,2017-07-19 01:00:00,2017-07-19 01:50:00,2017-07-19 02:00:00,2017-07-19 02:50:00,train
2599,2599,2604,2605,2610,2017-07-19 01:10:00,2017-07-19 02:00:00,2017-07-19 02:10:00,2017-07-19 03:00:00,train
2600,2600,2605,2606,2611,2017-07-19 01:20:00,2017-07-19 02:10:00,2017-07-19 02:20:00,2017-07-19 03:10:00,train
2601,2601,2606,2607,2612,2017-07-19 01:30:00,2017-07-19 02:20:00,2017-07-19 02:30:00,2017-07-19 03:20:00,train
2602,2602,2607,2608,2613,2017-07-19 01:40:00,2017-07-19 02:30:00,2017-07-19 02:40:00,2017-07-19 03:30:00,train
2603,2603,2608,2609,2614,2017-07-19 01:50:00,2017-07-19 02:40:00,2017-07-19 02:50:00,2017-07-19 03:40:00,train
2604,2604,2609,2610,2615,2017-07-19 02:00:00,2017-07-19 02:50:00,2017-07-19 03:00:00,2017-07-19 03:50:00,train
2605,2605,2610,2611,2616,2017-07-19 02:10:00,2017-07-19 03:00:00,2017-07-19 03:10:00,2017-07-19 04:00:00,train
2606,2606,2611,2612,2617,2017-07-19 02:20:00,2017-07-19 03:10:00,2017-07-19 03:20:00,2017-07-19 04:10:00,train
2607,2607,2612,2613,2618,2017-07-19 02:30:00,2017-07-19 03:20:00,2017-07-19 03:30:00,2017-07-19 04:20:00,train
2608,2608,2613,2614,2619,2017-07-19 02:40:00,2017-07-19 03:30:00,2017-07-19 03:40:00,2017-07-19 04:30:00,train
2609,2609,2614,2615,2620,2017-07-19 02:50:00,2017-07-19 03:40:00,2017-07-19 03:50:00,2017-07-19 04:40:00,train
2610,2610,2615,2616,2621,2017-07-19 03:00:00,2017-07-19 03:50:00,2017-07-19 04:00:00,2017-07-19 04:50:00,train
2611,2611,2616,2617,2622,2017-07-19 03:10:00,2017-07-19 04:00:00,2017-07-19 04:10:00,2017-07-19 05:00:00,train
2612,2612,2617,2618,2623,2017-07-19 03:20:00,2017-07-19 04:10:00,2017-07-19 04:20:00,2017-07-19 05:10:00,train
2613,2613,2618,2619,2624,2017-07-19 03:30:00,2017-07-19 04:20:00,2017-07-19 04:30:00,2017-07-19 05:20:00,train
2614,2614,2619,2620,2625,2017-07-19 03:40:00,2017-07-19 04:30:00,2017-07-19 04:40:00,2017-07-19 05:30:00,train
2615,2615,2620,2621,2626,2017-07-19 03:50:00,2017-07-19 04:40:00,2017-07-19 04:50:00,2017-07-19 05:40:00,train
2616,2616,2621,2622,2627,2017-07-19 04:00:00,2017-07-19 04:50:00,2017-07-19 05:00:00,2017-07-19 05:50:00,train
2617,2617,2622,2623,2628,2017-07-19 04:10:00,2017-07-19 05:00:00,2017-07-19 05:10:00,2017-07-19 06:00:00,train
2618,2618,2623,2624,2629,2017-07-19 04:20:00,2017-07-19 05:10:00,2017-07-19 05:20:00,2017-07-19 06:10:00,train
2619,2619,2624,2625,2630,2017-07-19 04:30:00,2017-07-19 05:20:00,2017-07-19 05:30:00,2017-07-19 06:20:00,train
2620,2620,2625,2626,2631,2017-07-19 04:40:00,2017-07-19 05:30:00,2017-07-19 05:40:00,2017-07-19 06:30:00,train
2621,2621,2626,2627,2632,2017-07-19 04:50:00,2017-07-19 05:40:00,2017-07-19 05:50:00,2017-07-19 06:40:00,train
2622,2622,2627,2628,2633,2017-07-19 05:00:00,2017-07-19 05:50:00,2017-07-19 06:00:00,2017-07-19 06:50:00,train
2623,2623,2628,2629,2634,2017-07-19 05:10:00,2017-07-19 06:00:00,2017-07-19 06:10:00,2017-07-19 07:00:00,train
2624,2624,2629,2630,2635,2017-07-19 05:20:00,2017-07-19 06:10:00,2017-07-19 06:20:00,2017-07-19 07:10:00,train
2625,2625,2630,2631,2636,2017-07-19 05:30:00,2017-07-19 06:20:00,2017-07-19 06:30:00,2017-07-19 07:20:00,train
2626,2626,2631,2632,2637,2017-07-19 05:40:00,2017-07-19 06:30:00,2017-07-19 06:40:00,2017-07-19 07:30:00,train
2627,2627,2632,2633,2638,2017-07-19 05:50:00,2017-07-19 06:40:00,2017-07-19 06:50:00,2017-07-19 07:40:00,train
2628,2628,2633,2634,2639,2017-07-19 06:00:00,2017-07-19 06:50:00,2017-07-19 07:00:00,2017-07-19 07:50:00,train
2629,2629,2634,2635,2640,2017-07-19 06:10:00,2017-07-19 07:00:00,2017-07-19 07:10:00,2017-07-19 08:00:00,train
2630,2630,2635,2636,2641,2017-07-19 06:20:00,2017-07-19 07:10:00,2017-07-19 07:20:00,2017-07-19 08:10:00,train
2631,2631,2636,2637,2642,2017-07-19 06:30:00,2017-07-19 07:20:00,2017-07-19 07:30:00,2017-07-19 08:20:00,train
2632,2632,2637,2638,2643,2017-07-19 06:40:00,2017-07-19 07:30:00,2017-07-19 07:40:00,2017-07-19 08:30:00,train
2633,2633,2638,2639,2644,2017-07-19 06:50:00,2017-07-19 07:40:00,2017-07-19 07:50:00,2017-07-19 08:40:00,train
2634,2634,2639,2640,2645,2017-07-19 07:00:00,2017-07-19 07:50:00,2017-07-19 08:00:00,2017-07-19 08:50:00,train
2635,2635,2640,2641,2646,2017-07-19 07:10:00,2017-07-19 08:00:00,2017-07-19 08:10:00,2017-07-19 09:00:00,train
2636,2636,2641,2642,2647,2017-07-19 07:20:00,2017-07-19 08:10:00,2017-07-19 08:20:00,2017-07-19 09:10:00,train
2637,2637,2642,2643,2648,2017-07-19 07:30:00,2017-07-19 08:20:00,2017-07-19 08:30:00,2017-07-19 09:20:00,train
2638,2638,2643,2644,2649,2017-07-19 07:40:00,2017-07-19 08:30:00,2017-07-19 08:40:00,2017-07-19 09:30:00,train
2639,2639,2644,2645,2650,2017-07-19 07:50:00,2017-07-19 08:40:00,2017-07-19 08:50:00,2017-07-19 09:40:00,train
2640,2640,2645,2646,2651,2017-07-19 08:00:00,2017-07-19 08:50:00,2017-07-19 09:00:00,2017-07-19 09:50:00,train
2641,2641,2646,2647,2652,2017-07-19 08:10:00,2017-07-19 09:00:00,2017-07-19 09:10:00,2017-07-19 10:00:00,train
2642,2642,2647,2648,2653,2017-07-19 08:20:00,2017-07-19 09:10:00,2017-07-19 09:20:00,2017-07-19 10:10:00,train
2643,2643,2648,2649,2654,2017-07-19 08:30:00,2017-07-19 09:20:00,2017-07-19 09:30:00,2017-07-19 10:20:00,train
2644,2644,2649,2650,2655,2017-07-19 08:40:00,2017-07-19 09:30:00,2017-07-19 09:40:00,2017-07-19 10:30:00,train
2645,2645,2650,2651,2656,2017-07-19 08:50:00,2017-07-19 09:40:00,2017-07-19 09:50:00,2017-07-19 10:40:00,train
2646,2646,2651,2652,2657,2017-07-19 09:00:00,2017-07-19 09:50:00,2017-07-19 10:00:00,2017-07-19 10:50:00,train
2647,2647,2652,2653,2658,2017-07-19 09:10:00,2017-07-19 10:00:00,2017-07-19 10:10:00,2017-07-19 11:00:00,train
2648,2648,2653,2654,2659,2017-07-19 09:20:00,2017-07-19 10:10:00,2017-07-19 10:20:00,2017-07-19 11:10:00,train
2649,2649,2654,2655,2660,2017-07-19 09:30:00,2017-07-19 10:20:00,2017-07-19 10:30:00,2017-07-19 11:20:00,train
2650,2650,2655,2656,2661,2017-07-19 09:40:00,2017-07-19 10:30:00,2017-07-19 10:40:00,2017-07-19 11:30:00,train
2651,2651,2656,2657,2662,2017-07-19 09:50:00,2017-07-19 10:40:00,2017-07-19 10:50:00,2017-07-19 11:40:00,train
2652,2652,2657,2658,2663,2017-07-19 10:00:00,2017-07-19 10:50:00,2017-07-19 11:00:00,2017-07-19 11:50:00,train
2653,2653,2658,2659,2664,2017-07-19 10:10:00,2017-07-19 11:00:00,2017-07-19 11:10:00,2017-07-19 12:00:00,train
2654,2654,2659,2660,2665,2017-07-19 10:20:00,2017-07-19 11:10:00,2017-07-19 11:20:00,2017-07-19 12:10:00,train
2655,2655,2660,2661,2666,2017-07-19 10:30:00,2017-07-19 11:20:00,2017-07-19 11:30:00,2017-07-19 12:20:00,train
2656,2656,2661,2662,2667,2017-07-19 10:40:00,2017-07-19 11:30:00,2017-07-19 11:40:00,2017-07-19 12:30:00,train
2657,2657,2662,2663,2668,2017-07-19 10:50:00,2017-07-19 11:40:00,2017-07-19 11:50:00,2017-07-19 12:40:00,train
2658,2658,2663,2664,2669,2017-07-19 11:00:00,2017-07-19 11:50:00,2017-07-19 12:00:00,2017-07-19 12:50:00,train
2659,2659,2664,2665,2670,2017-07-19 11:10:00,2017-07-19 12:00:00,2017-07-19 12:10:00,2017-07-19 13:00:00,train
2660,2660,2665,2666,2671,2017-07-19 11:20:00,2017-07-19 12:10:00,2017-07-19 12:20:00,2017-07-19 13:10:00,train
2661,2661,2666,2667,2672,2017-07-19 11:30:00,2017-07-19 12:20:00,2017-07-19 12:30:00,2017-07-19 13:20:00,train
2662,2662,2667,2668,2673,2017-07-19 11:40:00,2017-07-19 12:30:00,2017-07-19 12:40:00,2017-07-19 13:30:00,train
2663,2663,2668,2669,2674,2017-07-19 11:50:00,2017-07-19 12:40:00,2017-07-19 12:50:00,2017-07-19 13:40:00,train
2664,2664,2669,2670,2675,2017-07-19 12:00:00,2017-07-19 12:50:00,2017-07-19 13:00:00,2017-07-19 13:50:00,train
2665,2665,2670,2671,2676,2017-07-19 12:10:00,2017-07-19 13:00:00,2017-07-19 13:10:00,2017-07-19 14:00:00,train
2666,2666,2671,2672,2677,2017-07-19 12:20:00,2017-07-19 13:10:00,2017-07-19 13:20:00,2017-07-19 14:10:00,train
2667,2667,2672,2673,2678,2017-07-19 12:30:00,2017-07-19 13:20:00,2017-07-19 13:30:00,2017-07-19 14:20:00,train
2668,2668,2673,2674,2679,2017-07-19 12:40:00,2017-07-19 13:30:00,2017-07-19 13:40:00,2017-07-19 14:30:00,train
2669,2669,2674,2675,2680,2017-07-19 12:50:00,2017-07-19 13:40:00,2017-07-19 13:50:00,2017-07-19 14:40:00,train
2670,2670,2675,2676,2681,2017-07-19 13:00:00,2017-07-19 13:50:00,2017-07-19 14:00:00,2017-07-19 14:50:00,train
2671,2671,2676,2677,2682,2017-07-19 13:10:00,2017-07-19 14:00:00,2017-07-19 14:10:00,2017-07-19 15:00:00,train
2672,2672,2677,2678,2683,2017-07-19 13:20:00,2017-07-19 14:10:00,2017-07-19 14:20:00,2017-07-19 15:10:00,val
2673,2673,2678,2679,2684,2017-07-19 13:30:00,2017-07-19 14:20:00,2017-07-19 14:30:00,2017-07-19 15:20:00,val
2674,2674,2679,2680,2685,2017-07-19 13:40:00,2017-07-19 14:30:00,2017-07-19 14:40:00,2017-07-19 15:30:00,val
2675,2675,2680,2681,2686,2017-07-19 13:50:00,2017-07-19 14:40:00,2017-07-19 14:50:00,2017-07-19 15:40:00,val
2676,2676,2681,2682,2687,2017-07-19 14:00:00,2017-07-19 14:50:00,2017-07-19 15:00:00,2017-07-19 15:50:00,val
2677,2677,2682,2683,2688,2017-07-19 14:10:00,2017-07-19 15:00:00,2017-07-19 15:10:00,2017-07-19 16:00:00,val
2678,2678,2683,2684,2689,2017-07-19 14:20:00,2017-07-19 15:10:00,2017-07-19 15:20:00,2017-07-19 16:10:00,val
2679,2679,2684,2685,2690,2017-07-19 14:30:00,2017-07-19 15:20:00,2017-07-19 15:30:00,2017-07-19 16:20:00,val
2680,2680,2685,2686,2691,2017-07-19 14:40:00,2017-07-19 15:30:00,2017-07-19 15:40:00,2017-07-19 16:30:00,val
2681,2681,2686,2687,2692,2017-07-19 14:50:00,2017-07-19 15:40:00,2017-07-19 15:50:00,2017-07-19 16:40:00,val
2682,2682,2687,2688,2693,2017-07-19 15:00:00,2017-07-19 15:50:00,2017-07-19 16:00:00,2017-07-19 16:50:00,val
2683,2683,2688,2689,2694,2017-07-19 15:10:00,2017-07-19 16:00:00,2017-07-19 16:10:00,2017-07-19 17:00:00,val
2684,2684,2689,2690,2695,2017-07-19 15:20:00,2017-07-19 16:10:00,2017-07-19 16:20:00,2017-07-19 17:10:00,val
2685,2685,2690,2691,2696,2017-07-19 15:30:00,2017-07-19 16:20:00,2017-07-19 16:30:00,2017-07-19 17:20:00,val
2686,2686,2691,2692,2697,2017-07-19 15:40:00,2017-07-19 16:30:00,2017-07-19 16:40:00,2017-07-19 17:30:00,val
2687,2687,2692,2693,2698,2017-07-19 15:50:00,2017-07-19 16:40:00,2017-07-19 16:50:00,2017-07-19 17:40:00,val
2688,2688,2693,2694,2699,2017-07-19 16:00:00,2017-07-19 16:50:00,2017-07-19 17:00:00,2017-07-19 17:50:00,val
2689,2689,2694,2695,2700,2017-07-19 16:10:00,2017-07-19 17:00:00,2017-07-19 17:10:00,2017-07-19 18:00:00,val
2690,2690,2695,2696,2701,2017-07-19 16:20:00,2017-07-19 17:10:00,2017-07-19 17:20:00,2017-07-19 18:10:00,val
2691,2691,2696,2697,2702,2017-07-19 16:30:00,2017-07-19 17:20:00,2017-07-19 17:30:00,2017-07-19 18:20:00,val
2692,2692,2697,2698,2703,2017-07-19 16:40:00,2017-07-19 17:30:00,2017-07-19 17:40:00,2017-07-19 18:30:00,val
2693,2693,2698,2699,2704,2017-07-19 16:50:00,2017-07-19 17:40:00,2017-07-19 17:50:00,2017-07-19 18:40:00,val
2694,2694,2699,2700,2705,2017-07-19 17:00:00,2017-07-19 17:50:00,2017-07-19 18:00:00,2017-07-19 18:50:00,val
2695,2695,2700,2701,2706,2017-07-19 17:10:00,2017-07-19 18:00:00,2017-07-19 18:10:00,2017-07-19 19:00:00,val
2696,2696,2701,2702,2707,2017-07-19 17:20:00,2017-07-19 18:10:00,2017-07-19 18:20:00,2017-07-19 19:10:00,val
2697,2697,2702,2703,2708,2017-07-19 17:30:00,2017-07-19 18:20:00,2017-07-19 18:30:00,2017-07-19 19:20:00,val
2698,2698,2703,2704,2709,2017-07-19 17:40:00,2017-07-19 18:30:00,2017-07-19 18:40:00,2017-07-19 19:30:00,val
2699,2699,2704,2705,2710,2017-07-19 17:50:00,2017-07-19 18:40:00,2017-07-19 18:50:00,2017-07-19 19:40:00,val
2700,2700,2705,2706,2711,2017-07-19 18:00:00,2017-07-19 18:50:00,2017-07-19 19:00:00,2017-07-19 19:50:00,val
2701,2701,2706,2707,2712,2017-07-19 18:10:00,2017-07-19 19:00:00,2017-07-19 19:10:00,2017-07-19 20:00:00,val
2702,2702,2707,2708,2713,2017-07-19 18:20:00,2017-07-19 19:10:00,2017-07-19 19:20:00,2017-07-19 20:10:00,val
2703,2703,2708,2709,2714,2017-07-19 18:30:00,2017-07-19 19:20:00,2017-07-19 19:30:00,2017-07-19 20:20:00,val
2704,2704,2709,2710,2715,2017-07-19 18:40:00,2017-07-19 19:30:00,2017-07-19 19:40:00,2017-07-19 20:30:00,val
2705,2705,2710,2711,2716,2017-07-19 18:50:00,2017-07-19 19:40:00,2017-07-19 19:50:00,2017-07-19 20:40:00,val
2706,2706,2711,2712,2717,2017-07-19 19:00:00,2017-07-19 19:50:00,2017-07-19 20:00:00,2017-07-19 20:50:00,val
2707,2707,2712,2713,2718,2017-07-19 19:10:00,2017-07-19 20:00:00,2017-07-19 20:10:00,2017-07-19 21:00:00,val
2708,2708,2713,2714,2719,2017-07-19 19:20:00,2017-07-19 20:10:00,2017-07-19 20:20:00,2017-07-19 21:10:00,val
2709,2709,2714,2715,2720,2017-07-19 19:30:00,2017-07-19 20:20:00,2017-07-19 20:30:00,2017-07-19 21:20:00,val
2710,2710,2715,2716,2721,2017-07-19 19:40:00,2017-07-19 20:30:00,2017-07-19 20:40:00,2017-07-19 21:30:00,val
2711,2711,2716,2717,2722,2017-07-19 19:50:00,2017-07-19 20:40:00,2017-07-19 20:50:00,2017-07-19 21:40:00,val
2712,2712,2717,2718,2723,2017-07-19 20:00:00,2017-07-19 20:50:00,2017-07-19 21:00:00,2017-07-19 21:50:00,val
2713,2713,2718,2719,2724,2017-07-19 20:10:00,2017-07-19 21:00:00,2017-07-19 21:10:00,2017-07-19 22:00:00,val
2714,2714,2719,2720,2725,2017-07-19 20:20:00,2017-07-19 21:10:00,2017-07-19 21:20:00,2017-07-19 22:10:00,val
2715,2715,2720,2721,2726,2017-07-19 20:30:00,2017-07-19 21:20:00,2017-07-19 21:30:00,2017-07-19 22:20:00,val
2716,2716,2721,2722,2727,2017-07-19 20:40:00,2017-07-19 21:30:00,2017-07-19 21:40:00,2017-07-19 22:30:00,val
2717,2717,2722,2723,2728,2017-07-19 20:50:00,2017-07-19 21:40:00,2017-07-19 21:50:00,2017-07-19 22:40:00,val
2718,2718,2723,2724,2729,2017-07-19 21:00:00,2017-07-19 21:50:00,2017-07-19 22:00:00,2017-07-19 22:50:00,val
2719,2719,2724,2725,2730,2017-07-19 21:10:00,2017-07-19 22:00:00,2017-07-19 22:10:00,2017-07-19 23:00:00,val
2720,2720,2725,2726,2731,2017-07-19 21:20:00,2017-07-19 22:10:00,2017-07-19 22:20:00,2017-07-19 23:10:00,val
2721,2721,2726,2727,2732,2017-07-19 21:30:00,2017-07-19 22:20:00,2017-07-19 22:30:00,2017-07-19 23:20:00,val
2722,2722,2727,2728,2733,2017-07-19 21:40:00,2017-07-19 22:30:00,2017-07-19 22:40:00,2017-07-19 23:30:00,val
2723,2723,2728,2729,2734,2017-07-19 21:50:00,2017-07-19 22:40:00,2017-07-19 22:50:00,2017-07-19 23:40:00,val
2724,2724,2729,2730,2735,2017-07-19 22:00:00,2017-07-19 22:50:00,2017-07-19 23:00:00,2017-07-19 23:50:00,val
2725,2725,2730,2731,2736,2017-07-19 22:10:00,2017-07-19 23:00:00,2017-07-19 23:10:00,2017-07-20 00:00:00,val
2726,2726,2731,2732,2737,2017-07-19 22:20:00,2017-07-19 23:10:00,2017-07-19 23:20:00,2017-07-20 00:10:00,val
2727,2727,2732,2733,2738,2017-07-19 22:30:00,2017-07-19 23:20:00,2017-07-19 23:30:00,2017-07-20 00:20:00,val
2728,2728,2733,2734,2739,2017-07-19 22:40:00,2017-07-19 23:30:00,2017-07-19 23:40:00,2017-07-20 00:30:00,val
2729,2729,2734,2735,2740,2017-07-19 22:50:00,2017-07-19 23:40:00,2017-07-19 23:50:00,2017-07-20 00:40:00,val
2730,2730,2735,2736,2741,2017-07-19 23:00:00,2017-07-19 23:50:00,2017-07-20 00:00:00,2017-07-20 00:50:00,val
2731,2731,2736,2737,2742,2017-07-19 23:10:00,2017-07-20 00:00:00,2017-07-20 00:10:00,2017-07-20 01:00:00,val
2732,2732,2737,2738,2743,2017-07-19 23:20:00,2017-07-20 00:10:00,2017-07-20 00:20:00,2017-07-20 01:10:00,val
2733,2733,2738,2739,2744,2017-07-19 23:30:00,2017-07-20 00:20:00,2017-07-20 00:30:00,2017-07-20 01:20:00,val
2734,2734,2739,2740,2745,2017-07-19 23:40:00,2017-07-20 00:30:00,2017-07-20 00:40:00,2017-07-20 01:30:00,val
2735,2735,2740,2741,2746,2017-07-19 23:50:00,2017-07-20 00:40:00,2017-07-20 00:50:00,2017-07-20 01:40:00,val
2736,2736,2741,2742,2747,2017-07-20 00:00:00,2017-07-20 00:50:00,2017-07-20 01:00:00,2017-07-20 01:50:00,val
2737,2737,2742,2743,2748,2017-07-20 00:10:00,2017-07-20 01:00:00,2017-07-20 01:10:00,2017-07-20 02:00:00,val
2738,2738,2743,2744,2749,2017-07-20 00:20:00,2017-07-20 01:10:00,2017-07-20 01:20:00,2017-07-20 02:10:00,val
2739,2739,2744,2745,2750,2017-07-20 00:30:00,2017-07-20 01:20:00,2017-07-20 01:30:00,2017-07-20 02:20:00,val
2740,2740,2745,2746,2751,2017-07-20 00:40:00,2017-07-20 01:30:00,2017-07-20 01:40:00,2017-07-20 02:30:00,val
2741,2741,2746,2747,2752,2017-07-20 00:50:00,2017-07-20 01:40:00,2017-07-20 01:50:00,2017-07-20 02:40:00,val
2742,2742,2747,2748,2753,2017-07-20 01:00:00,2017-07-20 01:50:00,2017-07-20 02:00:00,2017-07-20 02:50:00,val
2743,2743,2748,2749,2754,2017-07-20 01:10:00,2017-07-20 02:00:00,2017-07-20 02:10:00,2017-07-20 03:00:00,val
2744,2744,2749,2750,2755,2017-07-20 01:20:00,2017-07-20 02:10:00,2017-07-20 02:20:00,2017-07-20 03:10:00,val
2745,2745,2750,2751,2756,2017-07-20 01:30:00,2017-07-20 02:20:00,2017-07-20 02:30:00,2017-07-20 03:20:00,val
2746,2746,2751,2752,2757,2017-07-20 01:40:00,2017-07-20 02:30:00,2017-07-20 02:40:00,2017-07-20 03:30:00,val
2747,2747,2752,2753,2758,2017-07-20 01:50:00,2017-07-20 02:40:00,2017-07-20 02:50:00,2017-07-20 03:40:00,val
2748,2748,2753,2754,2759,2017-07-20 02:00:00,2017-07-20 02:50:00,2017-07-20 03:00:00,2017-07-20 03:50:00,val
2749,2749,2754,2755,2760,2017-07-20 02:10:00,2017-07-20 03:00:00,2017-07-20 03:10:00,2017-07-20 04:00:00,val
2750,2750,2755,2756,2761,2017-07-20 02:20:00,2017-07-20 03:10:00,2017-07-20 03:20:00,2017-07-20 04:10:00,val
2751,2751,2756,2757,2762,2017-07-20 02:30:00,2017-07-20 03:20:00,2017-07-20 03:30:00,2017-07-20 04:20:00,val
2752,2752,2757,2758,2763,2017-07-20 02:40:00,2017-07-20 03:30:00,2017-07-20 03:40:00,2017-07-20 04:30:00,val
2753,2753,2758,2759,2764,2017-07-20 02:50:00,2017-07-20 03:40:00,2017-07-20 03:50:00,2017-07-20 04:40:00,val
2754,2754,2759,2760,2765,2017-07-20 03:00:00,2017-07-20 03:50:00,2017-07-20 04:00:00,2017-07-20 04:50:00,val
2755,2755,2760,2761,2766,2017-07-20 03:10:00,2017-07-20 04:00:00,2017-07-20 04:10:00,2017-07-20 05:00:00,val
2756,2756,2761,2762,2767,2017-07-20 03:20:00,2017-07-20 04:10:00,2017-07-20 04:20:00,2017-07-20 05:10:00,val
2757,2757,2762,2763,2768,2017-07-20 03:30:00,2017-07-20 04:20:00,2017-07-20 04:30:00,2017-07-20 05:20:00,val
2758,2758,2763,2764,2769,2017-07-20 03:40:00,2017-07-20 04:30:00,2017-07-20 04:40:00,2017-07-20 05:30:00,val
2759,2759,2764,2765,2770,2017-07-20 03:50:00,2017-07-20 04:40:00,2017-07-20 04:50:00,2017-07-20 05:40:00,val
2760,2760,2765,2766,2771,2017-07-20 04:00:00,2017-07-20 04:50:00,2017-07-20 05:00:00,2017-07-20 05:50:00,val
2761,2761,2766,2767,2772,2017-07-20 04:10:00,2017-07-20 05:00:00,2017-07-20 05:10:00,2017-07-20 06:00:00,val
2762,2762,2767,2768,2773,2017-07-20 04:20:00,2017-07-20 05:10:00,2017-07-20 05:20:00,2017-07-20 06:10:00,val
2763,2763,2768,2769,2774,2017-07-20 04:30:00,2017-07-20 05:20:00,2017-07-20 05:30:00,2017-07-20 06:20:00,val
2764,2764,2769,2770,2775,2017-07-20 04:40:00,2017-07-20 05:30:00,2017-07-20 05:40:00,2017-07-20 06:30:00,val
2765,2765,2770,2771,2776,2017-07-20 04:50:00,2017-07-20 05:40:00,2017-07-20 05:50:00,2017-07-20 06:40:00,val
2766,2766,2771,2772,2777,2017-07-20 05:00:00,2017-07-20 05:50:00,2017-07-20 06:00:00,2017-07-20 06:50:00,val
2767,2767,2772,2773,2778,2017-07-20 05:10:00,2017-07-20 06:00:00,2017-07-20 06:10:00,2017-07-20 07:00:00,val
2768,2768,2773,2774,2779,2017-07-20 05:20:00,2017-07-20 06:10:00,2017-07-20 06:20:00,2017-07-20 07:10:00,val
2769,2769,2774,2775,2780,2017-07-20 05:30:00,2017-07-20 06:20:00,2017-07-20 06:30:00,2017-07-20 07:20:00,val
2770,2770,2775,2776,2781,2017-07-20 05:40:00,2017-07-20 06:30:00,2017-07-20 06:40:00,2017-07-20 07:30:00,val
2771,2771,2776,2777,2782,2017-07-20 05:50:00,2017-07-20 06:40:00,2017-07-20 06:50:00,2017-07-20 07:40:00,val
2772,2772,2777,2778,2783,2017-07-20 06:00:00,2017-07-20 06:50:00,2017-07-20 07:00:00,2017-07-20 07:50:00,val
2773,2773,2778,2779,2784,2017-07-20 06:10:00,2017-07-20 07:00:00,2017-07-20 07:10:00,2017-07-20 08:00:00,val
2774,2774,2779,2780,2785,2017-07-20 06:20:00,2017-07-20 07:10:00,2017-07-20 07:20:00,2017-07-20 08:10:00,val
2775,2775,2780,2781,2786,2017-07-20 06:30:00,2017-07-20 07:20:00,2017-07-20 07:30:00,2017-07-20 08:20:00,val
2776,2776,2781,2782,2787,2017-07-20 06:40:00,2017-07-20 07:30:00,2017-07-20 07:40:00,2017-07-20 08:30:00,val
2777,2777,2782,2783,2788,2017-07-20 06:50:00,2017-07-20 07:40:00,2017-07-20 07:50:00,2017-07-20 08:40:00,val
2778,2778,2783,2784,2789,2017-07-20 07:00:00,2017-07-20 07:50:00,2017-07-20 08:00:00,2017-07-20 08:50:00,val
2779,2779,2784,2785,2790,2017-07-20 07:10:00,2017-07-20 08:00:00,2017-07-20 08:10:00,2017-07-20 09:00:00,val
2780,2780,2785,2786,2791,2017-07-20 07:20:00,2017-07-20 08:10:00,2017-07-20 08:20:00,2017-07-20 09:10:00,val
2781,2781,2786,2787,2792,2017-07-20 07:30:00,2017-07-20 08:20:00,2017-07-20 08:30:00,2017-07-20 09:20:00,val
2782,2782,2787,2788,2793,2017-07-20 07:40:00,2017-07-20 08:30:00,2017-07-20 08:40:00,2017-07-20 09:30:00,val
2783,2783,2788,2789,2794,2017-07-20 07:50:00,2017-07-20 08:40:00,2017-07-20 08:50:00,2017-07-20 09:40:00,val
2784,2784,2789,2790,2795,2017-07-20 08:00:00,2017-07-20 08:50:00,2017-07-20 09:00:00,2017-07-20 09:50:00,val
2785,2785,2790,2791,2796,2017-07-20 08:10:00,2017-07-20 09:00:00,2017-07-20 09:10:00,2017-07-20 10:00:00,val
2786,2786,2791,2792,2797,2017-07-20 08:20:00,2017-07-20 09:10:00,2017-07-20 09:20:00,2017-07-20 10:10:00,val
2787,2787,2792,2793,2798,2017-07-20 08:30:00,2017-07-20 09:20:00,2017-07-20 09:30:00,2017-07-20 10:20:00,val
2788,2788,2793,2794,2799,2017-07-20 08:40:00,2017-07-20 09:30:00,2017-07-20 09:40:00,2017-07-20 10:30:00,val
2789,2789,2794,2795,2800,2017-07-20 08:50:00,2017-07-20 09:40:00,2017-07-20 09:50:00,2017-07-20 10:40:00,val
2790,2790,2795,2796,2801,2017-07-20 09:00:00,2017-07-20 09:50:00,2017-07-20 10:00:00,2017-07-20 10:50:00,val
2791,2791,2796,2797,2802,2017-07-20 09:10:00,2017-07-20 10:00:00,2017-07-20 10:10:00,2017-07-20 11:00:00,val
2792,2792,2797,2798,2803,2017-07-20 09:20:00,2017-07-20 10:10:00,2017-07-20 10:20:00,2017-07-20 11:10:00,val
2793,2793,2798,2799,2804,2017-07-20 09:30:00,2017-07-20 10:20:00,2017-07-20 10:30:00,2017-07-20 11:20:00,val
2794,2794,2799,2800,2805,2017-07-20 09:40:00,2017-07-20 10:30:00,2017-07-20 10:40:00,2017-07-20 11:30:00,val
2795,2795,2800,2801,2806,2017-07-20 09:50:00,2017-07-20 10:40:00,2017-07-20 10:50:00,2017-07-20 11:40:00,val
2796,2796,2801,2802,2807,2017-07-20 10:00:00,2017-07-20 10:50:00,2017-07-20 11:00:00,2017-07-20 11:50:00,val
2797,2797,2802,2803,2808,2017-07-20 10:10:00,2017-07-20 11:00:00,2017-07-20 11:10:00,2017-07-20 12:00:00,val
2798,2798,2803,2804,2809,2017-07-20 10:20:00,2017-07-20 11:10:00,2017-07-20 11:20:00,2017-07-20 12:10:00,val
2799,2799,2804,2805,2810,2017-07-20 10:30:00,2017-07-20 11:20:00,2017-07-20 11:30:00,2017-07-20 12:20:00,val
2800,2800,2805,2806,2811,2017-07-20 10:40:00,2017-07-20 11:30:00,2017-07-20 11:40:00,2017-07-20 12:30:00,val
2801,2801,2806,2807,2812,2017-07-20 10:50:00,2017-07-20 11:40:00,2017-07-20 11:50:00,2017-07-20 12:40:00,val
2802,2802,2807,2808,2813,2017-07-20 11:00:00,2017-07-20 11:50:00,2017-07-20 12:00:00,2017-07-20 12:50:00,val
2803,2803,2808,2809,2814,2017-07-20 11:10:00,2017-07-20 12:00:00,2017-07-20 12:10:00,2017-07-20 13:00:00,val
2804,2804,2809,2810,2815,2017-07-20 11:20:00,2017-07-20 12:10:00,2017-07-20 12:20:00,2017-07-20 13:10:00,val
2805,2805,2810,2811,2816,2017-07-20 11:30:00,2017-07-20 12:20:00,2017-07-20 12:30:00,2017-07-20 13:20:00,val
2806,2806,2811,2812,2817,2017-07-20 11:40:00,2017-07-20 12:30:00,2017-07-20 12:40:00,2017-07-20 13:30:00,val
2807,2807,2812,2813,2818,2017-07-20 11:50:00,2017-07-20 12:40:00,2017-07-20 12:50:00,2017-07-20 13:40:00,val
2808,2808,2813,2814,2819,2017-07-20 12:00:00,2017-07-20 12:50:00,2017-07-20 13:00:00,2017-07-20 13:50:00,val
2809,2809,2814,2815,2820,2017-07-20 12:10:00,2017-07-20 13:00:00,2017-07-20 13:10:00,2017-07-20 14:00:00,val
2810,2810,2815,2816,2821,2017-07-20 12:20:00,2017-07-20 13:10:00,2017-07-20 13:20:00,2017-07-20 14:10:00,val
2811,2811,2816,2817,2822,2017-07-20 12:30:00,2017-07-20 13:20:00,2017-07-20 13:30:00,2017-07-20 14:20:00,val
2812,2812,2817,2818,2823,2017-07-20 12:40:00,2017-07-20 13:30:00,2017-07-20 13:40:00,2017-07-20 14:30:00,val
2813,2813,2818,2819,2824,2017-07-20 12:50:00,2017-07-20 13:40:00,2017-07-20 13:50:00,2017-07-20 14:40:00,val
2814,2814,2819,2820,2825,2017-07-20 13:00:00,2017-07-20 13:50:00,2017-07-20 14:00:00,2017-07-20 14:50:00,val
2815,2815,2820,2821,2826,2017-07-20 13:10:00,2017-07-20 14:00:00,2017-07-20 14:10:00,2017-07-20 15:00:00,val
2816,2816,2821,2822,2827,2017-07-20 13:20:00,2017-07-20 14:10:00,2017-07-20 14:20:00,2017-07-20 15:10:00,val
2817,2817,2822,2823,2828,2017-07-20 13:30:00,2017-07-20 14:20:00,2017-07-20 14:30:00,2017-07-20 15:20:00,val
2818,2818,2823,2824,2829,2017-07-20 13:40:00,2017-07-20 14:30:00,2017-07-20 14:40:00,2017-07-20 15:30:00,val
2819,2819,2824,2825,2830,2017-07-20 13:50:00,2017-07-20 14:40:00,2017-07-20 14:50:00,2017-07-20 15:40:00,val
2820,2820,2825,2826,2831,2017-07-20 14:00:00,2017-07-20 14:50:00,2017-07-20 15:00:00,2017-07-20 15:50:00,val
2821,2821,2826,2827,2832,2017-07-20 14:10:00,2017-07-20 15:00:00,2017-07-20 15:10:00,2017-07-20 16:00:00,val
2822,2822,2827,2828,2833,2017-07-20 14:20:00,2017-07-20 15:10:00,2017-07-20 15:20:00,2017-07-20 16:10:00,val
2823,2823,2828,2829,2834,2017-07-20 14:30:00,2017-07-20 15:20:00,2017-07-20 15:30:00,2017-07-20 16:20:00,val
2824,2824,2829,2830,2835,2017-07-20 14:40:00,2017-07-20 15:30:00,2017-07-20 15:40:00,2017-07-20 16:30:00,val
2825,2825,2830,2831,2836,2017-07-20 14:50:00,2017-07-20 15:40:00,2017-07-20 15:50:00,2017-07-20 16:40:00,val
2826,2826,2831,2832,2837,2017-07-20 15:00:00,2017-07-20 15:50:00,2017-07-20 16:00:00,2017-07-20 16:50:00,val
2827,2827,2832,2833,2838,2017-07-20 15:10:00,2017-07-20 16:00:00,2017-07-20 16:10:00,2017-07-20 17:00:00,val
2828,2828,2833,2834,2839,2017-07-20 15:20:00,2017-07-20 16:10:00,2017-07-20 16:20:00,2017-07-20 17:10:00,val
2829,2829,2834,2835,2840,2017-07-20 15:30:00,2017-07-20 16:20:00,2017-07-20 16:30:00,2017-07-20 17:20:00,val
2830,2830,2835,2836,2841,2017-07-20 15:40:00,2017-07-20 16:30:00,2017-07-20 16:40:00,2017-07-20 17:30:00,val
2831,2831,2836,2837,2842,2017-07-20 15:50:00,2017-07-20 16:40:00,2017-07-20 16:50:00,2017-07-20 17:40:00,val
2832,2832,2837,2838,2843,2017-07-20 16:00:00,2017-07-20 16:50:00,2017-07-20 17:00:00,2017-07-20 17:50:00,val
2833,2833,2838,2839,2844,2017-07-20 16:10:00,2017-07-20 17:00:00,2017-07-20 17:10:00,2017-07-20 18:00:00,val
2834,2834,2839,2840,2845,2017-07-20 16:20:00,2017-07-20 17:10:00,2017-07-20 17:20:00,2017-07-20 18:10:00,val
2835,2835,2840,2841,2846,2017-07-20 16:30:00,2017-07-20 17:20:00,2017-07-20 17:30:00,2017-07-20 18:20:00,val
2836,2836,2841,2842,2847,2017-07-20 16:40:00,2017-07-20 17:30:00,2017-07-20 17:40:00,2017-07-20 18:30:00,val
2837,2837,2842,2843,2848,2017-07-20 16:50:00,2017-07-20 17:40:00,2017-07-20 17:50:00,2017-07-20 18:40:00,val
2838,2838,2843,2844,2849,2017-07-20 17:00:00,2017-07-20 17:50:00,2017-07-20 18:00:00,2017-07-20 18:50:00,val
2839,2839,2844,2845,2850,2017-07-20 17:10:00,2017-07-20 18:00:00,2017-07-20 18:10:00,2017-07-20 19:00:00,val
2840,2840,2845,2846,2851,2017-07-20 17:20:00,2017-07-20 18:10:00,2017-07-20 18:20:00,2017-07-20 19:10:00,val
2841,2841,2846,2847,2852,2017-07-20 17:30:00,2017-07-20 18:20:00,2017-07-20 18:30:00,2017-07-20 19:20:00,val
2842,2842,2847,2848,2853,2017-07-20 17:40:00,2017-07-20 18:30:00,2017-07-20 18:40:00,2017-07-20 19:30:00,val
2843,2843,2848,2849,2854,2017-07-20 17:50:00,2017-07-20 18:40:00,2017-07-20 18:50:00,2017-07-20 19:40:00,val
2844,2844,2849,2850,2855,2017-07-20 18:00:00,2017-07-20 18:50:00,2017-07-20 19:00:00,2017-07-20 19:50:00,val
2845,2845,2850,2851,2856,2017-07-20 18:10:00,2017-07-20 19:00:00,2017-07-20 19:10:00,2017-07-20 20:00:00,val
2846,2846,2851,2852,2857,2017-07-20 18:20:00,2017-07-20 19:10:00,2017-07-20 19:20:00,2017-07-20 20:10:00,val
2847,2847,2852,2853,2858,2017-07-20 18:30:00,2017-07-20 19:20:00,2017-07-20 19:30:00,2017-07-20 20:20:00,val
2848,2848,2853,2854,2859,2017-07-20 18:40:00,2017-07-20 19:30:00,2017-07-20 19:40:00,2017-07-20 20:30:00,val
2849,2849,2854,2855,2860,2017-07-20 18:50:00,2017-07-20 19:40:00,2017-07-20 19:50:00,2017-07-20 20:40:00,val
2850,2850,2855,2856,2861,2017-07-20 19:00:00,2017-07-20 19:50:00,2017-07-20 20:00:00,2017-07-20 20:50:00,val
2851,2851,2856,2857,2862,2017-07-20 19:10:00,2017-07-20 20:00:00,2017-07-20 20:10:00,2017-07-20 21:00:00,val
2852,2852,2857,2858,2863,2017-07-20 19:20:00,2017-07-20 20:10:00,2017-07-20 20:20:00,2017-07-20 21:10:00,val
2853,2853,2858,2859,2864,2017-07-20 19:30:00,2017-07-20 20:20:00,2017-07-20 20:30:00,2017-07-20 21:20:00,val
2854,2854,2859,2860,2865,2017-07-20 19:40:00,2017-07-20 20:30:00,2017-07-20 20:40:00,2017-07-20 21:30:00,val
2855,2855,2860,2861,2866,2017-07-20 19:50:00,2017-07-20 20:40:00,2017-07-20 20:50:00,2017-07-20 21:40:00,val
2856,2856,2861,2862,2867,2017-07-20 20:00:00,2017-07-20 20:50:00,2017-07-20 21:00:00,2017-07-20 21:50:00,val
2857,2857,2862,2863,2868,2017-07-20 20:10:00,2017-07-20 21:00:00,2017-07-20 21:10:00,2017-07-20 22:00:00,val
2858,2858,2863,2864,2869,2017-07-20 20:20:00,2017-07-20 21:10:00,2017-07-20 21:20:00,2017-07-20 22:10:00,val
2859,2859,2864,2865,2870,2017-07-20 20:30:00,2017-07-20 21:20:00,2017-07-20 21:30:00,2017-07-20 22:20:00,val
2860,2860,2865,2866,2871,2017-07-20 20:40:00,2017-07-20 21:30:00,2017-07-20 21:40:00,2017-07-20 22:30:00,val
2861,2861,2866,2867,2872,2017-07-20 20:50:00,2017-07-20 21:40:00,2017-07-20 21:50:00,2017-07-20 22:40:00,val
2862,2862,2867,2868,2873,2017-07-20 21:00:00,2017-07-20 21:50:00,2017-07-20 22:00:00,2017-07-20 22:50:00,val
2863,2863,2868,2869,2874,2017-07-20 21:10:00,2017-07-20 22:00:00,2017-07-20 22:10:00,2017-07-20 23:00:00,val
2864,2864,2869,2870,2875,2017-07-20 21:20:00,2017-07-20 22:10:00,2017-07-20 22:20:00,2017-07-20 23:10:00,val
2865,2865,2870,2871,2876,2017-07-20 21:30:00,2017-07-20 22:20:00,2017-07-20 22:30:00,2017-07-20 23:20:00,val
2866,2866,2871,2872,2877,2017-07-20 21:40:00,2017-07-20 22:30:00,2017-07-20 22:40:00,2017-07-20 23:30:00,val
2867,2867,2872,2873,2878,2017-07-20 21:50:00,2017-07-20 22:40:00,2017-07-20 22:50:00,2017-07-20 23:40:00,val
2868,2868,2873,2874,2879,2017-07-20 22:00:00,2017-07-20 22:50:00,2017-07-20 23:00:00,2017-07-20 23:50:00,val
2869,2869,2874,2875,2880,2017-07-20 22:10:00,2017-07-20 23:00:00,2017-07-20 23:10:00,2017-07-21 00:00:00,val
2870,2870,2875,2876,2881,2017-07-20 22:20:00,2017-07-20 23:10:00,2017-07-20 23:20:00,2017-07-21 00:10:00,val
2871,2871,2876,2877,2882,2017-07-20 22:30:00,2017-07-20 23:20:00,2017-07-20 23:30:00,2017-07-21 00:20:00,val
2872,2872,2877,2878,2883,2017-07-20 22:40:00,2017-07-20 23:30:00,2017-07-20 23:40:00,2017-07-21 00:30:00,val
2873,2873,2878,2879,2884,2017-07-20 22:50:00,2017-07-20 23:40:00,2017-07-20 23:50:00,2017-07-21 00:40:00,val
2874,2874,2879,2880,2885,2017-07-20 23:00:00,2017-07-20 23:50:00,2017-07-21 00:00:00,2017-07-21 00:50:00,val
2875,2875,2880,2881,2886,2017-07-20 23:10:00,2017-07-21 00:00:00,2017-07-21 00:10:00,2017-07-21 01:00:00,val
2876,2876,2881,2882,2887,2017-07-20 23:20:00,2017-07-21 00:10:00,2017-07-21 00:20:00,2017-07-21 01:10:00,val
2877,2877,2882,2883,2888,2017-07-20 23:30:00,2017-07-21 00:20:00,2017-07-21 00:30:00,2017-07-21 01:20:00,val
2878,2878,2883,2884,2889,2017-07-20 23:40:00,2017-07-21 00:30:00,2017-07-21 00:40:00,2017-07-21 01:30:00,val
2879,2879,2884,2885,2890,2017-07-20 23:50:00,2017-07-21 00:40:00,2017-07-21 00:50:00,2017-07-21 01:40:00,val
2880,2880,2885,2886,2891,2017-07-21 00:00:00,2017-07-21 00:50:00,2017-07-21 01:00:00,2017-07-21 01:50:00,val
2881,2881,2886,2887,2892,2017-07-21 00:10:00,2017-07-21 01:00:00,2017-07-21 01:10:00,2017-07-21 02:00:00,val
2882,2882,2887,2888,2893,2017-07-21 00:20:00,2017-07-21 01:10:00,2017-07-21 01:20:00,2017-07-21 02:10:00,val
2883,2883,2888,2889,2894,2017-07-21 00:30:00,2017-07-21 01:20:00,2017-07-21 01:30:00,2017-07-21 02:20:00,val
2884,2884,2889,2890,2895,2017-07-21 00:40:00,2017-07-21 01:30:00,2017-07-21 01:40:00,2017-07-21 02:30:00,val
2885,2885,2890,2891,2896,2017-07-21 00:50:00,2017-07-21 01:40:00,2017-07-21 01:50:00,2017-07-21 02:40:00,val
2886,2886,2891,2892,2897,2017-07-21 01:00:00,2017-07-21 01:50:00,2017-07-21 02:00:00,2017-07-21 02:50:00,val
2887,2887,2892,2893,2898,2017-07-21 01:10:00,2017-07-21 02:00:00,2017-07-21 02:10:00,2017-07-21 03:00:00,val
2888,2888,2893,2894,2899,2017-07-21 01:20:00,2017-07-21 02:10:00,2017-07-21 02:20:00,2017-07-21 03:10:00,val
2889,2889,2894,2895,2900,2017-07-21 01:30:00,2017-07-21 02:20:00,2017-07-21 02:30:00,2017-07-21 03:20:00,val
2890,2890,2895,2896,2901,2017-07-21 01:40:00,2017-07-21 02:30:00,2017-07-21 02:40:00,2017-07-21 03:30:00,val
2891,2891,2896,2897,2902,2017-07-21 01:50:00,2017-07-21 02:40:00,2017-07-21 02:50:00,2017-07-21 03:40:00,val
2892,2892,2897,2898,2903,2017-07-21 02:00:00,2017-07-21 02:50:00,2017-07-21 03:00:00,2017-07-21 03:50:00,val
2893,2893,2898,2899,2904,2017-07-21 02:10:00,2017-07-21 03:00:00,2017-07-21 03:10:00,2017-07-21 04:00:00,val
2894,2894,2899,2900,2905,2017-07-21 02:20:00,2017-07-21 03:10:00,2017-07-21 03:20:00,2017-07-21 04:10:00,val
2895,2895,2900,2901,2906,2017-07-21 02:30:00,2017-07-21 03:20:00,2017-07-21 03:30:00,2017-07-21 04:20:00,val
2896,2896,2901,2902,2907,2017-07-21 02:40:00,2017-07-21 03:30:00,2017-07-21 03:40:00,2017-07-21 04:30:00,val
2897,2897,2902,2903,2908,2017-07-21 02:50:00,2017-07-21 03:40:00,2017-07-21 03:50:00,2017-07-21 04:40:00,val
2898,2898,2903,2904,2909,2017-07-21 03:00:00,2017-07-21 03:50:00,2017-07-21 04:00:00,2017-07-21 04:50:00,val
2899,2899,2904,2905,2910,2017-07-21 03:10:00,2017-07-21 04:00:00,2017-07-21 04:10:00,2017-07-21 05:00:00,val
2900,2900,2905,2906,2911,2017-07-21 03:20:00,2017-07-21 04:10:00,2017-07-21 04:20:00,2017-07-21 05:10:00,val
2901,2901,2906,2907,2912,2017-07-21 03:30:00,2017-07-21 04:20:00,2017-07-21 04:30:00,2017-07-21 05:20:00,val
2902,2902,2907,2908,2913,2017-07-21 03:40:00,2017-07-21 04:30:00,2017-07-21 04:40:00,2017-07-21 05:30:00,val
2903,2903,2908,2909,2914,2017-07-21 03:50:00,2017-07-21 04:40:00,2017-07-21 04:50:00,2017-07-21 05:40:00,val
2904,2904,2909,2910,2915,2017-07-21 04:00:00,2017-07-21 04:50:00,2017-07-21 05:00:00,2017-07-21 05:50:00,val
2905,2905,2910,2911,2916,2017-07-21 04:10:00,2017-07-21 05:00:00,2017-07-21 05:10:00,2017-07-21 06:00:00,val
2906,2906,2911,2912,2917,2017-07-21 04:20:00,2017-07-21 05:10:00,2017-07-21 05:20:00,2017-07-21 06:10:00,val
2907,2907,2912,2913,2918,2017-07-21 04:30:00,2017-07-21 05:20:00,2017-07-21 05:30:00,2017-07-21 06:20:00,val
2908,2908,2913,2914,2919,2017-07-21 04:40:00,2017-07-21 05:30:00,2017-07-21 05:40:00,2017-07-21 06:30:00,val
2909,2909,2914,2915,2920,2017-07-21 04:50:00,2017-07-21 05:40:00,2017-07-21 05:50:00,2017-07-21 06:40:00,val
2910,2910,2915,2916,2921,2017-07-21 05:00:00,2017-07-21 05:50:00,2017-07-21 06:00:00,2017-07-21 06:50:00,val
2911,2911,2916,2917,2922,2017-07-21 05:10:00,2017-07-21 06:00:00,2017-07-21 06:10:00,2017-07-21 07:00:00,val
2912,2912,2917,2918,2923,2017-07-21 05:20:00,2017-07-21 06:10:00,2017-07-21 06:20:00,2017-07-21 07:10:00,val
2913,2913,2918,2919,2924,2017-07-21 05:30:00,2017-07-21 06:20:00,2017-07-21 06:30:00,2017-07-21 07:20:00,val
2914,2914,2919,2920,2925,2017-07-21 05:40:00,2017-07-21 06:30:00,2017-07-21 06:40:00,2017-07-21 07:30:00,val
2915,2915,2920,2921,2926,2017-07-21 05:50:00,2017-07-21 06:40:00,2017-07-21 06:50:00,2017-07-21 07:40:00,val
2916,2916,2921,2922,2927,2017-07-21 06:00:00,2017-07-21 06:50:00,2017-07-21 07:00:00,2017-07-21 07:50:00,val
2917,2917,2922,2923,2928,2017-07-21 06:10:00,2017-07-21 07:00:00,2017-07-21 07:10:00,2017-07-21 08:00:00,val
2918,2918,2923,2924,2929,2017-07-21 06:20:00,2017-07-21 07:10:00,2017-07-21 07:20:00,2017-07-21 08:10:00,val
2919,2919,2924,2925,2930,2017-07-21 06:30:00,2017-07-21 07:20:00,2017-07-21 07:30:00,2017-07-21 08:20:00,val
2920,2920,2925,2926,2931,2017-07-21 06:40:00,2017-07-21 07:30:00,2017-07-21 07:40:00,2017-07-21 08:30:00,val
2921,2921,2926,2927,2932,2017-07-21 06:50:00,2017-07-21 07:40:00,2017-07-21 07:50:00,2017-07-21 08:40:00,val
2922,2922,2927,2928,2933,2017-07-21 07:00:00,2017-07-21 07:50:00,2017-07-21 08:00:00,2017-07-21 08:50:00,val
2923,2923,2928,2929,2934,2017-07-21 07:10:00,2017-07-21 08:00:00,2017-07-21 08:10:00,2017-07-21 09:00:00,val
2924,2924,2929,2930,2935,2017-07-21 07:20:00,2017-07-21 08:10:00,2017-07-21 08:20:00,2017-07-21 09:10:00,val
2925,2925,2930,2931,2936,2017-07-21 07:30:00,2017-07-21 08:20:00,2017-07-21 08:30:00,2017-07-21 09:20:00,val
2926,2926,2931,2932,2937,2017-07-21 07:40:00,2017-07-21 08:30:00,2017-07-21 08:40:00,2017-07-21 09:30:00,val
2927,2927,2932,2933,2938,2017-07-21 07:50:00,2017-07-21 08:40:00,2017-07-21 08:50:00,2017-07-21 09:40:00,val
2928,2928,2933,2934,2939,2017-07-21 08:00:00,2017-07-21 08:50:00,2017-07-21 09:00:00,2017-07-21 09:50:00,val
2929,2929,2934,2935,2940,2017-07-21 08:10:00,2017-07-21 09:00:00,2017-07-21 09:10:00,2017-07-21 10:00:00,val
2930,2930,2935,2936,2941,2017-07-21 08:20:00,2017-07-21 09:10:00,2017-07-21 09:20:00,2017-07-21 10:10:00,val
2931,2931,2936,2937,2942,2017-07-21 08:30:00,2017-07-21 09:20:00,2017-07-21 09:30:00,2017-07-21 10:20:00,val
2932,2932,2937,2938,2943,2017-07-21 08:40:00,2017-07-21 09:30:00,2017-07-21 09:40:00,2017-07-21 10:30:00,val
2933,2933,2938,2939,2944,2017-07-21 08:50:00,2017-07-21 09:40:00,2017-07-21 09:50:00,2017-07-21 10:40:00,val
2934,2934,2939,2940,2945,2017-07-21 09:00:00,2017-07-21 09:50:00,2017-07-21 10:00:00,2017-07-21 10:50:00,val
2935,2935,2940,2941,2946,2017-07-21 09:10:00,2017-07-21 10:00:00,2017-07-21 10:10:00,2017-07-21 11:00:00,val
2936,2936,2941,2942,2947,2017-07-21 09:20:00,2017-07-21 10:10:00,2017-07-21 10:20:00,2017-07-21 11:10:00,val
2937,2937,2942,2943,2948,2017-07-21 09:30:00,2017-07-21 10:20:00,2017-07-21 10:30:00,2017-07-21 11:20:00,val
2938,2938,2943,2944,2949,2017-07-21 09:40:00,2017-07-21 10:30:00,2017-07-21 10:40:00,2017-07-21 11:30:00,val
2939,2939,2944,2945,2950,2017-07-21 09:50:00,2017-07-21 10:40:00,2017-07-21 10:50:00,2017-07-21 11:40:00,val
2940,2940,2945,2946,2951,2017-07-21 10:00:00,2017-07-21 10:50:00,2017-07-21 11:00:00,2017-07-21 11:50:00,val
2941,2941,2946,2947,2952,2017-07-21 10:10:00,2017-07-21 11:00:00,2017-07-21 11:10:00,2017-07-21 12:00:00,val
2942,2942,2947,2948,2953,2017-07-21 10:20:00,2017-07-21 11:10:00,2017-07-21 11:20:00,2017-07-21 12:10:00,val
2943,2943,2948,2949,2954,2017-07-21 10:30:00,2017-07-21 11:20:00,2017-07-21 11:30:00,2017-07-21 12:20:00,val
2944,2944,2949,2950,2955,2017-07-21 10:40:00,2017-07-21 11:30:00,2017-07-21 11:40:00,2017-07-21 12:30:00,val
2945,2945,2950,2951,2956,2017-07-21 10:50:00,2017-07-21 11:40:00,2017-07-21 11:50:00,2017-07-21 12:40:00,val
2946,2946,2951,2952,2957,2017-07-21 11:00:00,2017-07-21 11:50:00,2017-07-21 12:00:00,2017-07-21 12:50:00,val
2947,2947,2952,2953,2958,2017-07-21 11:10:00,2017-07-21 12:00:00,2017-07-21 12:10:00,2017-07-21 13:00:00,val
2948,2948,2953,2954,2959,2017-07-21 11:20:00,2017-07-21 12:10:00,2017-07-21 12:20:00,2017-07-21 13:10:00,val
2949,2949,2954,2955,2960,2017-07-21 11:30:00,2017-07-21 12:20:00,2017-07-21 12:30:00,2017-07-21 13:20:00,val
2950,2950,2955,2956,2961,2017-07-21 11:40:00,2017-07-21 12:30:00,2017-07-21 12:40:00,2017-07-21 13:30:00,val
2951,2951,2956,2957,2962,2017-07-21 11:50:00,2017-07-21 12:40:00,2017-07-21 12:50:00,2017-07-21 13:40:00,val
2952,2952,2957,2958,2963,2017-07-21 12:00:00,2017-07-21 12:50:00,2017-07-21 13:00:00,2017-07-21 13:50:00,val
2953,2953,2958,2959,2964,2017-07-21 12:10:00,2017-07-21 13:00:00,2017-07-21 13:10:00,2017-07-21 14:00:00,val
2954,2954,2959,2960,2965,2017-07-21 12:20:00,2017-07-21 13:10:00,2017-07-21 13:20:00,2017-07-21 14:10:00,val
2955,2955,2960,2961,2966,2017-07-21 12:30:00,2017-07-21 13:20:00,2017-07-21 13:30:00,2017-07-21 14:20:00,val
2956,2956,2961,2962,2967,2017-07-21 12:40:00,2017-07-21 13:30:00,2017-07-21 13:40:00,2017-07-21 14:30:00,val
2957,2957,2962,2963,2968,2017-07-21 12:50:00,2017-07-21 13:40:00,2017-07-21 13:50:00,2017-07-21 14:40:00,val
2958,2958,2963,2964,2969,2017-07-21 13:00:00,2017-07-21 13:50:00,2017-07-21 14:00:00,2017-07-21 14:50:00,val
2959,2959,2964,2965,2970,2017-07-21 13:10:00,2017-07-21 14:00:00,2017-07-21 14:10:00,2017-07-21 15:00:00,val
2960,2960,2965,2966,2971,2017-07-21 13:20:00,2017-07-21 14:10:00,2017-07-21 14:20:00,2017-07-21 15:10:00,val
2961,2961,2966,2967,2972,2017-07-21 13:30:00,2017-07-21 14:20:00,2017-07-21 14:30:00,2017-07-21 15:20:00,val
2962,2962,2967,2968,2973,2017-07-21 13:40:00,2017-07-21 14:30:00,2017-07-21 14:40:00,2017-07-21 15:30:00,val
2963,2963,2968,2969,2974,2017-07-21 13:50:00,2017-07-21 14:40:00,2017-07-21 14:50:00,2017-07-21 15:40:00,val
2964,2964,2969,2970,2975,2017-07-21 14:00:00,2017-07-21 14:50:00,2017-07-21 15:00:00,2017-07-21 15:50:00,val
2965,2965,2970,2971,2976,2017-07-21 14:10:00,2017-07-21 15:00:00,2017-07-21 15:10:00,2017-07-21 16:00:00,val
2966,2966,2971,2972,2977,2017-07-21 14:20:00,2017-07-21 15:10:00,2017-07-21 15:20:00,2017-07-21 16:10:00,val
2967,2967,2972,2973,2978,2017-07-21 14:30:00,2017-07-21 15:20:00,2017-07-21 15:30:00,2017-07-21 16:20:00,val
2968,2968,2973,2974,2979,2017-07-21 14:40:00,2017-07-21 15:30:00,2017-07-21 15:40:00,2017-07-21 16:30:00,val
2969,2969,2974,2975,2980,2017-07-21 14:50:00,2017-07-21 15:40:00,2017-07-21 15:50:00,2017-07-21 16:40:00,val
2970,2970,2975,2976,2981,2017-07-21 15:00:00,2017-07-21 15:50:00,2017-07-21 16:00:00,2017-07-21 16:50:00,val
2971,2971,2976,2977,2982,2017-07-21 15:10:00,2017-07-21 16:00:00,2017-07-21 16:10:00,2017-07-21 17:00:00,val
2972,2972,2977,2978,2983,2017-07-21 15:20:00,2017-07-21 16:10:00,2017-07-21 16:20:00,2017-07-21 17:10:00,val
2973,2973,2978,2979,2984,2017-07-21 15:30:00,2017-07-21 16:20:00,2017-07-21 16:30:00,2017-07-21 17:20:00,val
2974,2974,2979,2980,2985,2017-07-21 15:40:00,2017-07-21 16:30:00,2017-07-21 16:40:00,2017-07-21 17:30:00,val
2975,2975,2980,2981,2986,2017-07-21 15:50:00,2017-07-21 16:40:00,2017-07-21 16:50:00,2017-07-21 17:40:00,val
2976,2976,2981,2982,2987,2017-07-21 16:00:00,2017-07-21 16:50:00,2017-07-21 17:00:00,2017-07-21 17:50:00,val
2977,2977,2982,2983,2988,2017-07-21 16:10:00,2017-07-21 17:00:00,2017-07-21 17:10:00,2017-07-21 18:00:00,val
2978,2978,2983,2984,2989,2017-07-21 16:20:00,2017-07-21 17:10:00,2017-07-21 17:20:00,2017-07-21 18:10:00,val
2979,2979,2984,2985,2990,2017-07-21 16:30:00,2017-07-21 17:20:00,2017-07-21 17:30:00,2017-07-21 18:20:00,val
2980,2980,2985,2986,2991,2017-07-21 16:40:00,2017-07-21 17:30:00,2017-07-21 17:40:00,2017-07-21 18:30:00,val
2981,2981,2986,2987,2992,2017-07-21 16:50:00,2017-07-21 17:40:00,2017-07-21 17:50:00,2017-07-21 18:40:00,val
2982,2982,2987,2988,2993,2017-07-21 17:00:00,2017-07-21 17:50:00,2017-07-21 18:00:00,2017-07-21 18:50:00,val
2983,2983,2988,2989,2994,2017-07-21 17:10:00,2017-07-21 18:00:00,2017-07-21 18:10:00,2017-07-21 19:00:00,val
2984,2984,2989,2990,2995,2017-07-21 17:20:00,2017-07-21 18:10:00,2017-07-21 18:20:00,2017-07-21 19:10:00,val
2985,2985,2990,2991,2996,2017-07-21 17:30:00,2017-07-21 18:20:00,2017-07-21 18:30:00,2017-07-21 19:20:00,val
2986,2986,2991,2992,2997,2017-07-21 17:40:00,2017-07-21 18:30:00,2017-07-21 18:40:00,2017-07-21 19:30:00,val
2987,2987,2992,2993,2998,2017-07-21 17:50:00,2017-07-21 18:40:00,2017-07-21 18:50:00,2017-07-21 19:40:00,val
2988,2988,2993,2994,2999,2017-07-21 18:00:00,2017-07-21 18:50:00,2017-07-21 19:00:00,2017-07-21 19:50:00,val
2989,2989,2994,2995,3000,2017-07-21 18:10:00,2017-07-21 19:00:00,2017-07-21 19:10:00,2017-07-21 20:00:00,val
2990,2990,2995,2996,3001,2017-07-21 18:20:00,2017-07-21 19:10:00,2017-07-21 19:20:00,2017-07-21 20:10:00,val
2991,2991,2996,2997,3002,2017-07-21 18:30:00,2017-07-21 19:20:00,2017-07-21 19:30:00,2017-07-21 20:20:00,val
2992,2992,2997,2998,3003,2017-07-21 18:40:00,2017-07-21 19:30:00,2017-07-21 19:40:00,2017-07-21 20:30:00,val
2993,2993,2998,2999,3004,2017-07-21 18:50:00,2017-07-21 19:40:00,2017-07-21 19:50:00,2017-07-21 20:40:00,val
2994,2994,2999,3000,3005,2017-07-21 19:00:00,2017-07-21 19:50:00,2017-07-21 20:00:00,2017-07-21 20:50:00,val
2995,2995,3000,3001,3006,2017-07-21 19:10:00,2017-07-21 20:00:00,2017-07-21 20:10:00,2017-07-21 21:00:00,val
2996,2996,3001,3002,3007,2017-07-21 19:20:00,2017-07-21 20:10:00,2017-07-21 20:20:00,2017-07-21 21:10:00,val
2997,2997,3002,3003,3008,2017-07-21 19:30:00,2017-07-21 20:20:00,2017-07-21 20:30:00,2017-07-21 21:20:00,val
2998,2998,3003,3004,3009,2017-07-21 19:40:00,2017-07-21 20:30:00,2017-07-21 20:40:00,2017-07-21 21:30:00,val
2999,2999,3004,3005,3010,2017-07-21 19:50:00,2017-07-21 20:40:00,2017-07-21 20:50:00,2017-07-21 21:40:00,val
3000,3000,3005,3006,3011,2017-07-21 20:00:00,2017-07-21 20:50:00,2017-07-21 21:00:00,2017-07-21 21:50:00,val
3001,3001,3006,3007,3012,2017-07-21 20:10:00,2017-07-21 21:00:00,2017-07-21 21:10:00,2017-07-21 22:00:00,val
3002,3002,3007,3008,3013,2017-07-21 20:20:00,2017-07-21 21:10:00,2017-07-21 21:20:00,2017-07-21 22:10:00,val
3003,3003,3008,3009,3014,2017-07-21 20:30:00,2017-07-21 21:20:00,2017-07-21 21:30:00,2017-07-21 22:20:00,val
3004,3004,3009,3010,3015,2017-07-21 20:40:00,2017-07-21 21:30:00,2017-07-21 21:40:00,2017-07-21 22:30:00,val
3005,3005,3010,3011,3016,2017-07-21 20:50:00,2017-07-21 21:40:00,2017-07-21 21:50:00,2017-07-21 22:40:00,val
3006,3006,3011,3012,3017,2017-07-21 21:00:00,2017-07-21 21:50:00,2017-07-21 22:00:00,2017-07-21 22:50:00,val
3007,3007,3012,3013,3018,2017-07-21 21:10:00,2017-07-21 22:00:00,2017-07-21 22:10:00,2017-07-21 23:00:00,val
3008,3008,3013,3014,3019,2017-07-21 21:20:00,2017-07-21 22:10:00,2017-07-21 22:20:00,2017-07-21 23:10:00,val
3009,3009,3014,3015,3020,2017-07-21 21:30:00,2017-07-21 22:20:00,2017-07-21 22:30:00,2017-07-21 23:20:00,val
3010,3010,3015,3016,3021,2017-07-21 21:40:00,2017-07-21 22:30:00,2017-07-21 22:40:00,2017-07-21 23:30:00,val
3011,3011,3016,3017,3022,2017-07-21 21:50:00,2017-07-21 22:40:00,2017-07-21 22:50:00,2017-07-21 23:40:00,val
3012,3012,3017,3018,3023,2017-07-21 22:00:00,2017-07-21 22:50:00,2017-07-21 23:00:00,2017-07-21 23:50:00,val
3013,3013,3018,3019,3024,2017-07-21 22:10:00,2017-07-21 23:00:00,2017-07-21 23:10:00,2017-07-22 00:00:00,val
3014,3014,3019,3020,3025,2017-07-21 22:20:00,2017-07-21 23:10:00,2017-07-21 23:20:00,2017-07-22 00:10:00,val
3015,3015,3020,3021,3026,2017-07-21 22:30:00,2017-07-21 23:20:00,2017-07-21 23:30:00,2017-07-22 00:20:00,val
3016,3016,3021,3022,3027,2017-07-21 22:40:00,2017-07-21 23:30:00,2017-07-21 23:40:00,2017-07-22 00:30:00,val
3017,3017,3022,3023,3028,2017-07-21 22:50:00,2017-07-21 23:40:00,2017-07-21 23:50:00,2017-07-22 00:40:00,val
3018,3018,3023,3024,3029,2017-07-21 23:00:00,2017-07-21 23:50:00,2017-07-22 00:00:00,2017-07-22 00:50:00,val
3019,3019,3024,3025,3030,2017-07-21 23:10:00,2017-07-22 00:00:00,2017-07-22 00:10:00,2017-07-22 01:00:00,val
3020,3020,3025,3026,3031,2017-07-21 23:20:00,2017-07-22 00:10:00,2017-07-22 00:20:00,2017-07-22 01:10:00,val
3021,3021,3026,3027,3032,2017-07-21 23:30:00,2017-07-22 00:20:00,2017-07-22 00:30:00,2017-07-22 01:20:00,val
3022,3022,3027,3028,3033,2017-07-21 23:40:00,2017-07-22 00:30:00,2017-07-22 00:40:00,2017-07-22 01:30:00,val
3023,3023,3028,3029,3034,2017-07-21 23:50:00,2017-07-22 00:40:00,2017-07-22 00:50:00,2017-07-22 01:40:00,val
3024,3024,3029,3030,3035,2017-07-22 00:00:00,2017-07-22 00:50:00,2017-07-22 01:00:00,2017-07-22 01:50:00,val
3025,3025,3030,3031,3036,2017-07-22 00:10:00,2017-07-22 01:00:00,2017-07-22 01:10:00,2017-07-22 02:00:00,val
3026,3026,3031,3032,3037,2017-07-22 00:20:00,2017-07-22 01:10:00,2017-07-22 01:20:00,2017-07-22 02:10:00,val
3027,3027,3032,3033,3038,2017-07-22 00:30:00,2017-07-22 01:20:00,2017-07-22 01:30:00,2017-07-22 02:20:00,val
3028,3028,3033,3034,3039,2017-07-22 00:40:00,2017-07-22 01:30:00,2017-07-22 01:40:00,2017-07-22 02:30:00,val
3029,3029,3034,3035,3040,2017-07-22 00:50:00,2017-07-22 01:40:00,2017-07-22 01:50:00,2017-07-22 02:40:00,val
3030,3030,3035,3036,3041,2017-07-22 01:00:00,2017-07-22 01:50:00,2017-07-22 02:00:00,2017-07-22 02:50:00,val
3031,3031,3036,3037,3042,2017-07-22 01:10:00,2017-07-22 02:00:00,2017-07-22 02:10:00,2017-07-22 03:00:00,val
3032,3032,3037,3038,3043,2017-07-22 01:20:00,2017-07-22 02:10:00,2017-07-22 02:20:00,2017-07-22 03:10:00,val
3033,3033,3038,3039,3044,2017-07-22 01:30:00,2017-07-22 02:20:00,2017-07-22 02:30:00,2017-07-22 03:20:00,val
3034,3034,3039,3040,3045,2017-07-22 01:40:00,2017-07-22 02:30:00,2017-07-22 02:40:00,2017-07-22 03:30:00,val
3035,3035,3040,3041,3046,2017-07-22 01:50:00,2017-07-22 02:40:00,2017-07-22 02:50:00,2017-07-22 03:40:00,val
3036,3036,3041,3042,3047,2017-07-22 02:00:00,2017-07-22 02:50:00,2017-07-22 03:00:00,2017-07-22 03:50:00,val
3037,3037,3042,3043,3048,2017-07-22 02:10:00,2017-07-22 03:00:00,2017-07-22 03:10:00,2017-07-22 04:00:00,val
3038,3038,3043,3044,3049,2017-07-22 02:20:00,2017-07-22 03:10:00,2017-07-22 03:20:00,2017-07-22 04:10:00,val
3039,3039,3044,3045,3050,2017-07-22 02:30:00,2017-07-22 03:20:00,2017-07-22 03:30:00,2017-07-22 04:20:00,val
3040,3040,3045,3046,3051,2017-07-22 02:40:00,2017-07-22 03:30:00,2017-07-22 03:40:00,2017-07-22 04:30:00,val
3041,3041,3046,3047,3052,2017-07-22 02:50:00,2017-07-22 03:40:00,2017-07-22 03:50:00,2017-07-22 04:40:00,val
3042,3042,3047,3048,3053,2017-07-22 03:00:00,2017-07-22 03:50:00,2017-07-22 04:00:00,2017-07-22 04:50:00,val
3043,3043,3048,3049,3054,2017-07-22 03:10:00,2017-07-22 04:00:00,2017-07-22 04:10:00,2017-07-22 05:00:00,val
3044,3044,3049,3050,3055,2017-07-22 03:20:00,2017-07-22 04:10:00,2017-07-22 04:20:00,2017-07-22 05:10:00,val
3045,3045,3050,3051,3056,2017-07-22 03:30:00,2017-07-22 04:20:00,2017-07-22 04:30:00,2017-07-22 05:20:00,val
3046,3046,3051,3052,3057,2017-07-22 03:40:00,2017-07-22 04:30:00,2017-07-22 04:40:00,2017-07-22 05:30:00,val
3047,3047,3052,3053,3058,2017-07-22 03:50:00,2017-07-22 04:40:00,2017-07-22 04:50:00,2017-07-22 05:40:00,val
3048,3048,3053,3054,3059,2017-07-22 04:00:00,2017-07-22 04:50:00,2017-07-22 05:00:00,2017-07-22 05:50:00,val
3049,3049,3054,3055,3060,2017-07-22 04:10:00,2017-07-22 05:00:00,2017-07-22 05:10:00,2017-07-22 06:00:00,val
3050,3050,3055,3056,3061,2017-07-22 04:20:00,2017-07-22 05:10:00,2017-07-22 05:20:00,2017-07-22 06:10:00,val
3051,3051,3056,3057,3062,2017-07-22 04:30:00,2017-07-22 05:20:00,2017-07-22 05:30:00,2017-07-22 06:20:00,val
3052,3052,3057,3058,3063,2017-07-22 04:40:00,2017-07-22 05:30:00,2017-07-22 05:40:00,2017-07-22 06:30:00,val
3053,3053,3058,3059,3064,2017-07-22 04:50:00,2017-07-22 05:40:00,2017-07-22 05:50:00,2017-07-22 06:40:00,val
3054,3054,3059,3060,3065,2017-07-22 05:00:00,2017-07-22 05:50:00,2017-07-22 06:00:00,2017-07-22 06:50:00,val
3055,3055,3060,3061,3066,2017-07-22 05:10:00,2017-07-22 06:00:00,2017-07-22 06:10:00,2017-07-22 07:00:00,val
3056,3056,3061,3062,3067,2017-07-22 05:20:00,2017-07-22 06:10:00,2017-07-22 06:20:00,2017-07-22 07:10:00,val
3057,3057,3062,3063,3068,2017-07-22 05:30:00,2017-07-22 06:20:00,2017-07-22 06:30:00,2017-07-22 07:20:00,val
3058,3058,3063,3064,3069,2017-07-22 05:40:00,2017-07-22 06:30:00,2017-07-22 06:40:00,2017-07-22 07:30:00,val
3059,3059,3064,3065,3070,2017-07-22 05:50:00,2017-07-22 06:40:00,2017-07-22 06:50:00,2017-07-22 07:40:00,val
3060,3060,3065,3066,3071,2017-07-22 06:00:00,2017-07-22 06:50:00,2017-07-22 07:00:00,2017-07-22 07:50:00,val
3061,3061,3066,3067,3072,2017-07-22 06:10:00,2017-07-22 07:00:00,2017-07-22 07:10:00,2017-07-22 08:00:00,val
3062,3062,3067,3068,3073,2017-07-22 06:20:00,2017-07-22 07:10:00,2017-07-22 07:20:00,2017-07-22 08:10:00,val
3063,3063,3068,3069,3074,2017-07-22 06:30:00,2017-07-22 07:20:00,2017-07-22 07:30:00,2017-07-22 08:20:00,val
3064,3064,3069,3070,3075,2017-07-22 06:40:00,2017-07-22 07:30:00,2017-07-22 07:40:00,2017-07-22 08:30:00,val
3065,3065,3070,3071,3076,2017-07-22 06:50:00,2017-07-22 07:40:00,2017-07-22 07:50:00,2017-07-22 08:40:00,val
3066,3066,3071,3072,3077,2017-07-22 07:00:00,2017-07-22 07:50:00,2017-07-22 08:00:00,2017-07-22 08:50:00,val
3067,3067,3072,3073,3078,2017-07-22 07:10:00,2017-07-22 08:00:00,2017-07-22 08:10:00,2017-07-22 09:00:00,val
3068,3068,3073,3074,3079,2017-07-22 07:20:00,2017-07-22 08:10:00,2017-07-22 08:20:00,2017-07-22 09:10:00,val
3069,3069,3074,3075,3080,2017-07-22 07:30:00,2017-07-22 08:20:00,2017-07-22 08:30:00,2017-07-22 09:20:00,val
3070,3070,3075,3076,3081,2017-07-22 07:40:00,2017-07-22 08:30:00,2017-07-22 08:40:00,2017-07-22 09:30:00,val
3071,3071,3076,3077,3082,2017-07-22 07:50:00,2017-07-22 08:40:00,2017-07-22 08:50:00,2017-07-22 09:40:00,val
3072,3072,3077,3078,3083,2017-07-22 08:00:00,2017-07-22 08:50:00,2017-07-22 09:00:00,2017-07-22 09:50:00,val
3073,3073,3078,3079,3084,2017-07-22 08:10:00,2017-07-22 09:00:00,2017-07-22 09:10:00,2017-07-22 10:00:00,val
3074,3074,3079,3080,3085,2017-07-22 08:20:00,2017-07-22 09:10:00,2017-07-22 09:20:00,2017-07-22 10:10:00,val
3075,3075,3080,3081,3086,2017-07-22 08:30:00,2017-07-22 09:20:00,2017-07-22 09:30:00,2017-07-22 10:20:00,val
3076,3076,3081,3082,3087,2017-07-22 08:40:00,2017-07-22 09:30:00,2017-07-22 09:40:00,2017-07-22 10:30:00,val
3077,3077,3082,3083,3088,2017-07-22 08:50:00,2017-07-22 09:40:00,2017-07-22 09:50:00,2017-07-22 10:40:00,val
3078,3078,3083,3084,3089,2017-07-22 09:00:00,2017-07-22 09:50:00,2017-07-22 10:00:00,2017-07-22 10:50:00,val
3079,3079,3084,3085,3090,2017-07-22 09:10:00,2017-07-22 10:00:00,2017-07-22 10:10:00,2017-07-22 11:00:00,val
3080,3080,3085,3086,3091,2017-07-22 09:20:00,2017-07-22 10:10:00,2017-07-22 10:20:00,2017-07-22 11:10:00,val
3081,3081,3086,3087,3092,2017-07-22 09:30:00,2017-07-22 10:20:00,2017-07-22 10:30:00,2017-07-22 11:20:00,val
3082,3082,3087,3088,3093,2017-07-22 09:40:00,2017-07-22 10:30:00,2017-07-22 10:40:00,2017-07-22 11:30:00,val
3083,3083,3088,3089,3094,2017-07-22 09:50:00,2017-07-22 10:40:00,2017-07-22 10:50:00,2017-07-22 11:40:00,val
3084,3084,3089,3090,3095,2017-07-22 10:00:00,2017-07-22 10:50:00,2017-07-22 11:00:00,2017-07-22 11:50:00,val
3085,3085,3090,3091,3096,2017-07-22 10:10:00,2017-07-22 11:00:00,2017-07-22 11:10:00,2017-07-22 12:00:00,val
3086,3086,3091,3092,3097,2017-07-22 10:20:00,2017-07-22 11:10:00,2017-07-22 11:20:00,2017-07-22 12:10:00,val
3087,3087,3092,3093,3098,2017-07-22 10:30:00,2017-07-22 11:20:00,2017-07-22 11:30:00,2017-07-22 12:20:00,val
3088,3088,3093,3094,3099,2017-07-22 10:40:00,2017-07-22 11:30:00,2017-07-22 11:40:00,2017-07-22 12:30:00,val
3089,3089,3094,3095,3100,2017-07-22 10:50:00,2017-07-22 11:40:00,2017-07-22 11:50:00,2017-07-22 12:40:00,val
3090,3090,3095,3096,3101,2017-07-22 11:00:00,2017-07-22 11:50:00,2017-07-22 12:00:00,2017-07-22 12:50:00,val
3091,3091,3096,3097,3102,2017-07-22 11:10:00,2017-07-22 12:00:00,2017-07-22 12:10:00,2017-07-22 13:00:00,val
3092,3092,3097,3098,3103,2017-07-22 11:20:00,2017-07-22 12:10:00,2017-07-22 12:20:00,2017-07-22 13:10:00,val
3093,3093,3098,3099,3104,2017-07-22 11:30:00,2017-07-22 12:20:00,2017-07-22 12:30:00,2017-07-22 13:20:00,val
3094,3094,3099,3100,3105,2017-07-22 11:40:00,2017-07-22 12:30:00,2017-07-22 12:40:00,2017-07-22 13:30:00,val
3095,3095,3100,3101,3106,2017-07-22 11:50:00,2017-07-22 12:40:00,2017-07-22 12:50:00,2017-07-22 13:40:00,val
3096,3096,3101,3102,3107,2017-07-22 12:00:00,2017-07-22 12:50:00,2017-07-22 13:00:00,2017-07-22 13:50:00,val
3097,3097,3102,3103,3108,2017-07-22 12:10:00,2017-07-22 13:00:00,2017-07-22 13:10:00,2017-07-22 14:00:00,val
3098,3098,3103,3104,3109,2017-07-22 12:20:00,2017-07-22 13:10:00,2017-07-22 13:20:00,2017-07-22 14:10:00,val
3099,3099,3104,3105,3110,2017-07-22 12:30:00,2017-07-22 13:20:00,2017-07-22 13:30:00,2017-07-22 14:20:00,val
3100,3100,3105,3106,3111,2017-07-22 12:40:00,2017-07-22 13:30:00,2017-07-22 13:40:00,2017-07-22 14:30:00,val
3101,3101,3106,3107,3112,2017-07-22 12:50:00,2017-07-22 13:40:00,2017-07-22 13:50:00,2017-07-22 14:40:00,val
3102,3102,3107,3108,3113,2017-07-22 13:00:00,2017-07-22 13:50:00,2017-07-22 14:00:00,2017-07-22 14:50:00,val
3103,3103,3108,3109,3114,2017-07-22 13:10:00,2017-07-22 14:00:00,2017-07-22 14:10:00,2017-07-22 15:00:00,val
3104,3104,3109,3110,3115,2017-07-22 13:20:00,2017-07-22 14:10:00,2017-07-22 14:20:00,2017-07-22 15:10:00,val
3105,3105,3110,3111,3116,2017-07-22 13:30:00,2017-07-22 14:20:00,2017-07-22 14:30:00,2017-07-22 15:20:00,val
3106,3106,3111,3112,3117,2017-07-22 13:40:00,2017-07-22 14:30:00,2017-07-22 14:40:00,2017-07-22 15:30:00,val
3107,3107,3112,3113,3118,2017-07-22 13:50:00,2017-07-22 14:40:00,2017-07-22 14:50:00,2017-07-22 15:40:00,val
3108,3108,3113,3114,3119,2017-07-22 14:00:00,2017-07-22 14:50:00,2017-07-22 15:00:00,2017-07-22 15:50:00,val
3109,3109,3114,3115,3120,2017-07-22 14:10:00,2017-07-22 15:00:00,2017-07-22 15:10:00,2017-07-22 16:00:00,val
3110,3110,3115,3116,3121,2017-07-22 14:20:00,2017-07-22 15:10:00,2017-07-22 15:20:00,2017-07-22 16:10:00,val
3111,3111,3116,3117,3122,2017-07-22 14:30:00,2017-07-22 15:20:00,2017-07-22 15:30:00,2017-07-22 16:20:00,val
3112,3112,3117,3118,3123,2017-07-22 14:40:00,2017-07-22 15:30:00,2017-07-22 15:40:00,2017-07-22 16:30:00,val
3113,3113,3118,3119,3124,2017-07-22 14:50:00,2017-07-22 15:40:00,2017-07-22 15:50:00,2017-07-22 16:40:00,val
3114,3114,3119,3120,3125,2017-07-22 15:00:00,2017-07-22 15:50:00,2017-07-22 16:00:00,2017-07-22 16:50:00,val
3115,3115,3120,3121,3126,2017-07-22 15:10:00,2017-07-22 16:00:00,2017-07-22 16:10:00,2017-07-22 17:00:00,val
3116,3116,3121,3122,3127,2017-07-22 15:20:00,2017-07-22 16:10:00,2017-07-22 16:20:00,2017-07-22 17:10:00,val
3117,3117,3122,3123,3128,2017-07-22 15:30:00,2017-07-22 16:20:00,2017-07-22 16:30:00,2017-07-22 17:20:00,val
3118,3118,3123,3124,3129,2017-07-22 15:40:00,2017-07-22 16:30:00,2017-07-22 16:40:00,2017-07-22 17:30:00,val
3119,3119,3124,3125,3130,2017-07-22 15:50:00,2017-07-22 16:40:00,2017-07-22 16:50:00,2017-07-22 17:40:00,val
3120,3120,3125,3126,3131,2017-07-22 16:00:00,2017-07-22 16:50:00,2017-07-22 17:00:00,2017-07-22 17:50:00,val
3121,3121,3126,3127,3132,2017-07-22 16:10:00,2017-07-22 17:00:00,2017-07-22 17:10:00,2017-07-22 18:00:00,val
3122,3122,3127,3128,3133,2017-07-22 16:20:00,2017-07-22 17:10:00,2017-07-22 17:20:00,2017-07-22 18:10:00,val
3123,3123,3128,3129,3134,2017-07-22 16:30:00,2017-07-22 17:20:00,2017-07-22 17:30:00,2017-07-22 18:20:00,val
3124,3124,3129,3130,3135,2017-07-22 16:40:00,2017-07-22 17:30:00,2017-07-22 17:40:00,2017-07-22 18:30:00,val
3125,3125,3130,3131,3136,2017-07-22 16:50:00,2017-07-22 17:40:00,2017-07-22 17:50:00,2017-07-22 18:40:00,val
3126,3126,3131,3132,3137,2017-07-22 17:00:00,2017-07-22 17:50:00,2017-07-22 18:00:00,2017-07-22 18:50:00,val
3127,3127,3132,3133,3138,2017-07-22 17:10:00,2017-07-22 18:00:00,2017-07-22 18:10:00,2017-07-22 19:00:00,val
3128,3128,3133,3134,3139,2017-07-22 17:20:00,2017-07-22 18:10:00,2017-07-22 18:20:00,2017-07-22 19:10:00,val
3129,3129,3134,3135,3140,2017-07-22 17:30:00,2017-07-22 18:20:00,2017-07-22 18:30:00,2017-07-22 19:20:00,val
3130,3130,3135,3136,3141,2017-07-22 17:40:00,2017-07-22 18:30:00,2017-07-22 18:40:00,2017-07-22 19:30:00,val
3131,3131,3136,3137,3142,2017-07-22 17:50:00,2017-07-22 18:40:00,2017-07-22 18:50:00,2017-07-22 19:40:00,val
3132,3132,3137,3138,3143,2017-07-22 18:00:00,2017-07-22 18:50:00,2017-07-22 19:00:00,2017-07-22 19:50:00,val
3133,3133,3138,3139,3144,2017-07-22 18:10:00,2017-07-22 19:00:00,2017-07-22 19:10:00,2017-07-22 20:00:00,val
3134,3134,3139,3140,3145,2017-07-22 18:20:00,2017-07-22 19:10:00,2017-07-22 19:20:00,2017-07-22 20:10:00,val
3135,3135,3140,3141,3146,2017-07-22 18:30:00,2017-07-22 19:20:00,2017-07-22 19:30:00,2017-07-22 20:20:00,val
3136,3136,3141,3142,3147,2017-07-22 18:40:00,2017-07-22 19:30:00,2017-07-22 19:40:00,2017-07-22 20:30:00,val
3137,3137,3142,3143,3148,2017-07-22 18:50:00,2017-07-22 19:40:00,2017-07-22 19:50:00,2017-07-22 20:40:00,val
3138,3138,3143,3144,3149,2017-07-22 19:00:00,2017-07-22 19:50:00,2017-07-22 20:00:00,2017-07-22 20:50:00,val
3139,3139,3144,3145,3150,2017-07-22 19:10:00,2017-07-22 20:00:00,2017-07-22 20:10:00,2017-07-22 21:00:00,val
3140,3140,3145,3146,3151,2017-07-22 19:20:00,2017-07-22 20:10:00,2017-07-22 20:20:00,2017-07-22 21:10:00,val
3141,3141,3146,3147,3152,2017-07-22 19:30:00,2017-07-22 20:20:00,2017-07-22 20:30:00,2017-07-22 21:20:00,val
3142,3142,3147,3148,3153,2017-07-22 19:40:00,2017-07-22 20:30:00,2017-07-22 20:40:00,2017-07-22 21:30:00,val
3143,3143,3148,3149,3154,2017-07-22 19:50:00,2017-07-22 20:40:00,2017-07-22 20:50:00,2017-07-22 21:40:00,val
3144,3144,3149,3150,3155,2017-07-22 20:00:00,2017-07-22 20:50:00,2017-07-22 21:00:00,2017-07-22 21:50:00,val
3145,3145,3150,3151,3156,2017-07-22 20:10:00,2017-07-22 21:00:00,2017-07-22 21:10:00,2017-07-22 22:00:00,val
3146,3146,3151,3152,3157,2017-07-22 20:20:00,2017-07-22 21:10:00,2017-07-22 21:20:00,2017-07-22 22:10:00,val
3147,3147,3152,3153,3158,2017-07-22 20:30:00,2017-07-22 21:20:00,2017-07-22 21:30:00,2017-07-22 22:20:00,val
3148,3148,3153,3154,3159,2017-07-22 20:40:00,2017-07-22 21:30:00,2017-07-22 21:40:00,2017-07-22 22:30:00,val
3149,3149,3154,3155,3160,2017-07-22 20:50:00,2017-07-22 21:40:00,2017-07-22 21:50:00,2017-07-22 22:40:00,val
3150,3150,3155,3156,3161,2017-07-22 21:00:00,2017-07-22 21:50:00,2017-07-22 22:00:00,2017-07-22 22:50:00,val
3151,3151,3156,3157,3162,2017-07-22 21:10:00,2017-07-22 22:00:00,2017-07-22 22:10:00,2017-07-22 23:00:00,val
3152,3152,3157,3158,3163,2017-07-22 21:20:00,2017-07-22 22:10:00,2017-07-22 22:20:00,2017-07-22 23:10:00,val
3153,3153,3158,3159,3164,2017-07-22 21:30:00,2017-07-22 22:20:00,2017-07-22 22:30:00,2017-07-22 23:20:00,val
3154,3154,3159,3160,3165,2017-07-22 21:40:00,2017-07-22 22:30:00,2017-07-22 22:40:00,2017-07-22 23:30:00,val
3155,3155,3160,3161,3166,2017-07-22 21:50:00,2017-07-22 22:40:00,2017-07-22 22:50:00,2017-07-22 23:40:00,val
3156,3156,3161,3162,3167,2017-07-22 22:00:00,2017-07-22 22:50:00,2017-07-22 23:00:00,2017-07-22 23:50:00,val
3157,3157,3162,3163,3168,2017-07-22 22:10:00,2017-07-22 23:00:00,2017-07-22 23:10:00,2017-07-23 00:00:00,val
3158,3158,3163,3164,3169,2017-07-22 22:20:00,2017-07-22 23:10:00,2017-07-22 23:20:00,2017-07-23 00:10:00,val
3159,3159,3164,3165,3170,2017-07-22 22:30:00,2017-07-22 23:20:00,2017-07-22 23:30:00,2017-07-23 00:20:00,val
3160,3160,3165,3166,3171,2017-07-22 22:40:00,2017-07-22 23:30:00,2017-07-22 23:40:00,2017-07-23 00:30:00,val
3161,3161,3166,3167,3172,2017-07-22 22:50:00,2017-07-22 23:40:00,2017-07-22 23:50:00,2017-07-23 00:40:00,val
3162,3162,3167,3168,3173,2017-07-22 23:00:00,2017-07-22 23:50:00,2017-07-23 00:00:00,2017-07-23 00:50:00,val
3163,3163,3168,3169,3174,2017-07-22 23:10:00,2017-07-23 00:00:00,2017-07-23 00:10:00,2017-07-23 01:00:00,val
3164,3164,3169,3170,3175,2017-07-22 23:20:00,2017-07-23 00:10:00,2017-07-23 00:20:00,2017-07-23 01:10:00,val
3165,3165,3170,3171,3176,2017-07-22 23:30:00,2017-07-23 00:20:00,2017-07-23 00:30:00,2017-07-23 01:20:00,val
3166,3166,3171,3172,3177,2017-07-22 23:40:00,2017-07-23 00:30:00,2017-07-23 00:40:00,2017-07-23 01:30:00,val
3167,3167,3172,3173,3178,2017-07-22 23:50:00,2017-07-23 00:40:00,2017-07-23 00:50:00,2017-07-23 01:40:00,val
3168,3168,3173,3174,3179,2017-07-23 00:00:00,2017-07-23 00:50:00,2017-07-23 01:00:00,2017-07-23 01:50:00,val
3169,3169,3174,3175,3180,2017-07-23 00:10:00,2017-07-23 01:00:00,2017-07-23 01:10:00,2017-07-23 02:00:00,val
3170,3170,3175,3176,3181,2017-07-23 00:20:00,2017-07-23 01:10:00,2017-07-23 01:20:00,2017-07-23 02:10:00,val
3171,3171,3176,3177,3182,2017-07-23 00:30:00,2017-07-23 01:20:00,2017-07-23 01:30:00,2017-07-23 02:20:00,val
3172,3172,3177,3178,3183,2017-07-23 00:40:00,2017-07-23 01:30:00,2017-07-23 01:40:00,2017-07-23 02:30:00,val
3173,3173,3178,3179,3184,2017-07-23 00:50:00,2017-07-23 01:40:00,2017-07-23 01:50:00,2017-07-23 02:40:00,val
3174,3174,3179,3180,3185,2017-07-23 01:00:00,2017-07-23 01:50:00,2017-07-23 02:00:00,2017-07-23 02:50:00,val
3175,3175,3180,3181,3186,2017-07-23 01:10:00,2017-07-23 02:00:00,2017-07-23 02:10:00,2017-07-23 03:00:00,val
3176,3176,3181,3182,3187,2017-07-23 01:20:00,2017-07-23 02:10:00,2017-07-23 02:20:00,2017-07-23 03:10:00,val
3177,3177,3182,3183,3188,2017-07-23 01:30:00,2017-07-23 02:20:00,2017-07-23 02:30:00,2017-07-23 03:20:00,val
3178,3178,3183,3184,3189,2017-07-23 01:40:00,2017-07-23 02:30:00,2017-07-23 02:40:00,2017-07-23 03:30:00,val
3179,3179,3184,3185,3190,2017-07-23 01:50:00,2017-07-23 02:40:00,2017-07-23 02:50:00,2017-07-23 03:40:00,val
3180,3180,3185,3186,3191,2017-07-23 02:00:00,2017-07-23 02:50:00,2017-07-23 03:00:00,2017-07-23 03:50:00,val
3181,3181,3186,3187,3192,2017-07-23 02:10:00,2017-07-23 03:00:00,2017-07-23 03:10:00,2017-07-23 04:00:00,val
3182,3182,3187,3188,3193,2017-07-23 02:20:00,2017-07-23 03:10:00,2017-07-23 03:20:00,2017-07-23 04:10:00,val
3183,3183,3188,3189,3194,2017-07-23 02:30:00,2017-07-23 03:20:00,2017-07-23 03:30:00,2017-07-23 04:20:00,val
3184,3184,3189,3190,3195,2017-07-23 02:40:00,2017-07-23 03:30:00,2017-07-23 03:40:00,2017-07-23 04:30:00,val
3185,3185,3190,3191,3196,2017-07-23 02:50:00,2017-07-23 03:40:00,2017-07-23 03:50:00,2017-07-23 04:40:00,val
3186,3186,3191,3192,3197,2017-07-23 03:00:00,2017-07-23 03:50:00,2017-07-23 04:00:00,2017-07-23 04:50:00,val
3187,3187,3192,3193,3198,2017-07-23 03:10:00,2017-07-23 04:00:00,2017-07-23 04:10:00,2017-07-23 05:00:00,val
3188,3188,3193,3194,3199,2017-07-23 03:20:00,2017-07-23 04:10:00,2017-07-23 04:20:00,2017-07-23 05:10:00,val
3189,3189,3194,3195,3200,2017-07-23 03:30:00,2017-07-23 04:20:00,2017-07-23 04:30:00,2017-07-23 05:20:00,val
3190,3190,3195,3196,3201,2017-07-23 03:40:00,2017-07-23 04:30:00,2017-07-23 04:40:00,2017-07-23 05:30:00,val
3191,3191,3196,3197,3202,2017-07-23 03:50:00,2017-07-23 04:40:00,2017-07-23 04:50:00,2017-07-23 05:40:00,val
3192,3192,3197,3198,3203,2017-07-23 04:00:00,2017-07-23 04:50:00,2017-07-23 05:00:00,2017-07-23 05:50:00,val
3193,3193,3198,3199,3204,2017-07-23 04:10:00,2017-07-23 05:00:00,2017-07-23 05:10:00,2017-07-23 06:00:00,val
3194,3194,3199,3200,3205,2017-07-23 04:20:00,2017-07-23 05:10:00,2017-07-23 05:20:00,2017-07-23 06:10:00,val
3195,3195,3200,3201,3206,2017-07-23 04:30:00,2017-07-23 05:20:00,2017-07-23 05:30:00,2017-07-23 06:20:00,val
3196,3196,3201,3202,3207,2017-07-23 04:40:00,2017-07-23 05:30:00,2017-07-23 05:40:00,2017-07-23 06:30:00,val
3197,3197,3202,3203,3208,2017-07-23 04:50:00,2017-07-23 05:40:00,2017-07-23 05:50:00,2017-07-23 06:40:00,val
3198,3198,3203,3204,3209,2017-07-23 05:00:00,2017-07-23 05:50:00,2017-07-23 06:00:00,2017-07-23 06:50:00,val
3199,3199,3204,3205,3210,2017-07-23 05:10:00,2017-07-23 06:00:00,2017-07-23 06:10:00,2017-07-23 07:00:00,val
3200,3200,3205,3206,3211,2017-07-23 05:20:00,2017-07-23 06:10:00,2017-07-23 06:20:00,2017-07-23 07:10:00,val
3201,3201,3206,3207,3212,2017-07-23 05:30:00,2017-07-23 06:20:00,2017-07-23 06:30:00,2017-07-23 07:20:00,val
3202,3202,3207,3208,3213,2017-07-23 05:40:00,2017-07-23 06:30:00,2017-07-23 06:40:00,2017-07-23 07:30:00,val
3203,3203,3208,3209,3214,2017-07-23 05:50:00,2017-07-23 06:40:00,2017-07-23 06:50:00,2017-07-23 07:40:00,val
3204,3204,3209,3210,3215,2017-07-23 06:00:00,2017-07-23 06:50:00,2017-07-23 07:00:00,2017-07-23 07:50:00,val
3205,3205,3210,3211,3216,2017-07-23 06:10:00,2017-07-23 07:00:00,2017-07-23 07:10:00,2017-07-23 08:00:00,val
3206,3206,3211,3212,3217,2017-07-23 06:20:00,2017-07-23 07:10:00,2017-07-23 07:20:00,2017-07-23 08:10:00,val
3207,3207,3212,3213,3218,2017-07-23 06:30:00,2017-07-23 07:20:00,2017-07-23 07:30:00,2017-07-23 08:20:00,val
3208,3208,3213,3214,3219,2017-07-23 06:40:00,2017-07-23 07:30:00,2017-07-23 07:40:00,2017-07-23 08:30:00,val
3209,3209,3214,3215,3220,2017-07-23 06:50:00,2017-07-23 07:40:00,2017-07-23 07:50:00,2017-07-23 08:40:00,val
3210,3210,3215,3216,3221,2017-07-23 07:00:00,2017-07-23 07:50:00,2017-07-23 08:00:00,2017-07-23 08:50:00,val
3211,3211,3216,3217,3222,2017-07-23 07:10:00,2017-07-23 08:00:00,2017-07-23 08:10:00,2017-07-23 09:00:00,val
3212,3212,3217,3218,3223,2017-07-23 07:20:00,2017-07-23 08:10:00,2017-07-23 08:20:00,2017-07-23 09:10:00,val
3213,3213,3218,3219,3224,2017-07-23 07:30:00,2017-07-23 08:20:00,2017-07-23 08:30:00,2017-07-23 09:20:00,val
3214,3214,3219,3220,3225,2017-07-23 07:40:00,2017-07-23 08:30:00,2017-07-23 08:40:00,2017-07-23 09:30:00,val
3215,3215,3220,3221,3226,2017-07-23 07:50:00,2017-07-23 08:40:00,2017-07-23 08:50:00,2017-07-23 09:40:00,val
3216,3216,3221,3222,3227,2017-07-23 08:00:00,2017-07-23 08:50:00,2017-07-23 09:00:00,2017-07-23 09:50:00,val
3217,3217,3222,3223,3228,2017-07-23 08:10:00,2017-07-23 09:00:00,2017-07-23 09:10:00,2017-07-23 10:00:00,val
3218,3218,3223,3224,3229,2017-07-23 08:20:00,2017-07-23 09:10:00,2017-07-23 09:20:00,2017-07-23 10:10:00,val
3219,3219,3224,3225,3230,2017-07-23 08:30:00,2017-07-23 09:20:00,2017-07-23 09:30:00,2017-07-23 10:20:00,val
3220,3220,3225,3226,3231,2017-07-23 08:40:00,2017-07-23 09:30:00,2017-07-23 09:40:00,2017-07-23 10:30:00,val
3221,3221,3226,3227,3232,2017-07-23 08:50:00,2017-07-23 09:40:00,2017-07-23 09:50:00,2017-07-23 10:40:00,val
3222,3222,3227,3228,3233,2017-07-23 09:00:00,2017-07-23 09:50:00,2017-07-23 10:00:00,2017-07-23 10:50:00,val
3223,3223,3228,3229,3234,2017-07-23 09:10:00,2017-07-23 10:00:00,2017-07-23 10:10:00,2017-07-23 11:00:00,val
3224,3224,3229,3230,3235,2017-07-23 09:20:00,2017-07-23 10:10:00,2017-07-23 10:20:00,2017-07-23 11:10:00,val
3225,3225,3230,3231,3236,2017-07-23 09:30:00,2017-07-23 10:20:00,2017-07-23 10:30:00,2017-07-23 11:20:00,val
3226,3226,3231,3232,3237,2017-07-23 09:40:00,2017-07-23 10:30:00,2017-07-23 10:40:00,2017-07-23 11:30:00,val
3227,3227,3232,3233,3238,2017-07-23 09:50:00,2017-07-23 10:40:00,2017-07-23 10:50:00,2017-07-23 11:40:00,val
3228,3228,3233,3234,3239,2017-07-23 10:00:00,2017-07-23 10:50:00,2017-07-23 11:00:00,2017-07-23 11:50:00,val
3229,3229,3234,3235,3240,2017-07-23 10:10:00,2017-07-23 11:00:00,2017-07-23 11:10:00,2017-07-23 12:00:00,val
3230,3230,3235,3236,3241,2017-07-23 10:20:00,2017-07-23 11:10:00,2017-07-23 11:20:00,2017-07-23 12:10:00,val
3231,3231,3236,3237,3242,2017-07-23 10:30:00,2017-07-23 11:20:00,2017-07-23 11:30:00,2017-07-23 12:20:00,val
3232,3232,3237,3238,3243,2017-07-23 10:40:00,2017-07-23 11:30:00,2017-07-23 11:40:00,2017-07-23 12:30:00,val
3233,3233,3238,3239,3244,2017-07-23 10:50:00,2017-07-23 11:40:00,2017-07-23 11:50:00,2017-07-23 12:40:00,val
3234,3234,3239,3240,3245,2017-07-23 11:00:00,2017-07-23 11:50:00,2017-07-23 12:00:00,2017-07-23 12:50:00,val
3235,3235,3240,3241,3246,2017-07-23 11:10:00,2017-07-23 12:00:00,2017-07-23 12:10:00,2017-07-23 13:00:00,val
3236,3236,3241,3242,3247,2017-07-23 11:20:00,2017-07-23 12:10:00,2017-07-23 12:20:00,2017-07-23 13:10:00,val
3237,3237,3242,3243,3248,2017-07-23 11:30:00,2017-07-23 12:20:00,2017-07-23 12:30:00,2017-07-23 13:20:00,val
3238,3238,3243,3244,3249,2017-07-23 11:40:00,2017-07-23 12:30:00,2017-07-23 12:40:00,2017-07-23 13:30:00,val
3239,3239,3244,3245,3250,2017-07-23 11:50:00,2017-07-23 12:40:00,2017-07-23 12:50:00,2017-07-23 13:40:00,val
3240,3240,3245,3246,3251,2017-07-23 12:00:00,2017-07-23 12:50:00,2017-07-23 13:00:00,2017-07-23 13:50:00,val
3241,3241,3246,3247,3252,2017-07-23 12:10:00,2017-07-23 13:00:00,2017-07-23 13:10:00,2017-07-23 14:00:00,val
3242,3242,3247,3248,3253,2017-07-23 12:20:00,2017-07-23 13:10:00,2017-07-23 13:20:00,2017-07-23 14:10:00,val
3243,3243,3248,3249,3254,2017-07-23 12:30:00,2017-07-23 13:20:00,2017-07-23 13:30:00,2017-07-23 14:20:00,val
3244,3244,3249,3250,3255,2017-07-23 12:40:00,2017-07-23 13:30:00,2017-07-23 13:40:00,2017-07-23 14:30:00,val
3245,3245,3250,3251,3256,2017-07-23 12:50:00,2017-07-23 13:40:00,2017-07-23 13:50:00,2017-07-23 14:40:00,val
3246,3246,3251,3252,3257,2017-07-23 13:00:00,2017-07-23 13:50:00,2017-07-23 14:00:00,2017-07-23 14:50:00,val
3247,3247,3252,3253,3258,2017-07-23 13:10:00,2017-07-23 14:00:00,2017-07-23 14:10:00,2017-07-23 15:00:00,val
3248,3248,3253,3254,3259,2017-07-23 13:20:00,2017-07-23 14:10:00,2017-07-23 14:20:00,2017-07-23 15:10:00,val
3249,3249,3254,3255,3260,2017-07-23 13:30:00,2017-07-23 14:20:00,2017-07-23 14:30:00,2017-07-23 15:20:00,val
3250,3250,3255,3256,3261,2017-07-23 13:40:00,2017-07-23 14:30:00,2017-07-23 14:40:00,2017-07-23 15:30:00,val
3251,3251,3256,3257,3262,2017-07-23 13:50:00,2017-07-23 14:40:00,2017-07-23 14:50:00,2017-07-23 15:40:00,val
3252,3252,3257,3258,3263,2017-07-23 14:00:00,2017-07-23 14:50:00,2017-07-23 15:00:00,2017-07-23 15:50:00,val
3253,3253,3258,3259,3264,2017-07-23 14:10:00,2017-07-23 15:00:00,2017-07-23 15:10:00,2017-07-23 16:00:00,val
3254,3254,3259,3260,3265,2017-07-23 14:20:00,2017-07-23 15:10:00,2017-07-23 15:20:00,2017-07-23 16:10:00,val
3255,3255,3260,3261,3266,2017-07-23 14:30:00,2017-07-23 15:20:00,2017-07-23 15:30:00,2017-07-23 16:20:00,val
3256,3256,3261,3262,3267,2017-07-23 14:40:00,2017-07-23 15:30:00,2017-07-23 15:40:00,2017-07-23 16:30:00,val
3257,3257,3262,3263,3268,2017-07-23 14:50:00,2017-07-23 15:40:00,2017-07-23 15:50:00,2017-07-23 16:40:00,val
3258,3258,3263,3264,3269,2017-07-23 15:00:00,2017-07-23 15:50:00,2017-07-23 16:00:00,2017-07-23 16:50:00,val
3259,3259,3264,3265,3270,2017-07-23 15:10:00,2017-07-23 16:00:00,2017-07-23 16:10:00,2017-07-23 17:00:00,val
3260,3260,3265,3266,3271,2017-07-23 15:20:00,2017-07-23 16:10:00,2017-07-23 16:20:00,2017-07-23 17:10:00,val
3261,3261,3266,3267,3272,2017-07-23 15:30:00,2017-07-23 16:20:00,2017-07-23 16:30:00,2017-07-23 17:20:00,val
3262,3262,3267,3268,3273,2017-07-23 15:40:00,2017-07-23 16:30:00,2017-07-23 16:40:00,2017-07-23 17:30:00,val
3263,3263,3268,3269,3274,2017-07-23 15:50:00,2017-07-23 16:40:00,2017-07-23 16:50:00,2017-07-23 17:40:00,val
3264,3264,3269,3270,3275,2017-07-23 16:00:00,2017-07-23 16:50:00,2017-07-23 17:00:00,2017-07-23 17:50:00,val
3265,3265,3270,3271,3276,2017-07-23 16:10:00,2017-07-23 17:00:00,2017-07-23 17:10:00,2017-07-23 18:00:00,val
3266,3266,3271,3272,3277,2017-07-23 16:20:00,2017-07-23 17:10:00,2017-07-23 17:20:00,2017-07-23 18:10:00,val
3267,3267,3272,3273,3278,2017-07-23 16:30:00,2017-07-23 17:20:00,2017-07-23 17:30:00,2017-07-23 18:20:00,val
3268,3268,3273,3274,3279,2017-07-23 16:40:00,2017-07-23 17:30:00,2017-07-23 17:40:00,2017-07-23 18:30:00,val
3269,3269,3274,3275,3280,2017-07-23 16:50:00,2017-07-23 17:40:00,2017-07-23 17:50:00,2017-07-23 18:40:00,val
3270,3270,3275,3276,3281,2017-07-23 17:00:00,2017-07-23 17:50:00,2017-07-23 18:00:00,2017-07-23 18:50:00,val
3271,3271,3276,3277,3282,2017-07-23 17:10:00,2017-07-23 18:00:00,2017-07-23 18:10:00,2017-07-23 19:00:00,val
3272,3272,3277,3278,3283,2017-07-23 17:20:00,2017-07-23 18:10:00,2017-07-23 18:20:00,2017-07-23 19:10:00,val
3273,3273,3278,3279,3284,2017-07-23 17:30:00,2017-07-23 18:20:00,2017-07-23 18:30:00,2017-07-23 19:20:00,val
3274,3274,3279,3280,3285,2017-07-23 17:40:00,2017-07-23 18:30:00,2017-07-23 18:40:00,2017-07-23 19:30:00,val
3275,3275,3280,3281,3286,2017-07-23 17:50:00,2017-07-23 18:40:00,2017-07-23 18:50:00,2017-07-23 19:40:00,val
3276,3276,3281,3282,3287,2017-07-23 18:00:00,2017-07-23 18:50:00,2017-07-23 19:00:00,2017-07-23 19:50:00,val
3277,3277,3282,3283,3288,2017-07-23 18:10:00,2017-07-23 19:00:00,2017-07-23 19:10:00,2017-07-23 20:00:00,val
3278,3278,3283,3284,3289,2017-07-23 18:20:00,2017-07-23 19:10:00,2017-07-23 19:20:00,2017-07-23 20:10:00,val
3279,3279,3284,3285,3290,2017-07-23 18:30:00,2017-07-23 19:20:00,2017-07-23 19:30:00,2017-07-23 20:20:00,val
3280,3280,3285,3286,3291,2017-07-23 18:40:00,2017-07-23 19:30:00,2017-07-23 19:40:00,2017-07-23 20:30:00,val
3281,3281,3286,3287,3292,2017-07-23 18:50:00,2017-07-23 19:40:00,2017-07-23 19:50:00,2017-07-23 20:40:00,val
3282,3282,3287,3288,3293,2017-07-23 19:00:00,2017-07-23 19:50:00,2017-07-23 20:00:00,2017-07-23 20:50:00,val
3283,3283,3288,3289,3294,2017-07-23 19:10:00,2017-07-23 20:00:00,2017-07-23 20:10:00,2017-07-23 21:00:00,val
3284,3284,3289,3290,3295,2017-07-23 19:20:00,2017-07-23 20:10:00,2017-07-23 20:20:00,2017-07-23 21:10:00,val
3285,3285,3290,3291,3296,2017-07-23 19:30:00,2017-07-23 20:20:00,2017-07-23 20:30:00,2017-07-23 21:20:00,val
3286,3286,3291,3292,3297,2017-07-23 19:40:00,2017-07-23 20:30:00,2017-07-23 20:40:00,2017-07-23 21:30:00,val
3287,3287,3292,3293,3298,2017-07-23 19:50:00,2017-07-23 20:40:00,2017-07-23 20:50:00,2017-07-23 21:40:00,val
3288,3288,3293,3294,3299,2017-07-23 20:00:00,2017-07-23 20:50:00,2017-07-23 21:00:00,2017-07-23 21:50:00,val
3289,3289,3294,3295,3300,2017-07-23 20:10:00,2017-07-23 21:00:00,2017-07-23 21:10:00,2017-07-23 22:00:00,val
3290,3290,3295,3296,3301,2017-07-23 20:20:00,2017-07-23 21:10:00,2017-07-23 21:20:00,2017-07-23 22:10:00,val
3291,3291,3296,3297,3302,2017-07-23 20:30:00,2017-07-23 21:20:00,2017-07-23 21:30:00,2017-07-23 22:20:00,val
3292,3292,3297,3298,3303,2017-07-23 20:40:00,2017-07-23 21:30:00,2017-07-23 21:40:00,2017-07-23 22:30:00,val
3293,3293,3298,3299,3304,2017-07-23 20:50:00,2017-07-23 21:40:00,2017-07-23 21:50:00,2017-07-23 22:40:00,val
3294,3294,3299,3300,3305,2017-07-23 21:00:00,2017-07-23 21:50:00,2017-07-23 22:00:00,2017-07-23 22:50:00,val
3295,3295,3300,3301,3306,2017-07-23 21:10:00,2017-07-23 22:00:00,2017-07-23 22:10:00,2017-07-23 23:00:00,val
3296,3296,3301,3302,3307,2017-07-23 21:20:00,2017-07-23 22:10:00,2017-07-23 22:20:00,2017-07-23 23:10:00,val
3297,3297,3302,3303,3308,2017-07-23 21:30:00,2017-07-23 22:20:00,2017-07-23 22:30:00,2017-07-23 23:20:00,val
3298,3298,3303,3304,3309,2017-07-23 21:40:00,2017-07-23 22:30:00,2017-07-23 22:40:00,2017-07-23 23:30:00,val
3299,3299,3304,3305,3310,2017-07-23 21:50:00,2017-07-23 22:40:00,2017-07-23 22:50:00,2017-07-23 23:40:00,val
3300,3300,3305,3306,3311,2017-07-23 22:00:00,2017-07-23 22:50:00,2017-07-23 23:00:00,2017-07-23 23:50:00,val
3301,3301,3306,3307,3312,2017-07-23 22:10:00,2017-07-23 23:00:00,2017-07-23 23:10:00,2017-07-24 00:00:00,val
3302,3302,3307,3308,3313,2017-07-23 22:20:00,2017-07-23 23:10:00,2017-07-23 23:20:00,2017-07-24 00:10:00,val
3303,3303,3308,3309,3314,2017-07-23 22:30:00,2017-07-23 23:20:00,2017-07-23 23:30:00,2017-07-24 00:20:00,val
3304,3304,3309,3310,3315,2017-07-23 22:40:00,2017-07-23 23:30:00,2017-07-23 23:40:00,2017-07-24 00:30:00,val
3305,3305,3310,3311,3316,2017-07-23 22:50:00,2017-07-23 23:40:00,2017-07-23 23:50:00,2017-07-24 00:40:00,val
3306,3306,3311,3312,3317,2017-07-23 23:00:00,2017-07-23 23:50:00,2017-07-24 00:00:00,2017-07-24 00:50:00,val
3307,3307,3312,3313,3318,2017-07-23 23:10:00,2017-07-24 00:00:00,2017-07-24 00:10:00,2017-07-24 01:00:00,val
3308,3308,3313,3314,3319,2017-07-23 23:20:00,2017-07-24 00:10:00,2017-07-24 00:20:00,2017-07-24 01:10:00,val
3309,3309,3314,3315,3320,2017-07-23 23:30:00,2017-07-24 00:20:00,2017-07-24 00:30:00,2017-07-24 01:20:00,val
3310,3310,3315,3316,3321,2017-07-23 23:40:00,2017-07-24 00:30:00,2017-07-24 00:40:00,2017-07-24 01:30:00,val
3311,3311,3316,3317,3322,2017-07-23 23:50:00,2017-07-24 00:40:00,2017-07-24 00:50:00,2017-07-24 01:40:00,val
3312,3312,3317,3318,3323,2017-07-24 00:00:00,2017-07-24 00:50:00,2017-07-24 01:00:00,2017-07-24 01:50:00,val
3313,3313,3318,3319,3324,2017-07-24 00:10:00,2017-07-24 01:00:00,2017-07-24 01:10:00,2017-07-24 02:00:00,val
3314,3314,3319,3320,3325,2017-07-24 00:20:00,2017-07-24 01:10:00,2017-07-24 01:20:00,2017-07-24 02:10:00,val
3315,3315,3320,3321,3326,2017-07-24 00:30:00,2017-07-24 01:20:00,2017-07-24 01:30:00,2017-07-24 02:20:00,val
3316,3316,3321,3322,3327,2017-07-24 00:40:00,2017-07-24 01:30:00,2017-07-24 01:40:00,2017-07-24 02:30:00,val
3317,3317,3322,3323,3328,2017-07-24 00:50:00,2017-07-24 01:40:00,2017-07-24 01:50:00,2017-07-24 02:40:00,val
3318,3318,3323,3324,3329,2017-07-24 01:00:00,2017-07-24 01:50:00,2017-07-24 02:00:00,2017-07-24 02:50:00,val
3319,3319,3324,3325,3330,2017-07-24 01:10:00,2017-07-24 02:00:00,2017-07-24 02:10:00,2017-07-24 03:00:00,val
3320,3320,3325,3326,3331,2017-07-24 01:20:00,2017-07-24 02:10:00,2017-07-24 02:20:00,2017-07-24 03:10:00,val
3321,3321,3326,3327,3332,2017-07-24 01:30:00,2017-07-24 02:20:00,2017-07-24 02:30:00,2017-07-24 03:20:00,val
3322,3322,3327,3328,3333,2017-07-24 01:40:00,2017-07-24 02:30:00,2017-07-24 02:40:00,2017-07-24 03:30:00,val
3323,3323,3328,3329,3334,2017-07-24 01:50:00,2017-07-24 02:40:00,2017-07-24 02:50:00,2017-07-24 03:40:00,val
3324,3324,3329,3330,3335,2017-07-24 02:00:00,2017-07-24 02:50:00,2017-07-24 03:00:00,2017-07-24 03:50:00,val
3325,3325,3330,3331,3336,2017-07-24 02:10:00,2017-07-24 03:00:00,2017-07-24 03:10:00,2017-07-24 04:00:00,val
3326,3326,3331,3332,3337,2017-07-24 02:20:00,2017-07-24 03:10:00,2017-07-24 03:20:00,2017-07-24 04:10:00,val
3327,3327,3332,3333,3338,2017-07-24 02:30:00,2017-07-24 03:20:00,2017-07-24 03:30:00,2017-07-24 04:20:00,val
3328,3328,3333,3334,3339,2017-07-24 02:40:00,2017-07-24 03:30:00,2017-07-24 03:40:00,2017-07-24 04:30:00,val
3329,3329,3334,3335,3340,2017-07-24 02:50:00,2017-07-24 03:40:00,2017-07-24 03:50:00,2017-07-24 04:40:00,val
3330,3330,3335,3336,3341,2017-07-24 03:00:00,2017-07-24 03:50:00,2017-07-24 04:00:00,2017-07-24 04:50:00,val
3331,3331,3336,3337,3342,2017-07-24 03:10:00,2017-07-24 04:00:00,2017-07-24 04:10:00,2017-07-24 05:00:00,val
3332,3332,3337,3338,3343,2017-07-24 03:20:00,2017-07-24 04:10:00,2017-07-24 04:20:00,2017-07-24 05:10:00,val
3333,3333,3338,3339,3344,2017-07-24 03:30:00,2017-07-24 04:20:00,2017-07-24 04:30:00,2017-07-24 05:20:00,val
3334,3334,3339,3340,3345,2017-07-24 03:40:00,2017-07-24 04:30:00,2017-07-24 04:40:00,2017-07-24 05:30:00,val
3335,3335,3340,3341,3346,2017-07-24 03:50:00,2017-07-24 04:40:00,2017-07-24 04:50:00,2017-07-24 05:40:00,val
3336,3336,3341,3342,3347,2017-07-24 04:00:00,2017-07-24 04:50:00,2017-07-24 05:00:00,2017-07-24 05:50:00,val
3337,3337,3342,3343,3348,2017-07-24 04:10:00,2017-07-24 05:00:00,2017-07-24 05:10:00,2017-07-24 06:00:00,val
3338,3338,3343,3344,3349,2017-07-24 04:20:00,2017-07-24 05:10:00,2017-07-24 05:20:00,2017-07-24 06:10:00,val
3339,3339,3344,3345,3350,2017-07-24 04:30:00,2017-07-24 05:20:00,2017-07-24 05:30:00,2017-07-24 06:20:00,val
3340,3340,3345,3346,3351,2017-07-24 04:40:00,2017-07-24 05:30:00,2017-07-24 05:40:00,2017-07-24 06:30:00,val
3341,3341,3346,3347,3352,2017-07-24 04:50:00,2017-07-24 05:40:00,2017-07-24 05:50:00,2017-07-24 06:40:00,val
3342,3342,3347,3348,3353,2017-07-24 05:00:00,2017-07-24 05:50:00,2017-07-24 06:00:00,2017-07-24 06:50:00,val
3343,3343,3348,3349,3354,2017-07-24 05:10:00,2017-07-24 06:00:00,2017-07-24 06:10:00,2017-07-24 07:00:00,val
3344,3344,3349,3350,3355,2017-07-24 05:20:00,2017-07-24 06:10:00,2017-07-24 06:20:00,2017-07-24 07:10:00,val
3345,3345,3350,3351,3356,2017-07-24 05:30:00,2017-07-24 06:20:00,2017-07-24 06:30:00,2017-07-24 07:20:00,val
3346,3346,3351,3352,3357,2017-07-24 05:40:00,2017-07-24 06:30:00,2017-07-24 06:40:00,2017-07-24 07:30:00,val
3347,3347,3352,3353,3358,2017-07-24 05:50:00,2017-07-24 06:40:00,2017-07-24 06:50:00,2017-07-24 07:40:00,val
3348,3348,3353,3354,3359,2017-07-24 06:00:00,2017-07-24 06:50:00,2017-07-24 07:00:00,2017-07-24 07:50:00,val
3349,3349,3354,3355,3360,2017-07-24 06:10:00,2017-07-24 07:00:00,2017-07-24 07:10:00,2017-07-24 08:00:00,val
3350,3350,3355,3356,3361,2017-07-24 06:20:00,2017-07-24 07:10:00,2017-07-24 07:20:00,2017-07-24 08:10:00,val
3351,3351,3356,3357,3362,2017-07-24 06:30:00,2017-07-24 07:20:00,2017-07-24 07:30:00,2017-07-24 08:20:00,val
3352,3352,3357,3358,3363,2017-07-24 06:40:00,2017-07-24 07:30:00,2017-07-24 07:40:00,2017-07-24 08:30:00,val
3353,3353,3358,3359,3364,2017-07-24 06:50:00,2017-07-24 07:40:00,2017-07-24 07:50:00,2017-07-24 08:40:00,val
3354,3354,3359,3360,3365,2017-07-24 07:00:00,2017-07-24 07:50:00,2017-07-24 08:00:00,2017-07-24 08:50:00,val
3355,3355,3360,3361,3366,2017-07-24 07:10:00,2017-07-24 08:00:00,2017-07-24 08:10:00,2017-07-24 09:00:00,val
3356,3356,3361,3362,3367,2017-07-24 07:20:00,2017-07-24 08:10:00,2017-07-24 08:20:00,2017-07-24 09:10:00,val
3357,3357,3362,3363,3368,2017-07-24 07:30:00,2017-07-24 08:20:00,2017-07-24 08:30:00,2017-07-24 09:20:00,val
3358,3358,3363,3364,3369,2017-07-24 07:40:00,2017-07-24 08:30:00,2017-07-24 08:40:00,2017-07-24 09:30:00,val
3359,3359,3364,3365,3370,2017-07-24 07:50:00,2017-07-24 08:40:00,2017-07-24 08:50:00,2017-07-24 09:40:00,val
3360,3360,3365,3366,3371,2017-07-24 08:00:00,2017-07-24 08:50:00,2017-07-24 09:00:00,2017-07-24 09:50:00,val
3361,3361,3366,3367,3372,2017-07-24 08:10:00,2017-07-24 09:00:00,2017-07-24 09:10:00,2017-07-24 10:00:00,val
3362,3362,3367,3368,3373,2017-07-24 08:20:00,2017-07-24 09:10:00,2017-07-24 09:20:00,2017-07-24 10:10:00,val
3363,3363,3368,3369,3374,2017-07-24 08:30:00,2017-07-24 09:20:00,2017-07-24 09:30:00,2017-07-24 10:20:00,val
3364,3364,3369,3370,3375,2017-07-24 08:40:00,2017-07-24 09:30:00,2017-07-24 09:40:00,2017-07-24 10:30:00,val
3365,3365,3370,3371,3376,2017-07-24 08:50:00,2017-07-24 09:40:00,2017-07-24 09:50:00,2017-07-24 10:40:00,val
3366,3366,3371,3372,3377,2017-07-24 09:00:00,2017-07-24 09:50:00,2017-07-24 10:00:00,2017-07-24 10:50:00,val
3367,3367,3372,3373,3378,2017-07-24 09:10:00,2017-07-24 10:00:00,2017-07-24 10:10:00,2017-07-24 11:00:00,val
3368,3368,3373,3374,3379,2017-07-24 09:20:00,2017-07-24 10:10:00,2017-07-24 10:20:00,2017-07-24 11:10:00,val
3369,3369,3374,3375,3380,2017-07-24 09:30:00,2017-07-24 10:20:00,2017-07-24 10:30:00,2017-07-24 11:20:00,val
3370,3370,3375,3376,3381,2017-07-24 09:40:00,2017-07-24 10:30:00,2017-07-24 10:40:00,2017-07-24 11:30:00,val
3371,3371,3376,3377,3382,2017-07-24 09:50:00,2017-07-24 10:40:00,2017-07-24 10:50:00,2017-07-24 11:40:00,val
3372,3372,3377,3378,3383,2017-07-24 10:00:00,2017-07-24 10:50:00,2017-07-24 11:00:00,2017-07-24 11:50:00,val
3373,3373,3378,3379,3384,2017-07-24 10:10:00,2017-07-24 11:00:00,2017-07-24 11:10:00,2017-07-24 12:00:00,val
3374,3374,3379,3380,3385,2017-07-24 10:20:00,2017-07-24 11:10:00,2017-07-24 11:20:00,2017-07-24 12:10:00,val
3375,3375,3380,3381,3386,2017-07-24 10:30:00,2017-07-24 11:20:00,2017-07-24 11:30:00,2017-07-24 12:20:00,val
3376,3376,3381,3382,3387,2017-07-24 10:40:00,2017-07-24 11:30:00,2017-07-24 11:40:00,2017-07-24 12:30:00,val
3377,3377,3382,3383,3388,2017-07-24 10:50:00,2017-07-24 11:40:00,2017-07-24 11:50:00,2017-07-24 12:40:00,val
3378,3378,3383,3384,3389,2017-07-24 11:00:00,2017-07-24 11:50:00,2017-07-24 12:00:00,2017-07-24 12:50:00,val
3379,3379,3384,3385,3390,2017-07-24 11:10:00,2017-07-24 12:00:00,2017-07-24 12:10:00,2017-07-24 13:00:00,val
3380,3380,3385,3386,3391,2017-07-24 11:20:00,2017-07-24 12:10:00,2017-07-24 12:20:00,2017-07-24 13:10:00,val
3381,3381,3386,3387,3392,2017-07-24 11:30:00,2017-07-24 12:20:00,2017-07-24 12:30:00,2017-07-24 13:20:00,val
3382,3382,3387,3388,3393,2017-07-24 11:40:00,2017-07-24 12:30:00,2017-07-24 12:40:00,2017-07-24 13:30:00,val
3383,3383,3388,3389,3394,2017-07-24 11:50:00,2017-07-24 12:40:00,2017-07-24 12:50:00,2017-07-24 13:40:00,val
3384,3384,3389,3390,3395,2017-07-24 12:00:00,2017-07-24 12:50:00,2017-07-24 13:00:00,2017-07-24 13:50:00,val
3385,3385,3390,3391,3396,2017-07-24 12:10:00,2017-07-24 13:00:00,2017-07-24 13:10:00,2017-07-24 14:00:00,val
3386,3386,3391,3392,3397,2017-07-24 12:20:00,2017-07-24 13:10:00,2017-07-24 13:20:00,2017-07-24 14:10:00,val
3387,3387,3392,3393,3398,2017-07-24 12:30:00,2017-07-24 13:20:00,2017-07-24 13:30:00,2017-07-24 14:20:00,val
3388,3388,3393,3394,3399,2017-07-24 12:40:00,2017-07-24 13:30:00,2017-07-24 13:40:00,2017-07-24 14:30:00,val
3389,3389,3394,3395,3400,2017-07-24 12:50:00,2017-07-24 13:40:00,2017-07-24 13:50:00,2017-07-24 14:40:00,val
3390,3390,3395,3396,3401,2017-07-24 13:00:00,2017-07-24 13:50:00,2017-07-24 14:00:00,2017-07-24 14:50:00,val
3391,3391,3396,3397,3402,2017-07-24 13:10:00,2017-07-24 14:00:00,2017-07-24 14:10:00,2017-07-24 15:00:00,val
3392,3392,3397,3398,3403,2017-07-24 13:20:00,2017-07-24 14:10:00,2017-07-24 14:20:00,2017-07-24 15:10:00,val
3393,3393,3398,3399,3404,2017-07-24 13:30:00,2017-07-24 14:20:00,2017-07-24 14:30:00,2017-07-24 15:20:00,val
3394,3394,3399,3400,3405,2017-07-24 13:40:00,2017-07-24 14:30:00,2017-07-24 14:40:00,2017-07-24 15:30:00,val
3395,3395,3400,3401,3406,2017-07-24 13:50:00,2017-07-24 14:40:00,2017-07-24 14:50:00,2017-07-24 15:40:00,val
3396,3396,3401,3402,3407,2017-07-24 14:00:00,2017-07-24 14:50:00,2017-07-24 15:00:00,2017-07-24 15:50:00,val
3397,3397,3402,3403,3408,2017-07-24 14:10:00,2017-07-24 15:00:00,2017-07-24 15:10:00,2017-07-24 16:00:00,val
3398,3398,3403,3404,3409,2017-07-24 14:20:00,2017-07-24 15:10:00,2017-07-24 15:20:00,2017-07-24 16:10:00,val
3399,3399,3404,3405,3410,2017-07-24 14:30:00,2017-07-24 15:20:00,2017-07-24 15:30:00,2017-07-24 16:20:00,val
3400,3400,3405,3406,3411,2017-07-24 14:40:00,2017-07-24 15:30:00,2017-07-24 15:40:00,2017-07-24 16:30:00,val
3401,3401,3406,3407,3412,2017-07-24 14:50:00,2017-07-24 15:40:00,2017-07-24 15:50:00,2017-07-24 16:40:00,val
3402,3402,3407,3408,3413,2017-07-24 15:00:00,2017-07-24 15:50:00,2017-07-24 16:00:00,2017-07-24 16:50:00,val
3403,3403,3408,3409,3414,2017-07-24 15:10:00,2017-07-24 16:00:00,2017-07-24 16:10:00,2017-07-24 17:00:00,val
3404,3404,3409,3410,3415,2017-07-24 15:20:00,2017-07-24 16:10:00,2017-07-24 16:20:00,2017-07-24 17:10:00,val
3405,3405,3410,3411,3416,2017-07-24 15:30:00,2017-07-24 16:20:00,2017-07-24 16:30:00,2017-07-24 17:20:00,val
3406,3406,3411,3412,3417,2017-07-24 15:40:00,2017-07-24 16:30:00,2017-07-24 16:40:00,2017-07-24 17:30:00,val
3407,3407,3412,3413,3418,2017-07-24 15:50:00,2017-07-24 16:40:00,2017-07-24 16:50:00,2017-07-24 17:40:00,val
3408,3408,3413,3414,3419,2017-07-24 16:00:00,2017-07-24 16:50:00,2017-07-24 17:00:00,2017-07-24 17:50:00,val
3409,3409,3414,3415,3420,2017-07-24 16:10:00,2017-07-24 17:00:00,2017-07-24 17:10:00,2017-07-24 18:00:00,val
3410,3410,3415,3416,3421,2017-07-24 16:20:00,2017-07-24 17:10:00,2017-07-24 17:20:00,2017-07-24 18:10:00,val
3411,3411,3416,3417,3422,2017-07-24 16:30:00,2017-07-24 17:20:00,2017-07-24 17:30:00,2017-07-24 18:20:00,val
3412,3412,3417,3418,3423,2017-07-24 16:40:00,2017-07-24 17:30:00,2017-07-24 17:40:00,2017-07-24 18:30:00,val
3413,3413,3418,3419,3424,2017-07-24 16:50:00,2017-07-24 17:40:00,2017-07-24 17:50:00,2017-07-24 18:40:00,val
3414,3414,3419,3420,3425,2017-07-24 17:00:00,2017-07-24 17:50:00,2017-07-24 18:00:00,2017-07-24 18:50:00,val
3415,3415,3420,3421,3426,2017-07-24 17:10:00,2017-07-24 18:00:00,2017-07-24 18:10:00,2017-07-24 19:00:00,val
3416,3416,3421,3422,3427,2017-07-24 17:20:00,2017-07-24 18:10:00,2017-07-24 18:20:00,2017-07-24 19:10:00,val
3417,3417,3422,3423,3428,2017-07-24 17:30:00,2017-07-24 18:20:00,2017-07-24 18:30:00,2017-07-24 19:20:00,val
3418,3418,3423,3424,3429,2017-07-24 17:40:00,2017-07-24 18:30:00,2017-07-24 18:40:00,2017-07-24 19:30:00,val
3419,3419,3424,3425,3430,2017-07-24 17:50:00,2017-07-24 18:40:00,2017-07-24 18:50:00,2017-07-24 19:40:00,val
3420,3420,3425,3426,3431,2017-07-24 18:00:00,2017-07-24 18:50:00,2017-07-24 19:00:00,2017-07-24 19:50:00,val
3421,3421,3426,3427,3432,2017-07-24 18:10:00,2017-07-24 19:00:00,2017-07-24 19:10:00,2017-07-24 20:00:00,val
3422,3422,3427,3428,3433,2017-07-24 18:20:00,2017-07-24 19:10:00,2017-07-24 19:20:00,2017-07-24 20:10:00,val
3423,3423,3428,3429,3434,2017-07-24 18:30:00,2017-07-24 19:20:00,2017-07-24 19:30:00,2017-07-24 20:20:00,val
3424,3424,3429,3430,3435,2017-07-24 18:40:00,2017-07-24 19:30:00,2017-07-24 19:40:00,2017-07-24 20:30:00,val
3425,3425,3430,3431,3436,2017-07-24 18:50:00,2017-07-24 19:40:00,2017-07-24 19:50:00,2017-07-24 20:40:00,val
3426,3426,3431,3432,3437,2017-07-24 19:00:00,2017-07-24 19:50:00,2017-07-24 20:00:00,2017-07-24 20:50:00,val
3427,3427,3432,3433,3438,2017-07-24 19:10:00,2017-07-24 20:00:00,2017-07-24 20:10:00,2017-07-24 21:00:00,val
3428,3428,3433,3434,3439,2017-07-24 19:20:00,2017-07-24 20:10:00,2017-07-24 20:20:00,2017-07-24 21:10:00,val
3429,3429,3434,3435,3440,2017-07-24 19:30:00,2017-07-24 20:20:00,2017-07-24 20:30:00,2017-07-24 21:20:00,val
3430,3430,3435,3436,3441,2017-07-24 19:40:00,2017-07-24 20:30:00,2017-07-24 20:40:00,2017-07-24 21:30:00,val
3431,3431,3436,3437,3442,2017-07-24 19:50:00,2017-07-24 20:40:00,2017-07-24 20:50:00,2017-07-24 21:40:00,val
3432,3432,3437,3438,3443,2017-07-24 20:00:00,2017-07-24 20:50:00,2017-07-24 21:00:00,2017-07-24 21:50:00,val
3433,3433,3438,3439,3444,2017-07-24 20:10:00,2017-07-24 21:00:00,2017-07-24 21:10:00,2017-07-24 22:00:00,val
3434,3434,3439,3440,3445,2017-07-24 20:20:00,2017-07-24 21:10:00,2017-07-24 21:20:00,2017-07-24 22:10:00,val
3435,3435,3440,3441,3446,2017-07-24 20:30:00,2017-07-24 21:20:00,2017-07-24 21:30:00,2017-07-24 22:20:00,val
3436,3436,3441,3442,3447,2017-07-24 20:40:00,2017-07-24 21:30:00,2017-07-24 21:40:00,2017-07-24 22:30:00,val
3437,3437,3442,3443,3448,2017-07-24 20:50:00,2017-07-24 21:40:00,2017-07-24 21:50:00,2017-07-24 22:40:00,val
3438,3438,3443,3444,3449,2017-07-24 21:00:00,2017-07-24 21:50:00,2017-07-24 22:00:00,2017-07-24 22:50:00,val
3439,3439,3444,3445,3450,2017-07-24 21:10:00,2017-07-24 22:00:00,2017-07-24 22:10:00,2017-07-24 23:00:00,val
3440,3440,3445,3446,3451,2017-07-24 21:20:00,2017-07-24 22:10:00,2017-07-24 22:20:00,2017-07-24 23:10:00,val
3441,3441,3446,3447,3452,2017-07-24 21:30:00,2017-07-24 22:20:00,2017-07-24 22:30:00,2017-07-24 23:20:00,val
3442,3442,3447,3448,3453,2017-07-24 21:40:00,2017-07-24 22:30:00,2017-07-24 22:40:00,2017-07-24 23:30:00,val
3443,3443,3448,3449,3454,2017-07-24 21:50:00,2017-07-24 22:40:00,2017-07-24 22:50:00,2017-07-24 23:40:00,val
3444,3444,3449,3450,3455,2017-07-24 22:00:00,2017-07-24 22:50:00,2017-07-24 23:00:00,2017-07-24 23:50:00,val
3445,3445,3450,3451,3456,2017-07-24 22:10:00,2017-07-24 23:00:00,2017-07-24 23:10:00,2017-07-25 00:00:00,val
3446,3446,3451,3452,3457,2017-07-24 22:20:00,2017-07-24 23:10:00,2017-07-24 23:20:00,2017-07-25 00:10:00,val
3447,3447,3452,3453,3458,2017-07-24 22:30:00,2017-07-24 23:20:00,2017-07-24 23:30:00,2017-07-25 00:20:00,val
3448,3448,3453,3454,3459,2017-07-24 22:40:00,2017-07-24 23:30:00,2017-07-24 23:40:00,2017-07-25 00:30:00,val
3449,3449,3454,3455,3460,2017-07-24 22:50:00,2017-07-24 23:40:00,2017-07-24 23:50:00,2017-07-25 00:40:00,val
3450,3450,3455,3456,3461,2017-07-24 23:00:00,2017-07-24 23:50:00,2017-07-25 00:00:00,2017-07-25 00:50:00,val
3451,3451,3456,3457,3462,2017-07-24 23:10:00,2017-07-25 00:00:00,2017-07-25 00:10:00,2017-07-25 01:00:00,val
3452,3452,3457,3458,3463,2017-07-24 23:20:00,2017-07-25 00:10:00,2017-07-25 00:20:00,2017-07-25 01:10:00,val
3453,3453,3458,3459,3464,2017-07-24 23:30:00,2017-07-25 00:20:00,2017-07-25 00:30:00,2017-07-25 01:20:00,val
3454,3454,3459,3460,3465,2017-07-24 23:40:00,2017-07-25 00:30:00,2017-07-25 00:40:00,2017-07-25 01:30:00,val
3455,3455,3460,3461,3466,2017-07-24 23:50:00,2017-07-25 00:40:00,2017-07-25 00:50:00,2017-07-25 01:40:00,val
3456,3456,3461,3462,3467,2017-07-25 00:00:00,2017-07-25 00:50:00,2017-07-25 01:00:00,2017-07-25 01:50:00,val
3457,3457,3462,3463,3468,2017-07-25 00:10:00,2017-07-25 01:00:00,2017-07-25 01:10:00,2017-07-25 02:00:00,val
3458,3458,3463,3464,3469,2017-07-25 00:20:00,2017-07-25 01:10:00,2017-07-25 01:20:00,2017-07-25 02:10:00,val
3459,3459,3464,3465,3470,2017-07-25 00:30:00,2017-07-25 01:20:00,2017-07-25 01:30:00,2017-07-25 02:20:00,val
3460,3460,3465,3466,3471,2017-07-25 00:40:00,2017-07-25 01:30:00,2017-07-25 01:40:00,2017-07-25 02:30:00,val
3461,3461,3466,3467,3472,2017-07-25 00:50:00,2017-07-25 01:40:00,2017-07-25 01:50:00,2017-07-25 02:40:00,val
3462,3462,3467,3468,3473,2017-07-25 01:00:00,2017-07-25 01:50:00,2017-07-25 02:00:00,2017-07-25 02:50:00,val
3463,3463,3468,3469,3474,2017-07-25 01:10:00,2017-07-25 02:00:00,2017-07-25 02:10:00,2017-07-25 03:00:00,val
3464,3464,3469,3470,3475,2017-07-25 01:20:00,2017-07-25 02:10:00,2017-07-25 02:20:00,2017-07-25 03:10:00,val
3465,3465,3470,3471,3476,2017-07-25 01:30:00,2017-07-25 02:20:00,2017-07-25 02:30:00,2017-07-25 03:20:00,val
3466,3466,3471,3472,3477,2017-07-25 01:40:00,2017-07-25 02:30:00,2017-07-25 02:40:00,2017-07-25 03:30:00,val
3467,3467,3472,3473,3478,2017-07-25 01:50:00,2017-07-25 02:40:00,2017-07-25 02:50:00,2017-07-25 03:40:00,val
3468,3468,3473,3474,3479,2017-07-25 02:00:00,2017-07-25 02:50:00,2017-07-25 03:00:00,2017-07-25 03:50:00,val
3469,3469,3474,3475,3480,2017-07-25 02:10:00,2017-07-25 03:00:00,2017-07-25 03:10:00,2017-07-25 04:00:00,val
3470,3470,3475,3476,3481,2017-07-25 02:20:00,2017-07-25 03:10:00,2017-07-25 03:20:00,2017-07-25 04:10:00,val
3471,3471,3476,3477,3482,2017-07-25 02:30:00,2017-07-25 03:20:00,2017-07-25 03:30:00,2017-07-25 04:20:00,val
3472,3472,3477,3478,3483,2017-07-25 02:40:00,2017-07-25 03:30:00,2017-07-25 03:40:00,2017-07-25 04:30:00,val
3473,3473,3478,3479,3484,2017-07-25 02:50:00,2017-07-25 03:40:00,2017-07-25 03:50:00,2017-07-25 04:40:00,val
3474,3474,3479,3480,3485,2017-07-25 03:00:00,2017-07-25 03:50:00,2017-07-25 04:00:00,2017-07-25 04:50:00,val
3475,3475,3480,3481,3486,2017-07-25 03:10:00,2017-07-25 04:00:00,2017-07-25 04:10:00,2017-07-25 05:00:00,val
3476,3476,3481,3482,3487,2017-07-25 03:20:00,2017-07-25 04:10:00,2017-07-25 04:20:00,2017-07-25 05:10:00,val
3477,3477,3482,3483,3488,2017-07-25 03:30:00,2017-07-25 04:20:00,2017-07-25 04:30:00,2017-07-25 05:20:00,val
3478,3478,3483,3484,3489,2017-07-25 03:40:00,2017-07-25 04:30:00,2017-07-25 04:40:00,2017-07-25 05:30:00,val
3479,3479,3484,3485,3490,2017-07-25 03:50:00,2017-07-25 04:40:00,2017-07-25 04:50:00,2017-07-25 05:40:00,val
3480,3480,3485,3486,3491,2017-07-25 04:00:00,2017-07-25 04:50:00,2017-07-25 05:00:00,2017-07-25 05:50:00,val
3481,3481,3486,3487,3492,2017-07-25 04:10:00,2017-07-25 05:00:00,2017-07-25 05:10:00,2017-07-25 06:00:00,val
3482,3482,3487,3488,3493,2017-07-25 04:20:00,2017-07-25 05:10:00,2017-07-25 05:20:00,2017-07-25 06:10:00,val
3483,3483,3488,3489,3494,2017-07-25 04:30:00,2017-07-25 05:20:00,2017-07-25 05:30:00,2017-07-25 06:20:00,val
3484,3484,3489,3490,3495,2017-07-25 04:40:00,2017-07-25 05:30:00,2017-07-25 05:40:00,2017-07-25 06:30:00,val
3485,3485,3490,3491,3496,2017-07-25 04:50:00,2017-07-25 05:40:00,2017-07-25 05:50:00,2017-07-25 06:40:00,val
3486,3486,3491,3492,3497,2017-07-25 05:00:00,2017-07-25 05:50:00,2017-07-25 06:00:00,2017-07-25 06:50:00,val
3487,3487,3492,3493,3498,2017-07-25 05:10:00,2017-07-25 06:00:00,2017-07-25 06:10:00,2017-07-25 07:00:00,val
3488,3488,3493,3494,3499,2017-07-25 05:20:00,2017-07-25 06:10:00,2017-07-25 06:20:00,2017-07-25 07:10:00,val
3489,3489,3494,3495,3500,2017-07-25 05:30:00,2017-07-25 06:20:00,2017-07-25 06:30:00,2017-07-25 07:20:00,val
3490,3490,3495,3496,3501,2017-07-25 05:40:00,2017-07-25 06:30:00,2017-07-25 06:40:00,2017-07-25 07:30:00,val
3491,3491,3496,3497,3502,2017-07-25 05:50:00,2017-07-25 06:40:00,2017-07-25 06:50:00,2017-07-25 07:40:00,val
3492,3492,3497,3498,3503,2017-07-25 06:00:00,2017-07-25 06:50:00,2017-07-25 07:00:00,2017-07-25 07:50:00,val
3493,3493,3498,3499,3504,2017-07-25 06:10:00,2017-07-25 07:00:00,2017-07-25 07:10:00,2017-07-25 08:00:00,val
3494,3494,3499,3500,3505,2017-07-25 06:20:00,2017-07-25 07:10:00,2017-07-25 07:20:00,2017-07-25 08:10:00,val
3495,3495,3500,3501,3506,2017-07-25 06:30:00,2017-07-25 07:20:00,2017-07-25 07:30:00,2017-07-25 08:20:00,val
3496,3496,3501,3502,3507,2017-07-25 06:40:00,2017-07-25 07:30:00,2017-07-25 07:40:00,2017-07-25 08:30:00,val
3497,3497,3502,3503,3508,2017-07-25 06:50:00,2017-07-25 07:40:00,2017-07-25 07:50:00,2017-07-25 08:40:00,val
3498,3498,3503,3504,3509,2017-07-25 07:00:00,2017-07-25 07:50:00,2017-07-25 08:00:00,2017-07-25 08:50:00,val
3499,3499,3504,3505,3510,2017-07-25 07:10:00,2017-07-25 08:00:00,2017-07-25 08:10:00,2017-07-25 09:00:00,val
3500,3500,3505,3506,3511,2017-07-25 07:20:00,2017-07-25 08:10:00,2017-07-25 08:20:00,2017-07-25 09:10:00,val
3501,3501,3506,3507,3512,2017-07-25 07:30:00,2017-07-25 08:20:00,2017-07-25 08:30:00,2017-07-25 09:20:00,val
3502,3502,3507,3508,3513,2017-07-25 07:40:00,2017-07-25 08:30:00,2017-07-25 08:40:00,2017-07-25 09:30:00,val
3503,3503,3508,3509,3514,2017-07-25 07:50:00,2017-07-25 08:40:00,2017-07-25 08:50:00,2017-07-25 09:40:00,val
3504,3504,3509,3510,3515,2017-07-25 08:00:00,2017-07-25 08:50:00,2017-07-25 09:00:00,2017-07-25 09:50:00,val
3505,3505,3510,3511,3516,2017-07-25 08:10:00,2017-07-25 09:00:00,2017-07-25 09:10:00,2017-07-25 10:00:00,val
3506,3506,3511,3512,3517,2017-07-25 08:20:00,2017-07-25 09:10:00,2017-07-25 09:20:00,2017-07-25 10:10:00,val
3507,3507,3512,3513,3518,2017-07-25 08:30:00,2017-07-25 09:20:00,2017-07-25 09:30:00,2017-07-25 10:20:00,val
3508,3508,3513,3514,3519,2017-07-25 08:40:00,2017-07-25 09:30:00,2017-07-25 09:40:00,2017-07-25 10:30:00,val
3509,3509,3514,3515,3520,2017-07-25 08:50:00,2017-07-25 09:40:00,2017-07-25 09:50:00,2017-07-25 10:40:00,val
3510,3510,3515,3516,3521,2017-07-25 09:00:00,2017-07-25 09:50:00,2017-07-25 10:00:00,2017-07-25 10:50:00,val
3511,3511,3516,3517,3522,2017-07-25 09:10:00,2017-07-25 10:00:00,2017-07-25 10:10:00,2017-07-25 11:00:00,val
3512,3512,3517,3518,3523,2017-07-25 09:20:00,2017-07-25 10:10:00,2017-07-25 10:20:00,2017-07-25 11:10:00,val
3513,3513,3518,3519,3524,2017-07-25 09:30:00,2017-07-25 10:20:00,2017-07-25 10:30:00,2017-07-25 11:20:00,val
3514,3514,3519,3520,3525,2017-07-25 09:40:00,2017-07-25 10:30:00,2017-07-25 10:40:00,2017-07-25 11:30:00,val
3515,3515,3520,3521,3526,2017-07-25 09:50:00,2017-07-25 10:40:00,2017-07-25 10:50:00,2017-07-25 11:40:00,val
3516,3516,3521,3522,3527,2017-07-25 10:00:00,2017-07-25 10:50:00,2017-07-25 11:00:00,2017-07-25 11:50:00,val
3517,3517,3522,3523,3528,2017-07-25 10:10:00,2017-07-25 11:00:00,2017-07-25 11:10:00,2017-07-25 12:00:00,val
3518,3518,3523,3524,3529,2017-07-25 10:20:00,2017-07-25 11:10:00,2017-07-25 11:20:00,2017-07-25 12:10:00,val
3519,3519,3524,3525,3530,2017-07-25 10:30:00,2017-07-25 11:20:00,2017-07-25 11:30:00,2017-07-25 12:20:00,val
3520,3520,3525,3526,3531,2017-07-25 10:40:00,2017-07-25 11:30:00,2017-07-25 11:40:00,2017-07-25 12:30:00,val
3521,3521,3526,3527,3532,2017-07-25 10:50:00,2017-07-25 11:40:00,2017-07-25 11:50:00,2017-07-25 12:40:00,val
3522,3522,3527,3528,3533,2017-07-25 11:00:00,2017-07-25 11:50:00,2017-07-25 12:00:00,2017-07-25 12:50:00,val
3523,3523,3528,3529,3534,2017-07-25 11:10:00,2017-07-25 12:00:00,2017-07-25 12:10:00,2017-07-25 13:00:00,val
3524,3524,3529,3530,3535,2017-07-25 11:20:00,2017-07-25 12:10:00,2017-07-25 12:20:00,2017-07-25 13:10:00,val
3525,3525,3530,3531,3536,2017-07-25 11:30:00,2017-07-25 12:20:00,2017-07-25 12:30:00,2017-07-25 13:20:00,val
3526,3526,3531,3532,3537,2017-07-25 11:40:00,2017-07-25 12:30:00,2017-07-25 12:40:00,2017-07-25 13:30:00,val
3527,3527,3532,3533,3538,2017-07-25 11:50:00,2017-07-25 12:40:00,2017-07-25 12:50:00,2017-07-25 13:40:00,val
3528,3528,3533,3534,3539,2017-07-25 12:00:00,2017-07-25 12:50:00,2017-07-25 13:00:00,2017-07-25 13:50:00,val
3529,3529,3534,3535,3540,2017-07-25 12:10:00,2017-07-25 13:00:00,2017-07-25 13:10:00,2017-07-25 14:00:00,val
3530,3530,3535,3536,3541,2017-07-25 12:20:00,2017-07-25 13:10:00,2017-07-25 13:20:00,2017-07-25 14:10:00,val
3531,3531,3536,3537,3542,2017-07-25 12:30:00,2017-07-25 13:20:00,2017-07-25 13:30:00,2017-07-25 14:20:00,val
3532,3532,3537,3538,3543,2017-07-25 12:40:00,2017-07-25 13:30:00,2017-07-25 13:40:00,2017-07-25 14:30:00,val
3533,3533,3538,3539,3544,2017-07-25 12:50:00,2017-07-25 13:40:00,2017-07-25 13:50:00,2017-07-25 14:40:00,val
3534,3534,3539,3540,3545,2017-07-25 13:00:00,2017-07-25 13:50:00,2017-07-25 14:00:00,2017-07-25 14:50:00,val
3535,3535,3540,3541,3546,2017-07-25 13:10:00,2017-07-25 14:00:00,2017-07-25 14:10:00,2017-07-25 15:00:00,val
3536,3536,3541,3542,3547,2017-07-25 13:20:00,2017-07-25 14:10:00,2017-07-25 14:20:00,2017-07-25 15:10:00,val
3537,3537,3542,3543,3548,2017-07-25 13:30:00,2017-07-25 14:20:00,2017-07-25 14:30:00,2017-07-25 15:20:00,val
3538,3538,3543,3544,3549,2017-07-25 13:40:00,2017-07-25 14:30:00,2017-07-25 14:40:00,2017-07-25 15:30:00,val
3539,3539,3544,3545,3550,2017-07-25 13:50:00,2017-07-25 14:40:00,2017-07-25 14:50:00,2017-07-25 15:40:00,val
3540,3540,3545,3546,3551,2017-07-25 14:00:00,2017-07-25 14:50:00,2017-07-25 15:00:00,2017-07-25 15:50:00,val
3541,3541,3546,3547,3552,2017-07-25 14:10:00,2017-07-25 15:00:00,2017-07-25 15:10:00,2017-07-25 16:00:00,val
3542,3542,3547,3548,3553,2017-07-25 14:20:00,2017-07-25 15:10:00,2017-07-25 15:20:00,2017-07-25 16:10:00,val
3543,3543,3548,3549,3554,2017-07-25 14:30:00,2017-07-25 15:20:00,2017-07-25 15:30:00,2017-07-25 16:20:00,val
3544,3544,3549,3550,3555,2017-07-25 14:40:00,2017-07-25 15:30:00,2017-07-25 15:40:00,2017-07-25 16:30:00,val
3545,3545,3550,3551,3556,2017-07-25 14:50:00,2017-07-25 15:40:00,2017-07-25 15:50:00,2017-07-25 16:40:00,val
3546,3546,3551,3552,3557,2017-07-25 15:00:00,2017-07-25 15:50:00,2017-07-25 16:00:00,2017-07-25 16:50:00,val
3547,3547,3552,3553,3558,2017-07-25 15:10:00,2017-07-25 16:00:00,2017-07-25 16:10:00,2017-07-25 17:00:00,val
3548,3548,3553,3554,3559,2017-07-25 15:20:00,2017-07-25 16:10:00,2017-07-25 16:20:00,2017-07-25 17:10:00,val
3549,3549,3554,3555,3560,2017-07-25 15:30:00,2017-07-25 16:20:00,2017-07-25 16:30:00,2017-07-25 17:20:00,val
3550,3550,3555,3556,3561,2017-07-25 15:40:00,2017-07-25 16:30:00,2017-07-25 16:40:00,2017-07-25 17:30:00,val
3551,3551,3556,3557,3562,2017-07-25 15:50:00,2017-07-25 16:40:00,2017-07-25 16:50:00,2017-07-25 17:40:00,val
3552,3552,3557,3558,3563,2017-07-25 16:00:00,2017-07-25 16:50:00,2017-07-25 17:00:00,2017-07-25 17:50:00,val
3553,3553,3558,3559,3564,2017-07-25 16:10:00,2017-07-25 17:00:00,2017-07-25 17:10:00,2017-07-25 18:00:00,val
3554,3554,3559,3560,3565,2017-07-25 16:20:00,2017-07-25 17:10:00,2017-07-25 17:20:00,2017-07-25 18:10:00,val
3555,3555,3560,3561,3566,2017-07-25 16:30:00,2017-07-25 17:20:00,2017-07-25 17:30:00,2017-07-25 18:20:00,val
3556,3556,3561,3562,3567,2017-07-25 16:40:00,2017-07-25 17:30:00,2017-07-25 17:40:00,2017-07-25 18:30:00,val
3557,3557,3562,3563,3568,2017-07-25 16:50:00,2017-07-25 17:40:00,2017-07-25 17:50:00,2017-07-25 18:40:00,val
3558,3558,3563,3564,3569,2017-07-25 17:00:00,2017-07-25 17:50:00,2017-07-25 18:00:00,2017-07-25 18:50:00,val
3559,3559,3564,3565,3570,2017-07-25 17:10:00,2017-07-25 18:00:00,2017-07-25 18:10:00,2017-07-25 19:00:00,val
3560,3560,3565,3566,3571,2017-07-25 17:20:00,2017-07-25 18:10:00,2017-07-25 18:20:00,2017-07-25 19:10:00,val
3561,3561,3566,3567,3572,2017-07-25 17:30:00,2017-07-25 18:20:00,2017-07-25 18:30:00,2017-07-25 19:20:00,val
3562,3562,3567,3568,3573,2017-07-25 17:40:00,2017-07-25 18:30:00,2017-07-25 18:40:00,2017-07-25 19:30:00,val
3563,3563,3568,3569,3574,2017-07-25 17:50:00,2017-07-25 18:40:00,2017-07-25 18:50:00,2017-07-25 19:40:00,test
3564,3564,3569,3570,3575,2017-07-25 18:00:00,2017-07-25 18:50:00,2017-07-25 19:00:00,2017-07-25 19:50:00,test
3565,3565,3570,3571,3576,2017-07-25 18:10:00,2017-07-25 19:00:00,2017-07-25 19:10:00,2017-07-25 20:00:00,test
3566,3566,3571,3572,3577,2017-07-25 18:20:00,2017-07-25 19:10:00,2017-07-25 19:20:00,2017-07-25 20:10:00,test
3567,3567,3572,3573,3578,2017-07-25 18:30:00,2017-07-25 19:20:00,2017-07-25 19:30:00,2017-07-25 20:20:00,test
3568,3568,3573,3574,3579,2017-07-25 18:40:00,2017-07-25 19:30:00,2017-07-25 19:40:00,2017-07-25 20:30:00,test
3569,3569,3574,3575,3580,2017-07-25 18:50:00,2017-07-25 19:40:00,2017-07-25 19:50:00,2017-07-25 20:40:00,test
3570,3570,3575,3576,3581,2017-07-25 19:00:00,2017-07-25 19:50:00,2017-07-25 20:00:00,2017-07-25 20:50:00,test
3571,3571,3576,3577,3582,2017-07-25 19:10:00,2017-07-25 20:00:00,2017-07-25 20:10:00,2017-07-25 21:00:00,test
3572,3572,3577,3578,3583,2017-07-25 19:20:00,2017-07-25 20:10:00,2017-07-25 20:20:00,2017-07-25 21:10:00,test
3573,3573,3578,3579,3584,2017-07-25 19:30:00,2017-07-25 20:20:00,2017-07-25 20:30:00,2017-07-25 21:20:00,test
3574,3574,3579,3580,3585,2017-07-25 19:40:00,2017-07-25 20:30:00,2017-07-25 20:40:00,2017-07-25 21:30:00,test
3575,3575,3580,3581,3586,2017-07-25 19:50:00,2017-07-25 20:40:00,2017-07-25 20:50:00,2017-07-25 21:40:00,test
3576,3576,3581,3582,3587,2017-07-25 20:00:00,2017-07-25 20:50:00,2017-07-25 21:00:00,2017-07-25 21:50:00,test
3577,3577,3582,3583,3588,2017-07-25 20:10:00,2017-07-25 21:00:00,2017-07-25 21:10:00,2017-07-25 22:00:00,test
3578,3578,3583,3584,3589,2017-07-25 20:20:00,2017-07-25 21:10:00,2017-07-25 21:20:00,2017-07-25 22:10:00,test
3579,3579,3584,3585,3590,2017-07-25 20:30:00,2017-07-25 21:20:00,2017-07-25 21:30:00,2017-07-25 22:20:00,test
3580,3580,3585,3586,3591,2017-07-25 20:40:00,2017-07-25 21:30:00,2017-07-25 21:40:00,2017-07-25 22:30:00,test
3581,3581,3586,3587,3592,2017-07-25 20:50:00,2017-07-25 21:40:00,2017-07-25 21:50:00,2017-07-25 22:40:00,test
3582,3582,3587,3588,3593,2017-07-25 21:00:00,2017-07-25 21:50:00,2017-07-25 22:00:00,2017-07-25 22:50:00,test
3583,3583,3588,3589,3594,2017-07-25 21:10:00,2017-07-25 22:00:00,2017-07-25 22:10:00,2017-07-25 23:00:00,test
3584,3584,3589,3590,3595,2017-07-25 21:20:00,2017-07-25 22:10:00,2017-07-25 22:20:00,2017-07-25 23:10:00,test
3585,3585,3590,3591,3596,2017-07-25 21:30:00,2017-07-25 22:20:00,2017-07-25 22:30:00,2017-07-25 23:20:00,test
3586,3586,3591,3592,3597,2017-07-25 21:40:00,2017-07-25 22:30:00,2017-07-25 22:40:00,2017-07-25 23:30:00,test
3587,3587,3592,3593,3598,2017-07-25 21:50:00,2017-07-25 22:40:00,2017-07-25 22:50:00,2017-07-25 23:40:00,test
3588,3588,3593,3594,3599,2017-07-25 22:00:00,2017-07-25 22:50:00,2017-07-25 23:00:00,2017-07-25 23:50:00,test
3589,3589,3594,3595,3600,2017-07-25 22:10:00,2017-07-25 23:00:00,2017-07-25 23:10:00,2017-07-26 00:00:00,test
3590,3590,3595,3596,3601,2017-07-25 22:20:00,2017-07-25 23:10:00,2017-07-25 23:20:00,2017-07-26 00:10:00,test
3591,3591,3596,3597,3602,2017-07-25 22:30:00,2017-07-25 23:20:00,2017-07-25 23:30:00,2017-07-26 00:20:00,test
3592,3592,3597,3598,3603,2017-07-25 22:40:00,2017-07-25 23:30:00,2017-07-25 23:40:00,2017-07-26 00:30:00,test
3593,3593,3598,3599,3604,2017-07-25 22:50:00,2017-07-25 23:40:00,2017-07-25 23:50:00,2017-07-26 00:40:00,test
3594,3594,3599,3600,3605,2017-07-25 23:00:00,2017-07-25 23:50:00,2017-07-26 00:00:00,2017-07-26 00:50:00,test
3595,3595,3600,3601,3606,2017-07-25 23:10:00,2017-07-26 00:00:00,2017-07-26 00:10:00,2017-07-26 01:00:00,test
3596,3596,3601,3602,3607,2017-07-25 23:20:00,2017-07-26 00:10:00,2017-07-26 00:20:00,2017-07-26 01:10:00,test
3597,3597,3602,3603,3608,2017-07-25 23:30:00,2017-07-26 00:20:00,2017-07-26 00:30:00,2017-07-26 01:20:00,test
3598,3598,3603,3604,3609,2017-07-25 23:40:00,2017-07-26 00:30:00,2017-07-26 00:40:00,2017-07-26 01:30:00,test
3599,3599,3604,3605,3610,2017-07-25 23:50:00,2017-07-26 00:40:00,2017-07-26 00:50:00,2017-07-26 01:40:00,test
3600,3600,3605,3606,3611,2017-07-26 00:00:00,2017-07-26 00:50:00,2017-07-26 01:00:00,2017-07-26 01:50:00,test
3601,3601,3606,3607,3612,2017-07-26 00:10:00,2017-07-26 01:00:00,2017-07-26 01:10:00,2017-07-26 02:00:00,test
3602,3602,3607,3608,3613,2017-07-26 00:20:00,2017-07-26 01:10:00,2017-07-26 01:20:00,2017-07-26 02:10:00,test
3603,3603,3608,3609,3614,2017-07-26 00:30:00,2017-07-26 01:20:00,2017-07-26 01:30:00,2017-07-26 02:20:00,test
3604,3604,3609,3610,3615,2017-07-26 00:40:00,2017-07-26 01:30:00,2017-07-26 01:40:00,2017-07-26 02:30:00,test
3605,3605,3610,3611,3616,2017-07-26 00:50:00,2017-07-26 01:40:00,2017-07-26 01:50:00,2017-07-26 02:40:00,test
3606,3606,3611,3612,3617,2017-07-26 01:00:00,2017-07-26 01:50:00,2017-07-26 02:00:00,2017-07-26 02:50:00,test
3607,3607,3612,3613,3618,2017-07-26 01:10:00,2017-07-26 02:00:00,2017-07-26 02:10:00,2017-07-26 03:00:00,test
3608,3608,3613,3614,3619,2017-07-26 01:20:00,2017-07-26 02:10:00,2017-07-26 02:20:00,2017-07-26 03:10:00,test
3609,3609,3614,3615,3620,2017-07-26 01:30:00,2017-07-26 02:20:00,2017-07-26 02:30:00,2017-07-26 03:20:00,test
3610,3610,3615,3616,3621,2017-07-26 01:40:00,2017-07-26 02:30:00,2017-07-26 02:40:00,2017-07-26 03:30:00,test
3611,3611,3616,3617,3622,2017-07-26 01:50:00,2017-07-26 02:40:00,2017-07-26 02:50:00,2017-07-26 03:40:00,test
3612,3612,3617,3618,3623,2017-07-26 02:00:00,2017-07-26 02:50:00,2017-07-26 03:00:00,2017-07-26 03:50:00,test
3613,3613,3618,3619,3624,2017-07-26 02:10:00,2017-07-26 03:00:00,2017-07-26 03:10:00,2017-07-26 04:00:00,test
3614,3614,3619,3620,3625,2017-07-26 02:20:00,2017-07-26 03:10:00,2017-07-26 03:20:00,2017-07-26 04:10:00,test
3615,3615,3620,3621,3626,2017-07-26 02:30:00,2017-07-26 03:20:00,2017-07-26 03:30:00,2017-07-26 04:20:00,test
3616,3616,3621,3622,3627,2017-07-26 02:40:00,2017-07-26 03:30:00,2017-07-26 03:40:00,2017-07-26 04:30:00,test
3617,3617,3622,3623,3628,2017-07-26 02:50:00,2017-07-26 03:40:00,2017-07-26 03:50:00,2017-07-26 04:40:00,test
3618,3618,3623,3624,3629,2017-07-26 03:00:00,2017-07-26 03:50:00,2017-07-26 04:00:00,2017-07-26 04:50:00,test
3619,3619,3624,3625,3630,2017-07-26 03:10:00,2017-07-26 04:00:00,2017-07-26 04:10:00,2017-07-26 05:00:00,test
3620,3620,3625,3626,3631,2017-07-26 03:20:00,2017-07-26 04:10:00,2017-07-26 04:20:00,2017-07-26 05:10:00,test
3621,3621,3626,3627,3632,2017-07-26 03:30:00,2017-07-26 04:20:00,2017-07-26 04:30:00,2017-07-26 05:20:00,test
3622,3622,3627,3628,3633,2017-07-26 03:40:00,2017-07-26 04:30:00,2017-07-26 04:40:00,2017-07-26 05:30:00,test
3623,3623,3628,3629,3634,2017-07-26 03:50:00,2017-07-26 04:40:00,2017-07-26 04:50:00,2017-07-26 05:40:00,test
3624,3624,3629,3630,3635,2017-07-26 04:00:00,2017-07-26 04:50:00,2017-07-26 05:00:00,2017-07-26 05:50:00,test
3625,3625,3630,3631,3636,2017-07-26 04:10:00,2017-07-26 05:00:00,2017-07-26 05:10:00,2017-07-26 06:00:00,test
3626,3626,3631,3632,3637,2017-07-26 04:20:00,2017-07-26 05:10:00,2017-07-26 05:20:00,2017-07-26 06:10:00,test
3627,3627,3632,3633,3638,2017-07-26 04:30:00,2017-07-26 05:20:00,2017-07-26 05:30:00,2017-07-26 06:20:00,test
3628,3628,3633,3634,3639,2017-07-26 04:40:00,2017-07-26 05:30:00,2017-07-26 05:40:00,2017-07-26 06:30:00,test
3629,3629,3634,3635,3640,2017-07-26 04:50:00,2017-07-26 05:40:00,2017-07-26 05:50:00,2017-07-26 06:40:00,test
3630,3630,3635,3636,3641,2017-07-26 05:00:00,2017-07-26 05:50:00,2017-07-26 06:00:00,2017-07-26 06:50:00,test
3631,3631,3636,3637,3642,2017-07-26 05:10:00,2017-07-26 06:00:00,2017-07-26 06:10:00,2017-07-26 07:00:00,test
3632,3632,3637,3638,3643,2017-07-26 05:20:00,2017-07-26 06:10:00,2017-07-26 06:20:00,2017-07-26 07:10:00,test
3633,3633,3638,3639,3644,2017-07-26 05:30:00,2017-07-26 06:20:00,2017-07-26 06:30:00,2017-07-26 07:20:00,test
3634,3634,3639,3640,3645,2017-07-26 05:40:00,2017-07-26 06:30:00,2017-07-26 06:40:00,2017-07-26 07:30:00,test
3635,3635,3640,3641,3646,2017-07-26 05:50:00,2017-07-26 06:40:00,2017-07-26 06:50:00,2017-07-26 07:40:00,test
3636,3636,3641,3642,3647,2017-07-26 06:00:00,2017-07-26 06:50:00,2017-07-26 07:00:00,2017-07-26 07:50:00,test
3637,3637,3642,3643,3648,2017-07-26 06:10:00,2017-07-26 07:00:00,2017-07-26 07:10:00,2017-07-26 08:00:00,test
3638,3638,3643,3644,3649,2017-07-26 06:20:00,2017-07-26 07:10:00,2017-07-26 07:20:00,2017-07-26 08:10:00,test
3639,3639,3644,3645,3650,2017-07-26 06:30:00,2017-07-26 07:20:00,2017-07-26 07:30:00,2017-07-26 08:20:00,test
3640,3640,3645,3646,3651,2017-07-26 06:40:00,2017-07-26 07:30:00,2017-07-26 07:40:00,2017-07-26 08:30:00,test
3641,3641,3646,3647,3652,2017-07-26 06:50:00,2017-07-26 07:40:00,2017-07-26 07:50:00,2017-07-26 08:40:00,test
3642,3642,3647,3648,3653,2017-07-26 07:00:00,2017-07-26 07:50:00,2017-07-26 08:00:00,2017-07-26 08:50:00,test
3643,3643,3648,3649,3654,2017-07-26 07:10:00,2017-07-26 08:00:00,2017-07-26 08:10:00,2017-07-26 09:00:00,test
3644,3644,3649,3650,3655,2017-07-26 07:20:00,2017-07-26 08:10:00,2017-07-26 08:20:00,2017-07-26 09:10:00,test
3645,3645,3650,3651,3656,2017-07-26 07:30:00,2017-07-26 08:20:00,2017-07-26 08:30:00,2017-07-26 09:20:00,test
3646,3646,3651,3652,3657,2017-07-26 07:40:00,2017-07-26 08:30:00,2017-07-26 08:40:00,2017-07-26 09:30:00,test
3647,3647,3652,3653,3658,2017-07-26 07:50:00,2017-07-26 08:40:00,2017-07-26 08:50:00,2017-07-26 09:40:00,test
3648,3648,3653,3654,3659,2017-07-26 08:00:00,2017-07-26 08:50:00,2017-07-26 09:00:00,2017-07-26 09:50:00,test
3649,3649,3654,3655,3660,2017-07-26 08:10:00,2017-07-26 09:00:00,2017-07-26 09:10:00,2017-07-26 10:00:00,test
3650,3650,3655,3656,3661,2017-07-26 08:20:00,2017-07-26 09:10:00,2017-07-26 09:20:00,2017-07-26 10:10:00,test
3651,3651,3656,3657,3662,2017-07-26 08:30:00,2017-07-26 09:20:00,2017-07-26 09:30:00,2017-07-26 10:20:00,test
3652,3652,3657,3658,3663,2017-07-26 08:40:00,2017-07-26 09:30:00,2017-07-26 09:40:00,2017-07-26 10:30:00,test
3653,3653,3658,3659,3664,2017-07-26 08:50:00,2017-07-26 09:40:00,2017-07-26 09:50:00,2017-07-26 10:40:00,test
3654,3654,3659,3660,3665,2017-07-26 09:00:00,2017-07-26 09:50:00,2017-07-26 10:00:00,2017-07-26 10:50:00,test
3655,3655,3660,3661,3666,2017-07-26 09:10:00,2017-07-26 10:00:00,2017-07-26 10:10:00,2017-07-26 11:00:00,test
3656,3656,3661,3662,3667,2017-07-26 09:20:00,2017-07-26 10:10:00,2017-07-26 10:20:00,2017-07-26 11:10:00,test
3657,3657,3662,3663,3668,2017-07-26 09:30:00,2017-07-26 10:20:00,2017-07-26 10:30:00,2017-07-26 11:20:00,test
3658,3658,3663,3664,3669,2017-07-26 09:40:00,2017-07-26 10:30:00,2017-07-26 10:40:00,2017-07-26 11:30:00,test
3659,3659,3664,3665,3670,2017-07-26 09:50:00,2017-07-26 10:40:00,2017-07-26 10:50:00,2017-07-26 11:40:00,test
3660,3660,3665,3666,3671,2017-07-26 10:00:00,2017-07-26 10:50:00,2017-07-26 11:00:00,2017-07-26 11:50:00,test
3661,3661,3666,3667,3672,2017-07-26 10:10:00,2017-07-26 11:00:00,2017-07-26 11:10:00,2017-07-26 12:00:00,test
3662,3662,3667,3668,3673,2017-07-26 10:20:00,2017-07-26 11:10:00,2017-07-26 11:20:00,2017-07-26 12:10:00,test
3663,3663,3668,3669,3674,2017-07-26 10:30:00,2017-07-26 11:20:00,2017-07-26 11:30:00,2017-07-26 12:20:00,test
3664,3664,3669,3670,3675,2017-07-26 10:40:00,2017-07-26 11:30:00,2017-07-26 11:40:00,2017-07-26 12:30:00,test
3665,3665,3670,3671,3676,2017-07-26 10:50:00,2017-07-26 11:40:00,2017-07-26 11:50:00,2017-07-26 12:40:00,test
3666,3666,3671,3672,3677,2017-07-26 11:00:00,2017-07-26 11:50:00,2017-07-26 12:00:00,2017-07-26 12:50:00,test
3667,3667,3672,3673,3678,2017-07-26 11:10:00,2017-07-26 12:00:00,2017-07-26 12:10:00,2017-07-26 13:00:00,test
3668,3668,3673,3674,3679,2017-07-26 11:20:00,2017-07-26 12:10:00,2017-07-26 12:20:00,2017-07-26 13:10:00,test
3669,3669,3674,3675,3680,2017-07-26 11:30:00,2017-07-26 12:20:00,2017-07-26 12:30:00,2017-07-26 13:20:00,test
3670,3670,3675,3676,3681,2017-07-26 11:40:00,2017-07-26 12:30:00,2017-07-26 12:40:00,2017-07-26 13:30:00,test
3671,3671,3676,3677,3682,2017-07-26 11:50:00,2017-07-26 12:40:00,2017-07-26 12:50:00,2017-07-26 13:40:00,test
3672,3672,3677,3678,3683,2017-07-26 12:00:00,2017-07-26 12:50:00,2017-07-26 13:00:00,2017-07-26 13:50:00,test
3673,3673,3678,3679,3684,2017-07-26 12:10:00,2017-07-26 13:00:00,2017-07-26 13:10:00,2017-07-26 14:00:00,test
3674,3674,3679,3680,3685,2017-07-26 12:20:00,2017-07-26 13:10:00,2017-07-26 13:20:00,2017-07-26 14:10:00,test
3675,3675,3680,3681,3686,2017-07-26 12:30:00,2017-07-26 13:20:00,2017-07-26 13:30:00,2017-07-26 14:20:00,test
3676,3676,3681,3682,3687,2017-07-26 12:40:00,2017-07-26 13:30:00,2017-07-26 13:40:00,2017-07-26 14:30:00,test
3677,3677,3682,3683,3688,2017-07-26 12:50:00,2017-07-26 13:40:00,2017-07-26 13:50:00,2017-07-26 14:40:00,test
3678,3678,3683,3684,3689,2017-07-26 13:00:00,2017-07-26 13:50:00,2017-07-26 14:00:00,2017-07-26 14:50:00,test
3679,3679,3684,3685,3690,2017-07-26 13:10:00,2017-07-26 14:00:00,2017-07-26 14:10:00,2017-07-26 15:00:00,test
3680,3680,3685,3686,3691,2017-07-26 13:20:00,2017-07-26 14:10:00,2017-07-26 14:20:00,2017-07-26 15:10:00,test
3681,3681,3686,3687,3692,2017-07-26 13:30:00,2017-07-26 14:20:00,2017-07-26 14:30:00,2017-07-26 15:20:00,test
3682,3682,3687,3688,3693,2017-07-26 13:40:00,2017-07-26 14:30:00,2017-07-26 14:40:00,2017-07-26 15:30:00,test
3683,3683,3688,3689,3694,2017-07-26 13:50:00,2017-07-26 14:40:00,2017-07-26 14:50:00,2017-07-26 15:40:00,test
3684,3684,3689,3690,3695,2017-07-26 14:00:00,2017-07-26 14:50:00,2017-07-26 15:00:00,2017-07-26 15:50:00,test
3685,3685,3690,3691,3696,2017-07-26 14:10:00,2017-07-26 15:00:00,2017-07-26 15:10:00,2017-07-26 16:00:00,test
3686,3686,3691,3692,3697,2017-07-26 14:20:00,2017-07-26 15:10:00,2017-07-26 15:20:00,2017-07-26 16:10:00,test
3687,3687,3692,3693,3698,2017-07-26 14:30:00,2017-07-26 15:20:00,2017-07-26 15:30:00,2017-07-26 16:20:00,test
3688,3688,3693,3694,3699,2017-07-26 14:40:00,2017-07-26 15:30:00,2017-07-26 15:40:00,2017-07-26 16:30:00,test
3689,3689,3694,3695,3700,2017-07-26 14:50:00,2017-07-26 15:40:00,2017-07-26 15:50:00,2017-07-26 16:40:00,test
3690,3690,3695,3696,3701,2017-07-26 15:00:00,2017-07-26 15:50:00,2017-07-26 16:00:00,2017-07-26 16:50:00,test
3691,3691,3696,3697,3702,2017-07-26 15:10:00,2017-07-26 16:00:00,2017-07-26 16:10:00,2017-07-26 17:00:00,test
3692,3692,3697,3698,3703,2017-07-26 15:20:00,2017-07-26 16:10:00,2017-07-26 16:20:00,2017-07-26 17:10:00,test
3693,3693,3698,3699,3704,2017-07-26 15:30:00,2017-07-26 16:20:00,2017-07-26 16:30:00,2017-07-26 17:20:00,test
3694,3694,3699,3700,3705,2017-07-26 15:40:00,2017-07-26 16:30:00,2017-07-26 16:40:00,2017-07-26 17:30:00,test
3695,3695,3700,3701,3706,2017-07-26 15:50:00,2017-07-26 16:40:00,2017-07-26 16:50:00,2017-07-26 17:40:00,test
3696,3696,3701,3702,3707,2017-07-26 16:00:00,2017-07-26 16:50:00,2017-07-26 17:00:00,2017-07-26 17:50:00,test
3697,3697,3702,3703,3708,2017-07-26 16:10:00,2017-07-26 17:00:00,2017-07-26 17:10:00,2017-07-26 18:00:00,test
3698,3698,3703,3704,3709,2017-07-26 16:20:00,2017-07-26 17:10:00,2017-07-26 17:20:00,2017-07-26 18:10:00,test
3699,3699,3704,3705,3710,2017-07-26 16:30:00,2017-07-26 17:20:00,2017-07-26 17:30:00,2017-07-26 18:20:00,test
3700,3700,3705,3706,3711,2017-07-26 16:40:00,2017-07-26 17:30:00,2017-07-26 17:40:00,2017-07-26 18:30:00,test
3701,3701,3706,3707,3712,2017-07-26 16:50:00,2017-07-26 17:40:00,2017-07-26 17:50:00,2017-07-26 18:40:00,test
3702,3702,3707,3708,3713,2017-07-26 17:00:00,2017-07-26 17:50:00,2017-07-26 18:00:00,2017-07-26 18:50:00,test
3703,3703,3708,3709,3714,2017-07-26 17:10:00,2017-07-26 18:00:00,2017-07-26 18:10:00,2017-07-26 19:00:00,test
3704,3704,3709,3710,3715,2017-07-26 17:20:00,2017-07-26 18:10:00,2017-07-26 18:20:00,2017-07-26 19:10:00,test
3705,3705,3710,3711,3716,2017-07-26 17:30:00,2017-07-26 18:20:00,2017-07-26 18:30:00,2017-07-26 19:20:00,test
3706,3706,3711,3712,3717,2017-07-26 17:40:00,2017-07-26 18:30:00,2017-07-26 18:40:00,2017-07-26 19:30:00,test
3707,3707,3712,3713,3718,2017-07-26 17:50:00,2017-07-26 18:40:00,2017-07-26 18:50:00,2017-07-26 19:40:00,test
3708,3708,3713,3714,3719,2017-07-26 18:00:00,2017-07-26 18:50:00,2017-07-26 19:00:00,2017-07-26 19:50:00,test
3709,3709,3714,3715,3720,2017-07-26 18:10:00,2017-07-26 19:00:00,2017-07-26 19:10:00,2017-07-26 20:00:00,test
3710,3710,3715,3716,3721,2017-07-26 18:20:00,2017-07-26 19:10:00,2017-07-26 19:20:00,2017-07-26 20:10:00,test
3711,3711,3716,3717,3722,2017-07-26 18:30:00,2017-07-26 19:20:00,2017-07-26 19:30:00,2017-07-26 20:20:00,test
3712,3712,3717,3718,3723,2017-07-26 18:40:00,2017-07-26 19:30:00,2017-07-26 19:40:00,2017-07-26 20:30:00,test
3713,3713,3718,3719,3724,2017-07-26 18:50:00,2017-07-26 19:40:00,2017-07-26 19:50:00,2017-07-26 20:40:00,test
3714,3714,3719,3720,3725,2017-07-26 19:00:00,2017-07-26 19:50:00,2017-07-26 20:00:00,2017-07-26 20:50:00,test
3715,3715,3720,3721,3726,2017-07-26 19:10:00,2017-07-26 20:00:00,2017-07-26 20:10:00,2017-07-26 21:00:00,test
3716,3716,3721,3722,3727,2017-07-26 19:20:00,2017-07-26 20:10:00,2017-07-26 20:20:00,2017-07-26 21:10:00,test
3717,3717,3722,3723,3728,2017-07-26 19:30:00,2017-07-26 20:20:00,2017-07-26 20:30:00,2017-07-26 21:20:00,test
3718,3718,3723,3724,3729,2017-07-26 19:40:00,2017-07-26 20:30:00,2017-07-26 20:40:00,2017-07-26 21:30:00,test
3719,3719,3724,3725,3730,2017-07-26 19:50:00,2017-07-26 20:40:00,2017-07-26 20:50:00,2017-07-26 21:40:00,test
3720,3720,3725,3726,3731,2017-07-26 20:00:00,2017-07-26 20:50:00,2017-07-26 21:00:00,2017-07-26 21:50:00,test
3721,3721,3726,3727,3732,2017-07-26 20:10:00,2017-07-26 21:00:00,2017-07-26 21:10:00,2017-07-26 22:00:00,test
3722,3722,3727,3728,3733,2017-07-26 20:20:00,2017-07-26 21:10:00,2017-07-26 21:20:00,2017-07-26 22:10:00,test
3723,3723,3728,3729,3734,2017-07-26 20:30:00,2017-07-26 21:20:00,2017-07-26 21:30:00,2017-07-26 22:20:00,test
3724,3724,3729,3730,3735,2017-07-26 20:40:00,2017-07-26 21:30:00,2017-07-26 21:40:00,2017-07-26 22:30:00,test
3725,3725,3730,3731,3736,2017-07-26 20:50:00,2017-07-26 21:40:00,2017-07-26 21:50:00,2017-07-26 22:40:00,test
3726,3726,3731,3732,3737,2017-07-26 21:00:00,2017-07-26 21:50:00,2017-07-26 22:00:00,2017-07-26 22:50:00,test
3727,3727,3732,3733,3738,2017-07-26 21:10:00,2017-07-26 22:00:00,2017-07-26 22:10:00,2017-07-26 23:00:00,test
3728,3728,3733,3734,3739,2017-07-26 21:20:00,2017-07-26 22:10:00,2017-07-26 22:20:00,2017-07-26 23:10:00,test
3729,3729,3734,3735,3740,2017-07-26 21:30:00,2017-07-26 22:20:00,2017-07-26 22:30:00,2017-07-26 23:20:00,test
3730,3730,3735,3736,3741,2017-07-26 21:40:00,2017-07-26 22:30:00,2017-07-26 22:40:00,2017-07-26 23:30:00,test
3731,3731,3736,3737,3742,2017-07-26 21:50:00,2017-07-26 22:40:00,2017-07-26 22:50:00,2017-07-26 23:40:00,test
3732,3732,3737,3738,3743,2017-07-26 22:00:00,2017-07-26 22:50:00,2017-07-26 23:00:00,2017-07-26 23:50:00,test
3733,3733,3738,3739,3744,2017-07-26 22:10:00,2017-07-26 23:00:00,2017-07-26 23:10:00,2017-07-27 00:00:00,test
3734,3734,3739,3740,3745,2017-07-26 22:20:00,2017-07-26 23:10:00,2017-07-26 23:20:00,2017-07-27 00:10:00,test
3735,3735,3740,3741,3746,2017-07-26 22:30:00,2017-07-26 23:20:00,2017-07-26 23:30:00,2017-07-27 00:20:00,test
3736,3736,3741,3742,3747,2017-07-26 22:40:00,2017-07-26 23:30:00,2017-07-26 23:40:00,2017-07-27 00:30:00,test
3737,3737,3742,3743,3748,2017-07-26 22:50:00,2017-07-26 23:40:00,2017-07-26 23:50:00,2017-07-27 00:40:00,test
3738,3738,3743,3744,3749,2017-07-26 23:00:00,2017-07-26 23:50:00,2017-07-27 00:00:00,2017-07-27 00:50:00,test
3739,3739,3744,3745,3750,2017-07-26 23:10:00,2017-07-27 00:00:00,2017-07-27 00:10:00,2017-07-27 01:00:00,test
3740,3740,3745,3746,3751,2017-07-26 23:20:00,2017-07-27 00:10:00,2017-07-27 00:20:00,2017-07-27 01:10:00,test
3741,3741,3746,3747,3752,2017-07-26 23:30:00,2017-07-27 00:20:00,2017-07-27 00:30:00,2017-07-27 01:20:00,test
3742,3742,3747,3748,3753,2017-07-26 23:40:00,2017-07-27 00:30:00,2017-07-27 00:40:00,2017-07-27 01:30:00,test
3743,3743,3748,3749,3754,2017-07-26 23:50:00,2017-07-27 00:40:00,2017-07-27 00:50:00,2017-07-27 01:40:00,test
3744,3744,3749,3750,3755,2017-07-27 00:00:00,2017-07-27 00:50:00,2017-07-27 01:00:00,2017-07-27 01:50:00,test
3745,3745,3750,3751,3756,2017-07-27 00:10:00,2017-07-27 01:00:00,2017-07-27 01:10:00,2017-07-27 02:00:00,test
3746,3746,3751,3752,3757,2017-07-27 00:20:00,2017-07-27 01:10:00,2017-07-27 01:20:00,2017-07-27 02:10:00,test
3747,3747,3752,3753,3758,2017-07-27 00:30:00,2017-07-27 01:20:00,2017-07-27 01:30:00,2017-07-27 02:20:00,test
3748,3748,3753,3754,3759,2017-07-27 00:40:00,2017-07-27 01:30:00,2017-07-27 01:40:00,2017-07-27 02:30:00,test
3749,3749,3754,3755,3760,2017-07-27 00:50:00,2017-07-27 01:40:00,2017-07-27 01:50:00,2017-07-27 02:40:00,test
3750,3750,3755,3756,3761,2017-07-27 01:00:00,2017-07-27 01:50:00,2017-07-27 02:00:00,2017-07-27 02:50:00,test
3751,3751,3756,3757,3762,2017-07-27 01:10:00,2017-07-27 02:00:00,2017-07-27 02:10:00,2017-07-27 03:00:00,test
3752,3752,3757,3758,3763,2017-07-27 01:20:00,2017-07-27 02:10:00,2017-07-27 02:20:00,2017-07-27 03:10:00,test
3753,3753,3758,3759,3764,2017-07-27 01:30:00,2017-07-27 02:20:00,2017-07-27 02:30:00,2017-07-27 03:20:00,test
3754,3754,3759,3760,3765,2017-07-27 01:40:00,2017-07-27 02:30:00,2017-07-27 02:40:00,2017-07-27 03:30:00,test
3755,3755,3760,3761,3766,2017-07-27 01:50:00,2017-07-27 02:40:00,2017-07-27 02:50:00,2017-07-27 03:40:00,test
3756,3756,3761,3762,3767,2017-07-27 02:00:00,2017-07-27 02:50:00,2017-07-27 03:00:00,2017-07-27 03:50:00,test
3757,3757,3762,3763,3768,2017-07-27 02:10:00,2017-07-27 03:00:00,2017-07-27 03:10:00,2017-07-27 04:00:00,test
3758,3758,3763,3764,3769,2017-07-27 02:20:00,2017-07-27 03:10:00,2017-07-27 03:20:00,2017-07-27 04:10:00,test
3759,3759,3764,3765,3770,2017-07-27 02:30:00,2017-07-27 03:20:00,2017-07-27 03:30:00,2017-07-27 04:20:00,test
3760,3760,3765,3766,3771,2017-07-27 02:40:00,2017-07-27 03:30:00,2017-07-27 03:40:00,2017-07-27 04:30:00,test
3761,3761,3766,3767,3772,2017-07-27 02:50:00,2017-07-27 03:40:00,2017-07-27 03:50:00,2017-07-27 04:40:00,test
3762,3762,3767,3768,3773,2017-07-27 03:00:00,2017-07-27 03:50:00,2017-07-27 04:00:00,2017-07-27 04:50:00,test
3763,3763,3768,3769,3774,2017-07-27 03:10:00,2017-07-27 04:00:00,2017-07-27 04:10:00,2017-07-27 05:00:00,test
3764,3764,3769,3770,3775,2017-07-27 03:20:00,2017-07-27 04:10:00,2017-07-27 04:20:00,2017-07-27 05:10:00,test
3765,3765,3770,3771,3776,2017-07-27 03:30:00,2017-07-27 04:20:00,2017-07-27 04:30:00,2017-07-27 05:20:00,test
3766,3766,3771,3772,3777,2017-07-27 03:40:00,2017-07-27 04:30:00,2017-07-27 04:40:00,2017-07-27 05:30:00,test
3767,3767,3772,3773,3778,2017-07-27 03:50:00,2017-07-27 04:40:00,2017-07-27 04:50:00,2017-07-27 05:40:00,test
3768,3768,3773,3774,3779,2017-07-27 04:00:00,2017-07-27 04:50:00,2017-07-27 05:00:00,2017-07-27 05:50:00,test
3769,3769,3774,3775,3780,2017-07-27 04:10:00,2017-07-27 05:00:00,2017-07-27 05:10:00,2017-07-27 06:00:00,test
3770,3770,3775,3776,3781,2017-07-27 04:20:00,2017-07-27 05:10:00,2017-07-27 05:20:00,2017-07-27 06:10:00,test
3771,3771,3776,3777,3782,2017-07-27 04:30:00,2017-07-27 05:20:00,2017-07-27 05:30:00,2017-07-27 06:20:00,test
3772,3772,3777,3778,3783,2017-07-27 04:40:00,2017-07-27 05:30:00,2017-07-27 05:40:00,2017-07-27 06:30:00,test
3773,3773,3778,3779,3784,2017-07-27 04:50:00,2017-07-27 05:40:00,2017-07-27 05:50:00,2017-07-27 06:40:00,test
3774,3774,3779,3780,3785,2017-07-27 05:00:00,2017-07-27 05:50:00,2017-07-27 06:00:00,2017-07-27 06:50:00,test
3775,3775,3780,3781,3786,2017-07-27 05:10:00,2017-07-27 06:00:00,2017-07-27 06:10:00,2017-07-27 07:00:00,test
3776,3776,3781,3782,3787,2017-07-27 05:20:00,2017-07-27 06:10:00,2017-07-27 06:20:00,2017-07-27 07:10:00,test
3777,3777,3782,3783,3788,2017-07-27 05:30:00,2017-07-27 06:20:00,2017-07-27 06:30:00,2017-07-27 07:20:00,test
3778,3778,3783,3784,3789,2017-07-27 05:40:00,2017-07-27 06:30:00,2017-07-27 06:40:00,2017-07-27 07:30:00,test
3779,3779,3784,3785,3790,2017-07-27 05:50:00,2017-07-27 06:40:00,2017-07-27 06:50:00,2017-07-27 07:40:00,test
3780,3780,3785,3786,3791,2017-07-27 06:00:00,2017-07-27 06:50:00,2017-07-27 07:00:00,2017-07-27 07:50:00,test
3781,3781,3786,3787,3792,2017-07-27 06:10:00,2017-07-27 07:00:00,2017-07-27 07:10:00,2017-07-27 08:00:00,test
3782,3782,3787,3788,3793,2017-07-27 06:20:00,2017-07-27 07:10:00,2017-07-27 07:20:00,2017-07-27 08:10:00,test
3783,3783,3788,3789,3794,2017-07-27 06:30:00,2017-07-27 07:20:00,2017-07-27 07:30:00,2017-07-27 08:20:00,test
3784,3784,3789,3790,3795,2017-07-27 06:40:00,2017-07-27 07:30:00,2017-07-27 07:40:00,2017-07-27 08:30:00,test
3785,3785,3790,3791,3796,2017-07-27 06:50:00,2017-07-27 07:40:00,2017-07-27 07:50:00,2017-07-27 08:40:00,test
3786,3786,3791,3792,3797,2017-07-27 07:00:00,2017-07-27 07:50:00,2017-07-27 08:00:00,2017-07-27 08:50:00,test
3787,3787,3792,3793,3798,2017-07-27 07:10:00,2017-07-27 08:00:00,2017-07-27 08:10:00,2017-07-27 09:00:00,test
3788,3788,3793,3794,3799,2017-07-27 07:20:00,2017-07-27 08:10:00,2017-07-27 08:20:00,2017-07-27 09:10:00,test
3789,3789,3794,3795,3800,2017-07-27 07:30:00,2017-07-27 08:20:00,2017-07-27 08:30:00,2017-07-27 09:20:00,test
3790,3790,3795,3796,3801,2017-07-27 07:40:00,2017-07-27 08:30:00,2017-07-27 08:40:00,2017-07-27 09:30:00,test
3791,3791,3796,3797,3802,2017-07-27 07:50:00,2017-07-27 08:40:00,2017-07-27 08:50:00,2017-07-27 09:40:00,test
3792,3792,3797,3798,3803,2017-07-27 08:00:00,2017-07-27 08:50:00,2017-07-27 09:00:00,2017-07-27 09:50:00,test
3793,3793,3798,3799,3804,2017-07-27 08:10:00,2017-07-27 09:00:00,2017-07-27 09:10:00,2017-07-27 10:00:00,test
3794,3794,3799,3800,3805,2017-07-27 08:20:00,2017-07-27 09:10:00,2017-07-27 09:20:00,2017-07-27 10:10:00,test
3795,3795,3800,3801,3806,2017-07-27 08:30:00,2017-07-27 09:20:00,2017-07-27 09:30:00,2017-07-27 10:20:00,test
3796,3796,3801,3802,3807,2017-07-27 08:40:00,2017-07-27 09:30:00,2017-07-27 09:40:00,2017-07-27 10:30:00,test
3797,3797,3802,3803,3808,2017-07-27 08:50:00,2017-07-27 09:40:00,2017-07-27 09:50:00,2017-07-27 10:40:00,test
3798,3798,3803,3804,3809,2017-07-27 09:00:00,2017-07-27 09:50:00,2017-07-27 10:00:00,2017-07-27 10:50:00,test
3799,3799,3804,3805,3810,2017-07-27 09:10:00,2017-07-27 10:00:00,2017-07-27 10:10:00,2017-07-27 11:00:00,test
3800,3800,3805,3806,3811,2017-07-27 09:20:00,2017-07-27 10:10:00,2017-07-27 10:20:00,2017-07-27 11:10:00,test
3801,3801,3806,3807,3812,2017-07-27 09:30:00,2017-07-27 10:20:00,2017-07-27 10:30:00,2017-07-27 11:20:00,test
3802,3802,3807,3808,3813,2017-07-27 09:40:00,2017-07-27 10:30:00,2017-07-27 10:40:00,2017-07-27 11:30:00,test
3803,3803,3808,3809,3814,2017-07-27 09:50:00,2017-07-27 10:40:00,2017-07-27 10:50:00,2017-07-27 11:40:00,test
3804,3804,3809,3810,3815,2017-07-27 10:00:00,2017-07-27 10:50:00,2017-07-27 11:00:00,2017-07-27 11:50:00,test
3805,3805,3810,3811,3816,2017-07-27 10:10:00,2017-07-27 11:00:00,2017-07-27 11:10:00,2017-07-27 12:00:00,test
3806,3806,3811,3812,3817,2017-07-27 10:20:00,2017-07-27 11:10:00,2017-07-27 11:20:00,2017-07-27 12:10:00,test
3807,3807,3812,3813,3818,2017-07-27 10:30:00,2017-07-27 11:20:00,2017-07-27 11:30:00,2017-07-27 12:20:00,test
3808,3808,3813,3814,3819,2017-07-27 10:40:00,2017-07-27 11:30:00,2017-07-27 11:40:00,2017-07-27 12:30:00,test
3809,3809,3814,3815,3820,2017-07-27 10:50:00,2017-07-27 11:40:00,2017-07-27 11:50:00,2017-07-27 12:40:00,test
3810,3810,3815,3816,3821,2017-07-27 11:00:00,2017-07-27 11:50:00,2017-07-27 12:00:00,2017-07-27 12:50:00,test
3811,3811,3816,3817,3822,2017-07-27 11:10:00,2017-07-27 12:00:00,2017-07-27 12:10:00,2017-07-27 13:00:00,test
3812,3812,3817,3818,3823,2017-07-27 11:20:00,2017-07-27 12:10:00,2017-07-27 12:20:00,2017-07-27 13:10:00,test
3813,3813,3818,3819,3824,2017-07-27 11:30:00,2017-07-27 12:20:00,2017-07-27 12:30:00,2017-07-27 13:20:00,test
3814,3814,3819,3820,3825,2017-07-27 11:40:00,2017-07-27 12:30:00,2017-07-27 12:40:00,2017-07-27 13:30:00,test
3815,3815,3820,3821,3826,2017-07-27 11:50:00,2017-07-27 12:40:00,2017-07-27 12:50:00,2017-07-27 13:40:00,test
3816,3816,3821,3822,3827,2017-07-27 12:00:00,2017-07-27 12:50:00,2017-07-27 13:00:00,2017-07-27 13:50:00,test
3817,3817,3822,3823,3828,2017-07-27 12:10:00,2017-07-27 13:00:00,2017-07-27 13:10:00,2017-07-27 14:00:00,test
3818,3818,3823,3824,3829,2017-07-27 12:20:00,2017-07-27 13:10:00,2017-07-27 13:20:00,2017-07-27 14:10:00,test
3819,3819,3824,3825,3830,2017-07-27 12:30:00,2017-07-27 13:20:00,2017-07-27 13:30:00,2017-07-27 14:20:00,test
3820,3820,3825,3826,3831,2017-07-27 12:40:00,2017-07-27 13:30:00,2017-07-27 13:40:00,2017-07-27 14:30:00,test
3821,3821,3826,3827,3832,2017-07-27 12:50:00,2017-07-27 13:40:00,2017-07-27 13:50:00,2017-07-27 14:40:00,test
3822,3822,3827,3828,3833,2017-07-27 13:00:00,2017-07-27 13:50:00,2017-07-27 14:00:00,2017-07-27 14:50:00,test
3823,3823,3828,3829,3834,2017-07-27 13:10:00,2017-07-27 14:00:00,2017-07-27 14:10:00,2017-07-27 15:00:00,test
3824,3824,3829,3830,3835,2017-07-27 13:20:00,2017-07-27 14:10:00,2017-07-27 14:20:00,2017-07-27 15:10:00,test
3825,3825,3830,3831,3836,2017-07-27 13:30:00,2017-07-27 14:20:00,2017-07-27 14:30:00,2017-07-27 15:20:00,test
3826,3826,3831,3832,3837,2017-07-27 13:40:00,2017-07-27 14:30:00,2017-07-27 14:40:00,2017-07-27 15:30:00,test
3827,3827,3832,3833,3838,2017-07-27 13:50:00,2017-07-27 14:40:00,2017-07-27 14:50:00,2017-07-27 15:40:00,test
3828,3828,3833,3834,3839,2017-07-27 14:00:00,2017-07-27 14:50:00,2017-07-27 15:00:00,2017-07-27 15:50:00,test
3829,3829,3834,3835,3840,2017-07-27 14:10:00,2017-07-27 15:00:00,2017-07-27 15:10:00,2017-07-27 16:00:00,test
3830,3830,3835,3836,3841,2017-07-27 14:20:00,2017-07-27 15:10:00,2017-07-27 15:20:00,2017-07-27 16:10:00,test
3831,3831,3836,3837,3842,2017-07-27 14:30:00,2017-07-27 15:20:00,2017-07-27 15:30:00,2017-07-27 16:20:00,test
3832,3832,3837,3838,3843,2017-07-27 14:40:00,2017-07-27 15:30:00,2017-07-27 15:40:00,2017-07-27 16:30:00,test
3833,3833,3838,3839,3844,2017-07-27 14:50:00,2017-07-27 15:40:00,2017-07-27 15:50:00,2017-07-27 16:40:00,test
3834,3834,3839,3840,3845,2017-07-27 15:00:00,2017-07-27 15:50:00,2017-07-27 16:00:00,2017-07-27 16:50:00,test
3835,3835,3840,3841,3846,2017-07-27 15:10:00,2017-07-27 16:00:00,2017-07-27 16:10:00,2017-07-27 17:00:00,test
3836,3836,3841,3842,3847,2017-07-27 15:20:00,2017-07-27 16:10:00,2017-07-27 16:20:00,2017-07-27 17:10:00,test
3837,3837,3842,3843,3848,2017-07-27 15:30:00,2017-07-27 16:20:00,2017-07-27 16:30:00,2017-07-27 17:20:00,test
3838,3838,3843,3844,3849,2017-07-27 15:40:00,2017-07-27 16:30:00,2017-07-27 16:40:00,2017-07-27 17:30:00,test
3839,3839,3844,3845,3850,2017-07-27 15:50:00,2017-07-27 16:40:00,2017-07-27 16:50:00,2017-07-27 17:40:00,test
3840,3840,3845,3846,3851,2017-07-27 16:00:00,2017-07-27 16:50:00,2017-07-27 17:00:00,2017-07-27 17:50:00,test
3841,3841,3846,3847,3852,2017-07-27 16:10:00,2017-07-27 17:00:00,2017-07-27 17:10:00,2017-07-27 18:00:00,test
3842,3842,3847,3848,3853,2017-07-27 16:20:00,2017-07-27 17:10:00,2017-07-27 17:20:00,2017-07-27 18:10:00,test
3843,3843,3848,3849,3854,2017-07-27 16:30:00,2017-07-27 17:20:00,2017-07-27 17:30:00,2017-07-27 18:20:00,test
3844,3844,3849,3850,3855,2017-07-27 16:40:00,2017-07-27 17:30:00,2017-07-27 17:40:00,2017-07-27 18:30:00,test
3845,3845,3850,3851,3856,2017-07-27 16:50:00,2017-07-27 17:40:00,2017-07-27 17:50:00,2017-07-27 18:40:00,test
3846,3846,3851,3852,3857,2017-07-27 17:00:00,2017-07-27 17:50:00,2017-07-27 18:00:00,2017-07-27 18:50:00,test
3847,3847,3852,3853,3858,2017-07-27 17:10:00,2017-07-27 18:00:00,2017-07-27 18:10:00,2017-07-27 19:00:00,test
3848,3848,3853,3854,3859,2017-07-27 17:20:00,2017-07-27 18:10:00,2017-07-27 18:20:00,2017-07-27 19:10:00,test
3849,3849,3854,3855,3860,2017-07-27 17:30:00,2017-07-27 18:20:00,2017-07-27 18:30:00,2017-07-27 19:20:00,test
3850,3850,3855,3856,3861,2017-07-27 17:40:00,2017-07-27 18:30:00,2017-07-27 18:40:00,2017-07-27 19:30:00,test
3851,3851,3856,3857,3862,2017-07-27 17:50:00,2017-07-27 18:40:00,2017-07-27 18:50:00,2017-07-27 19:40:00,test
3852,3852,3857,3858,3863,2017-07-27 18:00:00,2017-07-27 18:50:00,2017-07-27 19:00:00,2017-07-27 19:50:00,test
3853,3853,3858,3859,3864,2017-07-27 18:10:00,2017-07-27 19:00:00,2017-07-27 19:10:00,2017-07-27 20:00:00,test
3854,3854,3859,3860,3865,2017-07-27 18:20:00,2017-07-27 19:10:00,2017-07-27 19:20:00,2017-07-27 20:10:00,test
3855,3855,3860,3861,3866,2017-07-27 18:30:00,2017-07-27 19:20:00,2017-07-27 19:30:00,2017-07-27 20:20:00,test
3856,3856,3861,3862,3867,2017-07-27 18:40:00,2017-07-27 19:30:00,2017-07-27 19:40:00,2017-07-27 20:30:00,test
3857,3857,3862,3863,3868,2017-07-27 18:50:00,2017-07-27 19:40:00,2017-07-27 19:50:00,2017-07-27 20:40:00,test
3858,3858,3863,3864,3869,2017-07-27 19:00:00,2017-07-27 19:50:00,2017-07-27 20:00:00,2017-07-27 20:50:00,test
3859,3859,3864,3865,3870,2017-07-27 19:10:00,2017-07-27 20:00:00,2017-07-27 20:10:00,2017-07-27 21:00:00,test
3860,3860,3865,3866,3871,2017-07-27 19:20:00,2017-07-27 20:10:00,2017-07-27 20:20:00,2017-07-27 21:10:00,test
3861,3861,3866,3867,3872,2017-07-27 19:30:00,2017-07-27 20:20:00,2017-07-27 20:30:00,2017-07-27 21:20:00,test
3862,3862,3867,3868,3873,2017-07-27 19:40:00,2017-07-27 20:30:00,2017-07-27 20:40:00,2017-07-27 21:30:00,test
3863,3863,3868,3869,3874,2017-07-27 19:50:00,2017-07-27 20:40:00,2017-07-27 20:50:00,2017-07-27 21:40:00,test
3864,3864,3869,3870,3875,2017-07-27 20:00:00,2017-07-27 20:50:00,2017-07-27 21:00:00,2017-07-27 21:50:00,test
3865,3865,3870,3871,3876,2017-07-27 20:10:00,2017-07-27 21:00:00,2017-07-27 21:10:00,2017-07-27 22:00:00,test
3866,3866,3871,3872,3877,2017-07-27 20:20:00,2017-07-27 21:10:00,2017-07-27 21:20:00,2017-07-27 22:10:00,test
3867,3867,3872,3873,3878,2017-07-27 20:30:00,2017-07-27 21:20:00,2017-07-27 21:30:00,2017-07-27 22:20:00,test
3868,3868,3873,3874,3879,2017-07-27 20:40:00,2017-07-27 21:30:00,2017-07-27 21:40:00,2017-07-27 22:30:00,test
3869,3869,3874,3875,3880,2017-07-27 20:50:00,2017-07-27 21:40:00,2017-07-27 21:50:00,2017-07-27 22:40:00,test
3870,3870,3875,3876,3881,2017-07-27 21:00:00,2017-07-27 21:50:00,2017-07-27 22:00:00,2017-07-27 22:50:00,test
3871,3871,3876,3877,3882,2017-07-27 21:10:00,2017-07-27 22:00:00,2017-07-27 22:10:00,2017-07-27 23:00:00,test
3872,3872,3877,3878,3883,2017-07-27 21:20:00,2017-07-27 22:10:00,2017-07-27 22:20:00,2017-07-27 23:10:00,test
3873,3873,3878,3879,3884,2017-07-27 21:30:00,2017-07-27 22:20:00,2017-07-27 22:30:00,2017-07-27 23:20:00,test
3874,3874,3879,3880,3885,2017-07-27 21:40:00,2017-07-27 22:30:00,2017-07-27 22:40:00,2017-07-27 23:30:00,test
3875,3875,3880,3881,3886,2017-07-27 21:50:00,2017-07-27 22:40:00,2017-07-27 22:50:00,2017-07-27 23:40:00,test
3876,3876,3881,3882,3887,2017-07-27 22:00:00,2017-07-27 22:50:00,2017-07-27 23:00:00,2017-07-27 23:50:00,test
3877,3877,3882,3883,3888,2017-07-27 22:10:00,2017-07-27 23:00:00,2017-07-27 23:10:00,2017-07-28 00:00:00,test
3878,3878,3883,3884,3889,2017-07-27 22:20:00,2017-07-27 23:10:00,2017-07-27 23:20:00,2017-07-28 00:10:00,test
3879,3879,3884,3885,3890,2017-07-27 22:30:00,2017-07-27 23:20:00,2017-07-27 23:30:00,2017-07-28 00:20:00,test
3880,3880,3885,3886,3891,2017-07-27 22:40:00,2017-07-27 23:30:00,2017-07-27 23:40:00,2017-07-28 00:30:00,test
3881,3881,3886,3887,3892,2017-07-27 22:50:00,2017-07-27 23:40:00,2017-07-27 23:50:00,2017-07-28 00:40:00,test
3882,3882,3887,3888,3893,2017-07-27 23:00:00,2017-07-27 23:50:00,2017-07-28 00:00:00,2017-07-28 00:50:00,test
3883,3883,3888,3889,3894,2017-07-27 23:10:00,2017-07-28 00:00:00,2017-07-28 00:10:00,2017-07-28 01:00:00,test
3884,3884,3889,3890,3895,2017-07-27 23:20:00,2017-07-28 00:10:00,2017-07-28 00:20:00,2017-07-28 01:10:00,test
3885,3885,3890,3891,3896,2017-07-27 23:30:00,2017-07-28 00:20:00,2017-07-28 00:30:00,2017-07-28 01:20:00,test
3886,3886,3891,3892,3897,2017-07-27 23:40:00,2017-07-28 00:30:00,2017-07-28 00:40:00,2017-07-28 01:30:00,test
3887,3887,3892,3893,3898,2017-07-27 23:50:00,2017-07-28 00:40:00,2017-07-28 00:50:00,2017-07-28 01:40:00,test
3888,3888,3893,3894,3899,2017-07-28 00:00:00,2017-07-28 00:50:00,2017-07-28 01:00:00,2017-07-28 01:50:00,test
3889,3889,3894,3895,3900,2017-07-28 00:10:00,2017-07-28 01:00:00,2017-07-28 01:10:00,2017-07-28 02:00:00,test
3890,3890,3895,3896,3901,2017-07-28 00:20:00,2017-07-28 01:10:00,2017-07-28 01:20:00,2017-07-28 02:10:00,test
3891,3891,3896,3897,3902,2017-07-28 00:30:00,2017-07-28 01:20:00,2017-07-28 01:30:00,2017-07-28 02:20:00,test
3892,3892,3897,3898,3903,2017-07-28 00:40:00,2017-07-28 01:30:00,2017-07-28 01:40:00,2017-07-28 02:30:00,test
3893,3893,3898,3899,3904,2017-07-28 00:50:00,2017-07-28 01:40:00,2017-07-28 01:50:00,2017-07-28 02:40:00,test
3894,3894,3899,3900,3905,2017-07-28 01:00:00,2017-07-28 01:50:00,2017-07-28 02:00:00,2017-07-28 02:50:00,test
3895,3895,3900,3901,3906,2017-07-28 01:10:00,2017-07-28 02:00:00,2017-07-28 02:10:00,2017-07-28 03:00:00,test
3896,3896,3901,3902,3907,2017-07-28 01:20:00,2017-07-28 02:10:00,2017-07-28 02:20:00,2017-07-28 03:10:00,test
3897,3897,3902,3903,3908,2017-07-28 01:30:00,2017-07-28 02:20:00,2017-07-28 02:30:00,2017-07-28 03:20:00,test
3898,3898,3903,3904,3909,2017-07-28 01:40:00,2017-07-28 02:30:00,2017-07-28 02:40:00,2017-07-28 03:30:00,test
3899,3899,3904,3905,3910,2017-07-28 01:50:00,2017-07-28 02:40:00,2017-07-28 02:50:00,2017-07-28 03:40:00,test
3900,3900,3905,3906,3911,2017-07-28 02:00:00,2017-07-28 02:50:00,2017-07-28 03:00:00,2017-07-28 03:50:00,test
3901,3901,3906,3907,3912,2017-07-28 02:10:00,2017-07-28 03:00:00,2017-07-28 03:10:00,2017-07-28 04:00:00,test
3902,3902,3907,3908,3913,2017-07-28 02:20:00,2017-07-28 03:10:00,2017-07-28 03:20:00,2017-07-28 04:10:00,test
3903,3903,3908,3909,3914,2017-07-28 02:30:00,2017-07-28 03:20:00,2017-07-28 03:30:00,2017-07-28 04:20:00,test
3904,3904,3909,3910,3915,2017-07-28 02:40:00,2017-07-28 03:30:00,2017-07-28 03:40:00,2017-07-28 04:30:00,test
3905,3905,3910,3911,3916,2017-07-28 02:50:00,2017-07-28 03:40:00,2017-07-28 03:50:00,2017-07-28 04:40:00,test
3906,3906,3911,3912,3917,2017-07-28 03:00:00,2017-07-28 03:50:00,2017-07-28 04:00:00,2017-07-28 04:50:00,test
3907,3907,3912,3913,3918,2017-07-28 03:10:00,2017-07-28 04:00:00,2017-07-28 04:10:00,2017-07-28 05:00:00,test
3908,3908,3913,3914,3919,2017-07-28 03:20:00,2017-07-28 04:10:00,2017-07-28 04:20:00,2017-07-28 05:10:00,test
3909,3909,3914,3915,3920,2017-07-28 03:30:00,2017-07-28 04:20:00,2017-07-28 04:30:00,2017-07-28 05:20:00,test
3910,3910,3915,3916,3921,2017-07-28 03:40:00,2017-07-28 04:30:00,2017-07-28 04:40:00,2017-07-28 05:30:00,test
3911,3911,3916,3917,3922,2017-07-28 03:50:00,2017-07-28 04:40:00,2017-07-28 04:50:00,2017-07-28 05:40:00,test
3912,3912,3917,3918,3923,2017-07-28 04:00:00,2017-07-28 04:50:00,2017-07-28 05:00:00,2017-07-28 05:50:00,test
3913,3913,3918,3919,3924,2017-07-28 04:10:00,2017-07-28 05:00:00,2017-07-28 05:10:00,2017-07-28 06:00:00,test
3914,3914,3919,3920,3925,2017-07-28 04:20:00,2017-07-28 05:10:00,2017-07-28 05:20:00,2017-07-28 06:10:00,test
3915,3915,3920,3921,3926,2017-07-28 04:30:00,2017-07-28 05:20:00,2017-07-28 05:30:00,2017-07-28 06:20:00,test
3916,3916,3921,3922,3927,2017-07-28 04:40:00,2017-07-28 05:30:00,2017-07-28 05:40:00,2017-07-28 06:30:00,test
3917,3917,3922,3923,3928,2017-07-28 04:50:00,2017-07-28 05:40:00,2017-07-28 05:50:00,2017-07-28 06:40:00,test
3918,3918,3923,3924,3929,2017-07-28 05:00:00,2017-07-28 05:50:00,2017-07-28 06:00:00,2017-07-28 06:50:00,test
3919,3919,3924,3925,3930,2017-07-28 05:10:00,2017-07-28 06:00:00,2017-07-28 06:10:00,2017-07-28 07:00:00,test
3920,3920,3925,3926,3931,2017-07-28 05:20:00,2017-07-28 06:10:00,2017-07-28 06:20:00,2017-07-28 07:10:00,test
3921,3921,3926,3927,3932,2017-07-28 05:30:00,2017-07-28 06:20:00,2017-07-28 06:30:00,2017-07-28 07:20:00,test
3922,3922,3927,3928,3933,2017-07-28 05:40:00,2017-07-28 06:30:00,2017-07-28 06:40:00,2017-07-28 07:30:00,test
3923,3923,3928,3929,3934,2017-07-28 05:50:00,2017-07-28 06:40:00,2017-07-28 06:50:00,2017-07-28 07:40:00,test
3924,3924,3929,3930,3935,2017-07-28 06:00:00,2017-07-28 06:50:00,2017-07-28 07:00:00,2017-07-28 07:50:00,test
3925,3925,3930,3931,3936,2017-07-28 06:10:00,2017-07-28 07:00:00,2017-07-28 07:10:00,2017-07-28 08:00:00,test
3926,3926,3931,3932,3937,2017-07-28 06:20:00,2017-07-28 07:10:00,2017-07-28 07:20:00,2017-07-28 08:10:00,test
3927,3927,3932,3933,3938,2017-07-28 06:30:00,2017-07-28 07:20:00,2017-07-28 07:30:00,2017-07-28 08:20:00,test
3928,3928,3933,3934,3939,2017-07-28 06:40:00,2017-07-28 07:30:00,2017-07-28 07:40:00,2017-07-28 08:30:00,test
3929,3929,3934,3935,3940,2017-07-28 06:50:00,2017-07-28 07:40:00,2017-07-28 07:50:00,2017-07-28 08:40:00,test
3930,3930,3935,3936,3941,2017-07-28 07:00:00,2017-07-28 07:50:00,2017-07-28 08:00:00,2017-07-28 08:50:00,test
3931,3931,3936,3937,3942,2017-07-28 07:10:00,2017-07-28 08:00:00,2017-07-28 08:10:00,2017-07-28 09:00:00,test
3932,3932,3937,3938,3943,2017-07-28 07:20:00,2017-07-28 08:10:00,2017-07-28 08:20:00,2017-07-28 09:10:00,test
3933,3933,3938,3939,3944,2017-07-28 07:30:00,2017-07-28 08:20:00,2017-07-28 08:30:00,2017-07-28 09:20:00,test
3934,3934,3939,3940,3945,2017-07-28 07:40:00,2017-07-28 08:30:00,2017-07-28 08:40:00,2017-07-28 09:30:00,test
3935,3935,3940,3941,3946,2017-07-28 07:50:00,2017-07-28 08:40:00,2017-07-28 08:50:00,2017-07-28 09:40:00,test
3936,3936,3941,3942,3947,2017-07-28 08:00:00,2017-07-28 08:50:00,2017-07-28 09:00:00,2017-07-28 09:50:00,test
3937,3937,3942,3943,3948,2017-07-28 08:10:00,2017-07-28 09:00:00,2017-07-28 09:10:00,2017-07-28 10:00:00,test
3938,3938,3943,3944,3949,2017-07-28 08:20:00,2017-07-28 09:10:00,2017-07-28 09:20:00,2017-07-28 10:10:00,test
3939,3939,3944,3945,3950,2017-07-28 08:30:00,2017-07-28 09:20:00,2017-07-28 09:30:00,2017-07-28 10:20:00,test
3940,3940,3945,3946,3951,2017-07-28 08:40:00,2017-07-28 09:30:00,2017-07-28 09:40:00,2017-07-28 10:30:00,test
3941,3941,3946,3947,3952,2017-07-28 08:50:00,2017-07-28 09:40:00,2017-07-28 09:50:00,2017-07-28 10:40:00,test
3942,3942,3947,3948,3953,2017-07-28 09:00:00,2017-07-28 09:50:00,2017-07-28 10:00:00,2017-07-28 10:50:00,test
3943,3943,3948,3949,3954,2017-07-28 09:10:00,2017-07-28 10:00:00,2017-07-28 10:10:00,2017-07-28 11:00:00,test
3944,3944,3949,3950,3955,2017-07-28 09:20:00,2017-07-28 10:10:00,2017-07-28 10:20:00,2017-07-28 11:10:00,test
3945,3945,3950,3951,3956,2017-07-28 09:30:00,2017-07-28 10:20:00,2017-07-28 10:30:00,2017-07-28 11:20:00,test
3946,3946,3951,3952,3957,2017-07-28 09:40:00,2017-07-28 10:30:00,2017-07-28 10:40:00,2017-07-28 11:30:00,test
3947,3947,3952,3953,3958,2017-07-28 09:50:00,2017-07-28 10:40:00,2017-07-28 10:50:00,2017-07-28 11:40:00,test
3948,3948,3953,3954,3959,2017-07-28 10:00:00,2017-07-28 10:50:00,2017-07-28 11:00:00,2017-07-28 11:50:00,test
3949,3949,3954,3955,3960,2017-07-28 10:10:00,2017-07-28 11:00:00,2017-07-28 11:10:00,2017-07-28 12:00:00,test
3950,3950,3955,3956,3961,2017-07-28 10:20:00,2017-07-28 11:10:00,2017-07-28 11:20:00,2017-07-28 12:10:00,test
3951,3951,3956,3957,3962,2017-07-28 10:30:00,2017-07-28 11:20:00,2017-07-28 11:30:00,2017-07-28 12:20:00,test
3952,3952,3957,3958,3963,2017-07-28 10:40:00,2017-07-28 11:30:00,2017-07-28 11:40:00,2017-07-28 12:30:00,test
3953,3953,3958,3959,3964,2017-07-28 10:50:00,2017-07-28 11:40:00,2017-07-28 11:50:00,2017-07-28 12:40:00,test
3954,3954,3959,3960,3965,2017-07-28 11:00:00,2017-07-28 11:50:00,2017-07-28 12:00:00,2017-07-28 12:50:00,test
3955,3955,3960,3961,3966,2017-07-28 11:10:00,2017-07-28 12:00:00,2017-07-28 12:10:00,2017-07-28 13:00:00,test
3956,3956,3961,3962,3967,2017-07-28 11:20:00,2017-07-28 12:10:00,2017-07-28 12:20:00,2017-07-28 13:10:00,test
3957,3957,3962,3963,3968,2017-07-28 11:30:00,2017-07-28 12:20:00,2017-07-28 12:30:00,2017-07-28 13:20:00,test
3958,3958,3963,3964,3969,2017-07-28 11:40:00,2017-07-28 12:30:00,2017-07-28 12:40:00,2017-07-28 13:30:00,test
3959,3959,3964,3965,3970,2017-07-28 11:50:00,2017-07-28 12:40:00,2017-07-28 12:50:00,2017-07-28 13:40:00,test
3960,3960,3965,3966,3971,2017-07-28 12:00:00,2017-07-28 12:50:00,2017-07-28 13:00:00,2017-07-28 13:50:00,test
3961,3961,3966,3967,3972,2017-07-28 12:10:00,2017-07-28 13:00:00,2017-07-28 13:10:00,2017-07-28 14:00:00,test
3962,3962,3967,3968,3973,2017-07-28 12:20:00,2017-07-28 13:10:00,2017-07-28 13:20:00,2017-07-28 14:10:00,test
3963,3963,3968,3969,3974,2017-07-28 12:30:00,2017-07-28 13:20:00,2017-07-28 13:30:00,2017-07-28 14:20:00,test
3964,3964,3969,3970,3975,2017-07-28 12:40:00,2017-07-28 13:30:00,2017-07-28 13:40:00,2017-07-28 14:30:00,test
3965,3965,3970,3971,3976,2017-07-28 12:50:00,2017-07-28 13:40:00,2017-07-28 13:50:00,2017-07-28 14:40:00,test
3966,3966,3971,3972,3977,2017-07-28 13:00:00,2017-07-28 13:50:00,2017-07-28 14:00:00,2017-07-28 14:50:00,test
3967,3967,3972,3973,3978,2017-07-28 13:10:00,2017-07-28 14:00:00,2017-07-28 14:10:00,2017-07-28 15:00:00,test
3968,3968,3973,3974,3979,2017-07-28 13:20:00,2017-07-28 14:10:00,2017-07-28 14:20:00,2017-07-28 15:10:00,test
3969,3969,3974,3975,3980,2017-07-28 13:30:00,2017-07-28 14:20:00,2017-07-28 14:30:00,2017-07-28 15:20:00,test
3970,3970,3975,3976,3981,2017-07-28 13:40:00,2017-07-28 14:30:00,2017-07-28 14:40:00,2017-07-28 15:30:00,test
3971,3971,3976,3977,3982,2017-07-28 13:50:00,2017-07-28 14:40:00,2017-07-28 14:50:00,2017-07-28 15:40:00,test
3972,3972,3977,3978,3983,2017-07-28 14:00:00,2017-07-28 14:50:00,2017-07-28 15:00:00,2017-07-28 15:50:00,test
3973,3973,3978,3979,3984,2017-07-28 14:10:00,2017-07-28 15:00:00,2017-07-28 15:10:00,2017-07-28 16:00:00,test
3974,3974,3979,3980,3985,2017-07-28 14:20:00,2017-07-28 15:10:00,2017-07-28 15:20:00,2017-07-28 16:10:00,test
3975,3975,3980,3981,3986,2017-07-28 14:30:00,2017-07-28 15:20:00,2017-07-28 15:30:00,2017-07-28 16:20:00,test
3976,3976,3981,3982,3987,2017-07-28 14:40:00,2017-07-28 15:30:00,2017-07-28 15:40:00,2017-07-28 16:30:00,test
3977,3977,3982,3983,3988,2017-07-28 14:50:00,2017-07-28 15:40:00,2017-07-28 15:50:00,2017-07-28 16:40:00,test
3978,3978,3983,3984,3989,2017-07-28 15:00:00,2017-07-28 15:50:00,2017-07-28 16:00:00,2017-07-28 16:50:00,test
3979,3979,3984,3985,3990,2017-07-28 15:10:00,2017-07-28 16:00:00,2017-07-28 16:10:00,2017-07-28 17:00:00,test
3980,3980,3985,3986,3991,2017-07-28 15:20:00,2017-07-28 16:10:00,2017-07-28 16:20:00,2017-07-28 17:10:00,test
3981,3981,3986,3987,3992,2017-07-28 15:30:00,2017-07-28 16:20:00,2017-07-28 16:30:00,2017-07-28 17:20:00,test
3982,3982,3987,3988,3993,2017-07-28 15:40:00,2017-07-28 16:30:00,2017-07-28 16:40:00,2017-07-28 17:30:00,test
3983,3983,3988,3989,3994,2017-07-28 15:50:00,2017-07-28 16:40:00,2017-07-28 16:50:00,2017-07-28 17:40:00,test
3984,3984,3989,3990,3995,2017-07-28 16:00:00,2017-07-28 16:50:00,2017-07-28 17:00:00,2017-07-28 17:50:00,test
3985,3985,3990,3991,3996,2017-07-28 16:10:00,2017-07-28 17:00:00,2017-07-28 17:10:00,2017-07-28 18:00:00,test
3986,3986,3991,3992,3997,2017-07-28 16:20:00,2017-07-28 17:10:00,2017-07-28 17:20:00,2017-07-28 18:10:00,test
3987,3987,3992,3993,3998,2017-07-28 16:30:00,2017-07-28 17:20:00,2017-07-28 17:30:00,2017-07-28 18:20:00,test
3988,3988,3993,3994,3999,2017-07-28 16:40:00,2017-07-28 17:30:00,2017-07-28 17:40:00,2017-07-28 18:30:00,test
3989,3989,3994,3995,4000,2017-07-28 16:50:00,2017-07-28 17:40:00,2017-07-28 17:50:00,2017-07-28 18:40:00,test
3990,3990,3995,3996,4001,2017-07-28 17:00:00,2017-07-28 17:50:00,2017-07-28 18:00:00,2017-07-28 18:50:00,test
3991,3991,3996,3997,4002,2017-07-28 17:10:00,2017-07-28 18:00:00,2017-07-28 18:10:00,2017-07-28 19:00:00,test
3992,3992,3997,3998,4003,2017-07-28 17:20:00,2017-07-28 18:10:00,2017-07-28 18:20:00,2017-07-28 19:10:00,test
3993,3993,3998,3999,4004,2017-07-28 17:30:00,2017-07-28 18:20:00,2017-07-28 18:30:00,2017-07-28 19:20:00,test
3994,3994,3999,4000,4005,2017-07-28 17:40:00,2017-07-28 18:30:00,2017-07-28 18:40:00,2017-07-28 19:30:00,test
3995,3995,4000,4001,4006,2017-07-28 17:50:00,2017-07-28 18:40:00,2017-07-28 18:50:00,2017-07-28 19:40:00,test
3996,3996,4001,4002,4007,2017-07-28 18:00:00,2017-07-28 18:50:00,2017-07-28 19:00:00,2017-07-28 19:50:00,test
3997,3997,4002,4003,4008,2017-07-28 18:10:00,2017-07-28 19:00:00,2017-07-28 19:10:00,2017-07-28 20:00:00,test
3998,3998,4003,4004,4009,2017-07-28 18:20:00,2017-07-28 19:10:00,2017-07-28 19:20:00,2017-07-28 20:10:00,test
3999,3999,4004,4005,4010,2017-07-28 18:30:00,2017-07-28 19:20:00,2017-07-28 19:30:00,2017-07-28 20:20:00,test
4000,4000,4005,4006,4011,2017-07-28 18:40:00,2017-07-28 19:30:00,2017-07-28 19:40:00,2017-07-28 20:30:00,test
4001,4001,4006,4007,4012,2017-07-28 18:50:00,2017-07-28 19:40:00,2017-07-28 19:50:00,2017-07-28 20:40:00,test
4002,4002,4007,4008,4013,2017-07-28 19:00:00,2017-07-28 19:50:00,2017-07-28 20:00:00,2017-07-28 20:50:00,test
4003,4003,4008,4009,4014,2017-07-28 19:10:00,2017-07-28 20:00:00,2017-07-28 20:10:00,2017-07-28 21:00:00,test
4004,4004,4009,4010,4015,2017-07-28 19:20:00,2017-07-28 20:10:00,2017-07-28 20:20:00,2017-07-28 21:10:00,test
4005,4005,4010,4011,4016,2017-07-28 19:30:00,2017-07-28 20:20:00,2017-07-28 20:30:00,2017-07-28 21:20:00,test
4006,4006,4011,4012,4017,2017-07-28 19:40:00,2017-07-28 20:30:00,2017-07-28 20:40:00,2017-07-28 21:30:00,test
4007,4007,4012,4013,4018,2017-07-28 19:50:00,2017-07-28 20:40:00,2017-07-28 20:50:00,2017-07-28 21:40:00,test
4008,4008,4013,4014,4019,2017-07-28 20:00:00,2017-07-28 20:50:00,2017-07-28 21:00:00,2017-07-28 21:50:00,test
4009,4009,4014,4015,4020,2017-07-28 20:10:00,2017-07-28 21:00:00,2017-07-28 21:10:00,2017-07-28 22:00:00,test
4010,4010,4015,4016,4021,2017-07-28 20:20:00,2017-07-28 21:10:00,2017-07-28 21:20:00,2017-07-28 22:10:00,test
4011,4011,4016,4017,4022,2017-07-28 20:30:00,2017-07-28 21:20:00,2017-07-28 21:30:00,2017-07-28 22:20:00,test
4012,4012,4017,4018,4023,2017-07-28 20:40:00,2017-07-28 21:30:00,2017-07-28 21:40:00,2017-07-28 22:30:00,test
4013,4013,4018,4019,4024,2017-07-28 20:50:00,2017-07-28 21:40:00,2017-07-28 21:50:00,2017-07-28 22:40:00,test
4014,4014,4019,4020,4025,2017-07-28 21:00:00,2017-07-28 21:50:00,2017-07-28 22:00:00,2017-07-28 22:50:00,test
4015,4015,4020,4021,4026,2017-07-28 21:10:00,2017-07-28 22:00:00,2017-07-28 22:10:00,2017-07-28 23:00:00,test
4016,4016,4021,4022,4027,2017-07-28 21:20:00,2017-07-28 22:10:00,2017-07-28 22:20:00,2017-07-28 23:10:00,test
4017,4017,4022,4023,4028,2017-07-28 21:30:00,2017-07-28 22:20:00,2017-07-28 22:30:00,2017-07-28 23:20:00,test
4018,4018,4023,4024,4029,2017-07-28 21:40:00,2017-07-28 22:30:00,2017-07-28 22:40:00,2017-07-28 23:30:00,test
4019,4019,4024,4025,4030,2017-07-28 21:50:00,2017-07-28 22:40:00,2017-07-28 22:50:00,2017-07-28 23:40:00,test
4020,4020,4025,4026,4031,2017-07-28 22:00:00,2017-07-28 22:50:00,2017-07-28 23:00:00,2017-07-28 23:50:00,test
4021,4021,4026,4027,4032,2017-07-28 22:10:00,2017-07-28 23:00:00,2017-07-28 23:10:00,2017-07-29 00:00:00,test
4022,4022,4027,4028,4033,2017-07-28 22:20:00,2017-07-28 23:10:00,2017-07-28 23:20:00,2017-07-29 00:10:00,test
4023,4023,4028,4029,4034,2017-07-28 22:30:00,2017-07-28 23:20:00,2017-07-28 23:30:00,2017-07-29 00:20:00,test
4024,4024,4029,4030,4035,2017-07-28 22:40:00,2017-07-28 23:30:00,2017-07-28 23:40:00,2017-07-29 00:30:00,test
4025,4025,4030,4031,4036,2017-07-28 22:50:00,2017-07-28 23:40:00,2017-07-28 23:50:00,2017-07-29 00:40:00,test
4026,4026,4031,4032,4037,2017-07-28 23:00:00,2017-07-28 23:50:00,2017-07-29 00:00:00,2017-07-29 00:50:00,test
4027,4027,4032,4033,4038,2017-07-28 23:10:00,2017-07-29 00:00:00,2017-07-29 00:10:00,2017-07-29 01:00:00,test
4028,4028,4033,4034,4039,2017-07-28 23:20:00,2017-07-29 00:10:00,2017-07-29 00:20:00,2017-07-29 01:10:00,test
4029,4029,4034,4035,4040,2017-07-28 23:30:00,2017-07-29 00:20:00,2017-07-29 00:30:00,2017-07-29 01:20:00,test
4030,4030,4035,4036,4041,2017-07-28 23:40:00,2017-07-29 00:30:00,2017-07-29 00:40:00,2017-07-29 01:30:00,test
4031,4031,4036,4037,4042,2017-07-28 23:50:00,2017-07-29 00:40:00,2017-07-29 00:50:00,2017-07-29 01:40:00,test
4032,4032,4037,4038,4043,2017-07-29 00:00:00,2017-07-29 00:50:00,2017-07-29 01:00:00,2017-07-29 01:50:00,test
4033,4033,4038,4039,4044,2017-07-29 00:10:00,2017-07-29 01:00:00,2017-07-29 01:10:00,2017-07-29 02:00:00,test
4034,4034,4039,4040,4045,2017-07-29 00:20:00,2017-07-29 01:10:00,2017-07-29 01:20:00,2017-07-29 02:10:00,test
4035,4035,4040,4041,4046,2017-07-29 00:30:00,2017-07-29 01:20:00,2017-07-29 01:30:00,2017-07-29 02:20:00,test
4036,4036,4041,4042,4047,2017-07-29 00:40:00,2017-07-29 01:30:00,2017-07-29 01:40:00,2017-07-29 02:30:00,test
4037,4037,4042,4043,4048,2017-07-29 00:50:00,2017-07-29 01:40:00,2017-07-29 01:50:00,2017-07-29 02:40:00,test
4038,4038,4043,4044,4049,2017-07-29 01:00:00,2017-07-29 01:50:00,2017-07-29 02:00:00,2017-07-29 02:50:00,test
4039,4039,4044,4045,4050,2017-07-29 01:10:00,2017-07-29 02:00:00,2017-07-29 02:10:00,2017-07-29 03:00:00,test
4040,4040,4045,4046,4051,2017-07-29 01:20:00,2017-07-29 02:10:00,2017-07-29 02:20:00,2017-07-29 03:10:00,test
4041,4041,4046,4047,4052,2017-07-29 01:30:00,2017-07-29 02:20:00,2017-07-29 02:30:00,2017-07-29 03:20:00,test
4042,4042,4047,4048,4053,2017-07-29 01:40:00,2017-07-29 02:30:00,2017-07-29 02:40:00,2017-07-29 03:30:00,test
4043,4043,4048,4049,4054,2017-07-29 01:50:00,2017-07-29 02:40:00,2017-07-29 02:50:00,2017-07-29 03:40:00,test
4044,4044,4049,4050,4055,2017-07-29 02:00:00,2017-07-29 02:50:00,2017-07-29 03:00:00,2017-07-29 03:50:00,test
4045,4045,4050,4051,4056,2017-07-29 02:10:00,2017-07-29 03:00:00,2017-07-29 03:10:00,2017-07-29 04:00:00,test
4046,4046,4051,4052,4057,2017-07-29 02:20:00,2017-07-29 03:10:00,2017-07-29 03:20:00,2017-07-29 04:10:00,test
4047,4047,4052,4053,4058,2017-07-29 02:30:00,2017-07-29 03:20:00,2017-07-29 03:30:00,2017-07-29 04:20:00,test
4048,4048,4053,4054,4059,2017-07-29 02:40:00,2017-07-29 03:30:00,2017-07-29 03:40:00,2017-07-29 04:30:00,test
4049,4049,4054,4055,4060,2017-07-29 02:50:00,2017-07-29 03:40:00,2017-07-29 03:50:00,2017-07-29 04:40:00,test
4050,4050,4055,4056,4061,2017-07-29 03:00:00,2017-07-29 03:50:00,2017-07-29 04:00:00,2017-07-29 04:50:00,test
4051,4051,4056,4057,4062,2017-07-29 03:10:00,2017-07-29 04:00:00,2017-07-29 04:10:00,2017-07-29 05:00:00,test
4052,4052,4057,4058,4063,2017-07-29 03:20:00,2017-07-29 04:10:00,2017-07-29 04:20:00,2017-07-29 05:10:00,test
4053,4053,4058,4059,4064,2017-07-29 03:30:00,2017-07-29 04:20:00,2017-07-29 04:30:00,2017-07-29 05:20:00,test
4054,4054,4059,4060,4065,2017-07-29 03:40:00,2017-07-29 04:30:00,2017-07-29 04:40:00,2017-07-29 05:30:00,test
4055,4055,4060,4061,4066,2017-07-29 03:50:00,2017-07-29 04:40:00,2017-07-29 04:50:00,2017-07-29 05:40:00,test
4056,4056,4061,4062,4067,2017-07-29 04:00:00,2017-07-29 04:50:00,2017-07-29 05:00:00,2017-07-29 05:50:00,test
4057,4057,4062,4063,4068,2017-07-29 04:10:00,2017-07-29 05:00:00,2017-07-29 05:10:00,2017-07-29 06:00:00,test
4058,4058,4063,4064,4069,2017-07-29 04:20:00,2017-07-29 05:10:00,2017-07-29 05:20:00,2017-07-29 06:10:00,test
4059,4059,4064,4065,4070,2017-07-29 04:30:00,2017-07-29 05:20:00,2017-07-29 05:30:00,2017-07-29 06:20:00,test
4060,4060,4065,4066,4071,2017-07-29 04:40:00,2017-07-29 05:30:00,2017-07-29 05:40:00,2017-07-29 06:30:00,test
4061,4061,4066,4067,4072,2017-07-29 04:50:00,2017-07-29 05:40:00,2017-07-29 05:50:00,2017-07-29 06:40:00,test
4062,4062,4067,4068,4073,2017-07-29 05:00:00,2017-07-29 05:50:00,2017-07-29 06:00:00,2017-07-29 06:50:00,test
4063,4063,4068,4069,4074,2017-07-29 05:10:00,2017-07-29 06:00:00,2017-07-29 06:10:00,2017-07-29 07:00:00,test
4064,4064,4069,4070,4075,2017-07-29 05:20:00,2017-07-29 06:10:00,2017-07-29 06:20:00,2017-07-29 07:10:00,test
4065,4065,4070,4071,4076,2017-07-29 05:30:00,2017-07-29 06:20:00,2017-07-29 06:30:00,2017-07-29 07:20:00,test
4066,4066,4071,4072,4077,2017-07-29 05:40:00,2017-07-29 06:30:00,2017-07-29 06:40:00,2017-07-29 07:30:00,test
4067,4067,4072,4073,4078,2017-07-29 05:50:00,2017-07-29 06:40:00,2017-07-29 06:50:00,2017-07-29 07:40:00,test
4068,4068,4073,4074,4079,2017-07-29 06:00:00,2017-07-29 06:50:00,2017-07-29 07:00:00,2017-07-29 07:50:00,test
4069,4069,4074,4075,4080,2017-07-29 06:10:00,2017-07-29 07:00:00,2017-07-29 07:10:00,2017-07-29 08:00:00,test
4070,4070,4075,4076,4081,2017-07-29 06:20:00,2017-07-29 07:10:00,2017-07-29 07:20:00,2017-07-29 08:10:00,test
4071,4071,4076,4077,4082,2017-07-29 06:30:00,2017-07-29 07:20:00,2017-07-29 07:30:00,2017-07-29 08:20:00,test
4072,4072,4077,4078,4083,2017-07-29 06:40:00,2017-07-29 07:30:00,2017-07-29 07:40:00,2017-07-29 08:30:00,test
4073,4073,4078,4079,4084,2017-07-29 06:50:00,2017-07-29 07:40:00,2017-07-29 07:50:00,2017-07-29 08:40:00,test
4074,4074,4079,4080,4085,2017-07-29 07:00:00,2017-07-29 07:50:00,2017-07-29 08:00:00,2017-07-29 08:50:00,test
4075,4075,4080,4081,4086,2017-07-29 07:10:00,2017-07-29 08:00:00,2017-07-29 08:10:00,2017-07-29 09:00:00,test
4076,4076,4081,4082,4087,2017-07-29 07:20:00,2017-07-29 08:10:00,2017-07-29 08:20:00,2017-07-29 09:10:00,test
4077,4077,4082,4083,4088,2017-07-29 07:30:00,2017-07-29 08:20:00,2017-07-29 08:30:00,2017-07-29 09:20:00,test
4078,4078,4083,4084,4089,2017-07-29 07:40:00,2017-07-29 08:30:00,2017-07-29 08:40:00,2017-07-29 09:30:00,test
4079,4079,4084,4085,4090,2017-07-29 07:50:00,2017-07-29 08:40:00,2017-07-29 08:50:00,2017-07-29 09:40:00,test
4080,4080,4085,4086,4091,2017-07-29 08:00:00,2017-07-29 08:50:00,2017-07-29 09:00:00,2017-07-29 09:50:00,test
4081,4081,4086,4087,4092,2017-07-29 08:10:00,2017-07-29 09:00:00,2017-07-29 09:10:00,2017-07-29 10:00:00,test
4082,4082,4087,4088,4093,2017-07-29 08:20:00,2017-07-29 09:10:00,2017-07-29 09:20:00,2017-07-29 10:10:00,test
4083,4083,4088,4089,4094,2017-07-29 08:30:00,2017-07-29 09:20:00,2017-07-29 09:30:00,2017-07-29 10:20:00,test
4084,4084,4089,4090,4095,2017-07-29 08:40:00,2017-07-29 09:30:00,2017-07-29 09:40:00,2017-07-29 10:30:00,test
4085,4085,4090,4091,4096,2017-07-29 08:50:00,2017-07-29 09:40:00,2017-07-29 09:50:00,2017-07-29 10:40:00,test
4086,4086,4091,4092,4097,2017-07-29 09:00:00,2017-07-29 09:50:00,2017-07-29 10:00:00,2017-07-29 10:50:00,test
4087,4087,4092,4093,4098,2017-07-29 09:10:00,2017-07-29 10:00:00,2017-07-29 10:10:00,2017-07-29 11:00:00,test
4088,4088,4093,4094,4099,2017-07-29 09:20:00,2017-07-29 10:10:00,2017-07-29 10:20:00,2017-07-29 11:10:00,test
4089,4089,4094,4095,4100,2017-07-29 09:30:00,2017-07-29 10:20:00,2017-07-29 10:30:00,2017-07-29 11:20:00,test
4090,4090,4095,4096,4101,2017-07-29 09:40:00,2017-07-29 10:30:00,2017-07-29 10:40:00,2017-07-29 11:30:00,test
4091,4091,4096,4097,4102,2017-07-29 09:50:00,2017-07-29 10:40:00,2017-07-29 10:50:00,2017-07-29 11:40:00,test
4092,4092,4097,4098,4103,2017-07-29 10:00:00,2017-07-29 10:50:00,2017-07-29 11:00:00,2017-07-29 11:50:00,test
4093,4093,4098,4099,4104,2017-07-29 10:10:00,2017-07-29 11:00:00,2017-07-29 11:10:00,2017-07-29 12:00:00,test
4094,4094,4099,4100,4105,2017-07-29 10:20:00,2017-07-29 11:10:00,2017-07-29 11:20:00,2017-07-29 12:10:00,test
4095,4095,4100,4101,4106,2017-07-29 10:30:00,2017-07-29 11:20:00,2017-07-29 11:30:00,2017-07-29 12:20:00,test
4096,4096,4101,4102,4107,2017-07-29 10:40:00,2017-07-29 11:30:00,2017-07-29 11:40:00,2017-07-29 12:30:00,test
4097,4097,4102,4103,4108,2017-07-29 10:50:00,2017-07-29 11:40:00,2017-07-29 11:50:00,2017-07-29 12:40:00,test
4098,4098,4103,4104,4109,2017-07-29 11:00:00,2017-07-29 11:50:00,2017-07-29 12:00:00,2017-07-29 12:50:00,test
4099,4099,4104,4105,4110,2017-07-29 11:10:00,2017-07-29 12:00:00,2017-07-29 12:10:00,2017-07-29 13:00:00,test
4100,4100,4105,4106,4111,2017-07-29 11:20:00,2017-07-29 12:10:00,2017-07-29 12:20:00,2017-07-29 13:10:00,test
4101,4101,4106,4107,4112,2017-07-29 11:30:00,2017-07-29 12:20:00,2017-07-29 12:30:00,2017-07-29 13:20:00,test
4102,4102,4107,4108,4113,2017-07-29 11:40:00,2017-07-29 12:30:00,2017-07-29 12:40:00,2017-07-29 13:30:00,test
4103,4103,4108,4109,4114,2017-07-29 11:50:00,2017-07-29 12:40:00,2017-07-29 12:50:00,2017-07-29 13:40:00,test
4104,4104,4109,4110,4115,2017-07-29 12:00:00,2017-07-29 12:50:00,2017-07-29 13:00:00,2017-07-29 13:50:00,test
4105,4105,4110,4111,4116,2017-07-29 12:10:00,2017-07-29 13:00:00,2017-07-29 13:10:00,2017-07-29 14:00:00,test
4106,4106,4111,4112,4117,2017-07-29 12:20:00,2017-07-29 13:10:00,2017-07-29 13:20:00,2017-07-29 14:10:00,test
4107,4107,4112,4113,4118,2017-07-29 12:30:00,2017-07-29 13:20:00,2017-07-29 13:30:00,2017-07-29 14:20:00,test
4108,4108,4113,4114,4119,2017-07-29 12:40:00,2017-07-29 13:30:00,2017-07-29 13:40:00,2017-07-29 14:30:00,test
4109,4109,4114,4115,4120,2017-07-29 12:50:00,2017-07-29 13:40:00,2017-07-29 13:50:00,2017-07-29 14:40:00,test
4110,4110,4115,4116,4121,2017-07-29 13:00:00,2017-07-29 13:50:00,2017-07-29 14:00:00,2017-07-29 14:50:00,test
4111,4111,4116,4117,4122,2017-07-29 13:10:00,2017-07-29 14:00:00,2017-07-29 14:10:00,2017-07-29 15:00:00,test
4112,4112,4117,4118,4123,2017-07-29 13:20:00,2017-07-29 14:10:00,2017-07-29 14:20:00,2017-07-29 15:10:00,test
4113,4113,4118,4119,4124,2017-07-29 13:30:00,2017-07-29 14:20:00,2017-07-29 14:30:00,2017-07-29 15:20:00,test
4114,4114,4119,4120,4125,2017-07-29 13:40:00,2017-07-29 14:30:00,2017-07-29 14:40:00,2017-07-29 15:30:00,test
4115,4115,4120,4121,4126,2017-07-29 13:50:00,2017-07-29 14:40:00,2017-07-29 14:50:00,2017-07-29 15:40:00,test
4116,4116,4121,4122,4127,2017-07-29 14:00:00,2017-07-29 14:50:00,2017-07-29 15:00:00,2017-07-29 15:50:00,test
4117,4117,4122,4123,4128,2017-07-29 14:10:00,2017-07-29 15:00:00,2017-07-29 15:10:00,2017-07-29 16:00:00,test
4118,4118,4123,4124,4129,2017-07-29 14:20:00,2017-07-29 15:10:00,2017-07-29 15:20:00,2017-07-29 16:10:00,test
4119,4119,4124,4125,4130,2017-07-29 14:30:00,2017-07-29 15:20:00,2017-07-29 15:30:00,2017-07-29 16:20:00,test
4120,4120,4125,4126,4131,2017-07-29 14:40:00,2017-07-29 15:30:00,2017-07-29 15:40:00,2017-07-29 16:30:00,test
4121,4121,4126,4127,4132,2017-07-29 14:50:00,2017-07-29 15:40:00,2017-07-29 15:50:00,2017-07-29 16:40:00,test
4122,4122,4127,4128,4133,2017-07-29 15:00:00,2017-07-29 15:50:00,2017-07-29 16:00:00,2017-07-29 16:50:00,test
4123,4123,4128,4129,4134,2017-07-29 15:10:00,2017-07-29 16:00:00,2017-07-29 16:10:00,2017-07-29 17:00:00,test
4124,4124,4129,4130,4135,2017-07-29 15:20:00,2017-07-29 16:10:00,2017-07-29 16:20:00,2017-07-29 17:10:00,test
4125,4125,4130,4131,4136,2017-07-29 15:30:00,2017-07-29 16:20:00,2017-07-29 16:30:00,2017-07-29 17:20:00,test
4126,4126,4131,4132,4137,2017-07-29 15:40:00,2017-07-29 16:30:00,2017-07-29 16:40:00,2017-07-29 17:30:00,test
4127,4127,4132,4133,4138,2017-07-29 15:50:00,2017-07-29 16:40:00,2017-07-29 16:50:00,2017-07-29 17:40:00,test
4128,4128,4133,4134,4139,2017-07-29 16:00:00,2017-07-29 16:50:00,2017-07-29 17:00:00,2017-07-29 17:50:00,test
4129,4129,4134,4135,4140,2017-07-29 16:10:00,2017-07-29 17:00:00,2017-07-29 17:10:00,2017-07-29 18:00:00,test
4130,4130,4135,4136,4141,2017-07-29 16:20:00,2017-07-29 17:10:00,2017-07-29 17:20:00,2017-07-29 18:10:00,test
4131,4131,4136,4137,4142,2017-07-29 16:30:00,2017-07-29 17:20:00,2017-07-29 17:30:00,2017-07-29 18:20:00,test
4132,4132,4137,4138,4143,2017-07-29 16:40:00,2017-07-29 17:30:00,2017-07-29 17:40:00,2017-07-29 18:30:00,test
4133,4133,4138,4139,4144,2017-07-29 16:50:00,2017-07-29 17:40:00,2017-07-29 17:50:00,2017-07-29 18:40:00,test
4134,4134,4139,4140,4145,2017-07-29 17:00:00,2017-07-29 17:50:00,2017-07-29 18:00:00,2017-07-29 18:50:00,test
4135,4135,4140,4141,4146,2017-07-29 17:10:00,2017-07-29 18:00:00,2017-07-29 18:10:00,2017-07-29 19:00:00,test
4136,4136,4141,4142,4147,2017-07-29 17:20:00,2017-07-29 18:10:00,2017-07-29 18:20:00,2017-07-29 19:10:00,test
4137,4137,4142,4143,4148,2017-07-29 17:30:00,2017-07-29 18:20:00,2017-07-29 18:30:00,2017-07-29 19:20:00,test
4138,4138,4143,4144,4149,2017-07-29 17:40:00,2017-07-29 18:30:00,2017-07-29 18:40:00,2017-07-29 19:30:00,test
4139,4139,4144,4145,4150,2017-07-29 17:50:00,2017-07-29 18:40:00,2017-07-29 18:50:00,2017-07-29 19:40:00,test
4140,4140,4145,4146,4151,2017-07-29 18:00:00,2017-07-29 18:50:00,2017-07-29 19:00:00,2017-07-29 19:50:00,test
4141,4141,4146,4147,4152,2017-07-29 18:10:00,2017-07-29 19:00:00,2017-07-29 19:10:00,2017-07-29 20:00:00,test
4142,4142,4147,4148,4153,2017-07-29 18:20:00,2017-07-29 19:10:00,2017-07-29 19:20:00,2017-07-29 20:10:00,test
4143,4143,4148,4149,4154,2017-07-29 18:30:00,2017-07-29 19:20:00,2017-07-29 19:30:00,2017-07-29 20:20:00,test
4144,4144,4149,4150,4155,2017-07-29 18:40:00,2017-07-29 19:30:00,2017-07-29 19:40:00,2017-07-29 20:30:00,test
4145,4145,4150,4151,4156,2017-07-29 18:50:00,2017-07-29 19:40:00,2017-07-29 19:50:00,2017-07-29 20:40:00,test
4146,4146,4151,4152,4157,2017-07-29 19:00:00,2017-07-29 19:50:00,2017-07-29 20:00:00,2017-07-29 20:50:00,test
4147,4147,4152,4153,4158,2017-07-29 19:10:00,2017-07-29 20:00:00,2017-07-29 20:10:00,2017-07-29 21:00:00,test
4148,4148,4153,4154,4159,2017-07-29 19:20:00,2017-07-29 20:10:00,2017-07-29 20:20:00,2017-07-29 21:10:00,test
4149,4149,4154,4155,4160,2017-07-29 19:30:00,2017-07-29 20:20:00,2017-07-29 20:30:00,2017-07-29 21:20:00,test
4150,4150,4155,4156,4161,2017-07-29 19:40:00,2017-07-29 20:30:00,2017-07-29 20:40:00,2017-07-29 21:30:00,test
4151,4151,4156,4157,4162,2017-07-29 19:50:00,2017-07-29 20:40:00,2017-07-29 20:50:00,2017-07-29 21:40:00,test
4152,4152,4157,4158,4163,2017-07-29 20:00:00,2017-07-29 20:50:00,2017-07-29 21:00:00,2017-07-29 21:50:00,test
4153,4153,4158,4159,4164,2017-07-29 20:10:00,2017-07-29 21:00:00,2017-07-29 21:10:00,2017-07-29 22:00:00,test
4154,4154,4159,4160,4165,2017-07-29 20:20:00,2017-07-29 21:10:00,2017-07-29 21:20:00,2017-07-29 22:10:00,test
4155,4155,4160,4161,4166,2017-07-29 20:30:00,2017-07-29 21:20:00,2017-07-29 21:30:00,2017-07-29 22:20:00,test
4156,4156,4161,4162,4167,2017-07-29 20:40:00,2017-07-29 21:30:00,2017-07-29 21:40:00,2017-07-29 22:30:00,test
4157,4157,4162,4163,4168,2017-07-29 20:50:00,2017-07-29 21:40:00,2017-07-29 21:50:00,2017-07-29 22:40:00,test
4158,4158,4163,4164,4169,2017-07-29 21:00:00,2017-07-29 21:50:00,2017-07-29 22:00:00,2017-07-29 22:50:00,test
4159,4159,4164,4165,4170,2017-07-29 21:10:00,2017-07-29 22:00:00,2017-07-29 22:10:00,2017-07-29 23:00:00,test
4160,4160,4165,4166,4171,2017-07-29 21:20:00,2017-07-29 22:10:00,2017-07-29 22:20:00,2017-07-29 23:10:00,test
4161,4161,4166,4167,4172,2017-07-29 21:30:00,2017-07-29 22:20:00,2017-07-29 22:30:00,2017-07-29 23:20:00,test
4162,4162,4167,4168,4173,2017-07-29 21:40:00,2017-07-29 22:30:00,2017-07-29 22:40:00,2017-07-29 23:30:00,test
4163,4163,4168,4169,4174,2017-07-29 21:50:00,2017-07-29 22:40:00,2017-07-29 22:50:00,2017-07-29 23:40:00,test
4164,4164,4169,4170,4175,2017-07-29 22:00:00,2017-07-29 22:50:00,2017-07-29 23:00:00,2017-07-29 23:50:00,test
4165,4165,4170,4171,4176,2017-07-29 22:10:00,2017-07-29 23:00:00,2017-07-29 23:10:00,2017-07-30 00:00:00,test
4166,4166,4171,4172,4177,2017-07-29 22:20:00,2017-07-29 23:10:00,2017-07-29 23:20:00,2017-07-30 00:10:00,test
4167,4167,4172,4173,4178,2017-07-29 22:30:00,2017-07-29 23:20:00,2017-07-29 23:30:00,2017-07-30 00:20:00,test
4168,4168,4173,4174,4179,2017-07-29 22:40:00,2017-07-29 23:30:00,2017-07-29 23:40:00,2017-07-30 00:30:00,test
4169,4169,4174,4175,4180,2017-07-29 22:50:00,2017-07-29 23:40:00,2017-07-29 23:50:00,2017-07-30 00:40:00,test
4170,4170,4175,4176,4181,2017-07-29 23:00:00,2017-07-29 23:50:00,2017-07-30 00:00:00,2017-07-30 00:50:00,test
4171,4171,4176,4177,4182,2017-07-29 23:10:00,2017-07-30 00:00:00,2017-07-30 00:10:00,2017-07-30 01:00:00,test
4172,4172,4177,4178,4183,2017-07-29 23:20:00,2017-07-30 00:10:00,2017-07-30 00:20:00,2017-07-30 01:10:00,test
4173,4173,4178,4179,4184,2017-07-29 23:30:00,2017-07-30 00:20:00,2017-07-30 00:30:00,2017-07-30 01:20:00,test
4174,4174,4179,4180,4185,2017-07-29 23:40:00,2017-07-30 00:30:00,2017-07-30 00:40:00,2017-07-30 01:30:00,test
4175,4175,4180,4181,4186,2017-07-29 23:50:00,2017-07-30 00:40:00,2017-07-30 00:50:00,2017-07-30 01:40:00,test
4176,4176,4181,4182,4187,2017-07-30 00:00:00,2017-07-30 00:50:00,2017-07-30 01:00:00,2017-07-30 01:50:00,test
4177,4177,4182,4183,4188,2017-07-30 00:10:00,2017-07-30 01:00:00,2017-07-30 01:10:00,2017-07-30 02:00:00,test
4178,4178,4183,4184,4189,2017-07-30 00:20:00,2017-07-30 01:10:00,2017-07-30 01:20:00,2017-07-30 02:10:00,test
4179,4179,4184,4185,4190,2017-07-30 00:30:00,2017-07-30 01:20:00,2017-07-30 01:30:00,2017-07-30 02:20:00,test
4180,4180,4185,4186,4191,2017-07-30 00:40:00,2017-07-30 01:30:00,2017-07-30 01:40:00,2017-07-30 02:30:00,test
4181,4181,4186,4187,4192,2017-07-30 00:50:00,2017-07-30 01:40:00,2017-07-30 01:50:00,2017-07-30 02:40:00,test
4182,4182,4187,4188,4193,2017-07-30 01:00:00,2017-07-30 01:50:00,2017-07-30 02:00:00,2017-07-30 02:50:00,test
4183,4183,4188,4189,4194,2017-07-30 01:10:00,2017-07-30 02:00:00,2017-07-30 02:10:00,2017-07-30 03:00:00,test
4184,4184,4189,4190,4195,2017-07-30 01:20:00,2017-07-30 02:10:00,2017-07-30 02:20:00,2017-07-30 03:10:00,test
4185,4185,4190,4191,4196,2017-07-30 01:30:00,2017-07-30 02:20:00,2017-07-30 02:30:00,2017-07-30 03:20:00,test
4186,4186,4191,4192,4197,2017-07-30 01:40:00,2017-07-30 02:30:00,2017-07-30 02:40:00,2017-07-30 03:30:00,test
4187,4187,4192,4193,4198,2017-07-30 01:50:00,2017-07-30 02:40:00,2017-07-30 02:50:00,2017-07-30 03:40:00,test
4188,4188,4193,4194,4199,2017-07-30 02:00:00,2017-07-30 02:50:00,2017-07-30 03:00:00,2017-07-30 03:50:00,test
4189,4189,4194,4195,4200,2017-07-30 02:10:00,2017-07-30 03:00:00,2017-07-30 03:10:00,2017-07-30 04:00:00,test
4190,4190,4195,4196,4201,2017-07-30 02:20:00,2017-07-30 03:10:00,2017-07-30 03:20:00,2017-07-30 04:10:00,test
4191,4191,4196,4197,4202,2017-07-30 02:30:00,2017-07-30 03:20:00,2017-07-30 03:30:00,2017-07-30 04:20:00,test
4192,4192,4197,4198,4203,2017-07-30 02:40:00,2017-07-30 03:30:00,2017-07-30 03:40:00,2017-07-30 04:30:00,test
4193,4193,4198,4199,4204,2017-07-30 02:50:00,2017-07-30 03:40:00,2017-07-30 03:50:00,2017-07-30 04:40:00,test
4194,4194,4199,4200,4205,2017-07-30 03:00:00,2017-07-30 03:50:00,2017-07-30 04:00:00,2017-07-30 04:50:00,test
4195,4195,4200,4201,4206,2017-07-30 03:10:00,2017-07-30 04:00:00,2017-07-30 04:10:00,2017-07-30 05:00:00,test
4196,4196,4201,4202,4207,2017-07-30 03:20:00,2017-07-30 04:10:00,2017-07-30 04:20:00,2017-07-30 05:10:00,test
4197,4197,4202,4203,4208,2017-07-30 03:30:00,2017-07-30 04:20:00,2017-07-30 04:30:00,2017-07-30 05:20:00,test
4198,4198,4203,4204,4209,2017-07-30 03:40:00,2017-07-30 04:30:00,2017-07-30 04:40:00,2017-07-30 05:30:00,test
4199,4199,4204,4205,4210,2017-07-30 03:50:00,2017-07-30 04:40:00,2017-07-30 04:50:00,2017-07-30 05:40:00,test
4200,4200,4205,4206,4211,2017-07-30 04:00:00,2017-07-30 04:50:00,2017-07-30 05:00:00,2017-07-30 05:50:00,test
4201,4201,4206,4207,4212,2017-07-30 04:10:00,2017-07-30 05:00:00,2017-07-30 05:10:00,2017-07-30 06:00:00,test
4202,4202,4207,4208,4213,2017-07-30 04:20:00,2017-07-30 05:10:00,2017-07-30 05:20:00,2017-07-30 06:10:00,test
4203,4203,4208,4209,4214,2017-07-30 04:30:00,2017-07-30 05:20:00,2017-07-30 05:30:00,2017-07-30 06:20:00,test
4204,4204,4209,4210,4215,2017-07-30 04:40:00,2017-07-30 05:30:00,2017-07-30 05:40:00,2017-07-30 06:30:00,test
4205,4205,4210,4211,4216,2017-07-30 04:50:00,2017-07-30 05:40:00,2017-07-30 05:50:00,2017-07-30 06:40:00,test
4206,4206,4211,4212,4217,2017-07-30 05:00:00,2017-07-30 05:50:00,2017-07-30 06:00:00,2017-07-30 06:50:00,test
4207,4207,4212,4213,4218,2017-07-30 05:10:00,2017-07-30 06:00:00,2017-07-30 06:10:00,2017-07-30 07:00:00,test
4208,4208,4213,4214,4219,2017-07-30 05:20:00,2017-07-30 06:10:00,2017-07-30 06:20:00,2017-07-30 07:10:00,test
4209,4209,4214,4215,4220,2017-07-30 05:30:00,2017-07-30 06:20:00,2017-07-30 06:30:00,2017-07-30 07:20:00,test
4210,4210,4215,4216,4221,2017-07-30 05:40:00,2017-07-30 06:30:00,2017-07-30 06:40:00,2017-07-30 07:30:00,test
4211,4211,4216,4217,4222,2017-07-30 05:50:00,2017-07-30 06:40:00,2017-07-30 06:50:00,2017-07-30 07:40:00,test
4212,4212,4217,4218,4223,2017-07-30 06:00:00,2017-07-30 06:50:00,2017-07-30 07:00:00,2017-07-30 07:50:00,test
4213,4213,4218,4219,4224,2017-07-30 06:10:00,2017-07-30 07:00:00,2017-07-30 07:10:00,2017-07-30 08:00:00,test
4214,4214,4219,4220,4225,2017-07-30 06:20:00,2017-07-30 07:10:00,2017-07-30 07:20:00,2017-07-30 08:10:00,test
4215,4215,4220,4221,4226,2017-07-30 06:30:00,2017-07-30 07:20:00,2017-07-30 07:30:00,2017-07-30 08:20:00,test
4216,4216,4221,4222,4227,2017-07-30 06:40:00,2017-07-30 07:30:00,2017-07-30 07:40:00,2017-07-30 08:30:00,test
4217,4217,4222,4223,4228,2017-07-30 06:50:00,2017-07-30 07:40:00,2017-07-30 07:50:00,2017-07-30 08:40:00,test
4218,4218,4223,4224,4229,2017-07-30 07:00:00,2017-07-30 07:50:00,2017-07-30 08:00:00,2017-07-30 08:50:00,test
4219,4219,4224,4225,4230,2017-07-30 07:10:00,2017-07-30 08:00:00,2017-07-30 08:10:00,2017-07-30 09:00:00,test
4220,4220,4225,4226,4231,2017-07-30 07:20:00,2017-07-30 08:10:00,2017-07-30 08:20:00,2017-07-30 09:10:00,test
4221,4221,4226,4227,4232,2017-07-30 07:30:00,2017-07-30 08:20:00,2017-07-30 08:30:00,2017-07-30 09:20:00,test
4222,4222,4227,4228,4233,2017-07-30 07:40:00,2017-07-30 08:30:00,2017-07-30 08:40:00,2017-07-30 09:30:00,test
4223,4223,4228,4229,4234,2017-07-30 07:50:00,2017-07-30 08:40:00,2017-07-30 08:50:00,2017-07-30 09:40:00,test
4224,4224,4229,4230,4235,2017-07-30 08:00:00,2017-07-30 08:50:00,2017-07-30 09:00:00,2017-07-30 09:50:00,test
4225,4225,4230,4231,4236,2017-07-30 08:10:00,2017-07-30 09:00:00,2017-07-30 09:10:00,2017-07-30 10:00:00,test
4226,4226,4231,4232,4237,2017-07-30 08:20:00,2017-07-30 09:10:00,2017-07-30 09:20:00,2017-07-30 10:10:00,test
4227,4227,4232,4233,4238,2017-07-30 08:30:00,2017-07-30 09:20:00,2017-07-30 09:30:00,2017-07-30 10:20:00,test
4228,4228,4233,4234,4239,2017-07-30 08:40:00,2017-07-30 09:30:00,2017-07-30 09:40:00,2017-07-30 10:30:00,test
4229,4229,4234,4235,4240,2017-07-30 08:50:00,2017-07-30 09:40:00,2017-07-30 09:50:00,2017-07-30 10:40:00,test
4230,4230,4235,4236,4241,2017-07-30 09:00:00,2017-07-30 09:50:00,2017-07-30 10:00:00,2017-07-30 10:50:00,test
4231,4231,4236,4237,4242,2017-07-30 09:10:00,2017-07-30 10:00:00,2017-07-30 10:10:00,2017-07-30 11:00:00,test
4232,4232,4237,4238,4243,2017-07-30 09:20:00,2017-07-30 10:10:00,2017-07-30 10:20:00,2017-07-30 11:10:00,test
4233,4233,4238,4239,4244,2017-07-30 09:30:00,2017-07-30 10:20:00,2017-07-30 10:30:00,2017-07-30 11:20:00,test
4234,4234,4239,4240,4245,2017-07-30 09:40:00,2017-07-30 10:30:00,2017-07-30 10:40:00,2017-07-30 11:30:00,test
4235,4235,4240,4241,4246,2017-07-30 09:50:00,2017-07-30 10:40:00,2017-07-30 10:50:00,2017-07-30 11:40:00,test
4236,4236,4241,4242,4247,2017-07-30 10:00:00,2017-07-30 10:50:00,2017-07-30 11:00:00,2017-07-30 11:50:00,test
4237,4237,4242,4243,4248,2017-07-30 10:10:00,2017-07-30 11:00:00,2017-07-30 11:10:00,2017-07-30 12:00:00,test
4238,4238,4243,4244,4249,2017-07-30 10:20:00,2017-07-30 11:10:00,2017-07-30 11:20:00,2017-07-30 12:10:00,test
4239,4239,4244,4245,4250,2017-07-30 10:30:00,2017-07-30 11:20:00,2017-07-30 11:30:00,2017-07-30 12:20:00,test
4240,4240,4245,4246,4251,2017-07-30 10:40:00,2017-07-30 11:30:00,2017-07-30 11:40:00,2017-07-30 12:30:00,test
4241,4241,4246,4247,4252,2017-07-30 10:50:00,2017-07-30 11:40:00,2017-07-30 11:50:00,2017-07-30 12:40:00,test
4242,4242,4247,4248,4253,2017-07-30 11:00:00,2017-07-30 11:50:00,2017-07-30 12:00:00,2017-07-30 12:50:00,test
4243,4243,4248,4249,4254,2017-07-30 11:10:00,2017-07-30 12:00:00,2017-07-30 12:10:00,2017-07-30 13:00:00,test
4244,4244,4249,4250,4255,2017-07-30 11:20:00,2017-07-30 12:10:00,2017-07-30 12:20:00,2017-07-30 13:10:00,test
4245,4245,4250,4251,4256,2017-07-30 11:30:00,2017-07-30 12:20:00,2017-07-30 12:30:00,2017-07-30 13:20:00,test
4246,4246,4251,4252,4257,2017-07-30 11:40:00,2017-07-30 12:30:00,2017-07-30 12:40:00,2017-07-30 13:30:00,test
4247,4247,4252,4253,4258,2017-07-30 11:50:00,2017-07-30 12:40:00,2017-07-30 12:50:00,2017-07-30 13:40:00,test
4248,4248,4253,4254,4259,2017-07-30 12:00:00,2017-07-30 12:50:00,2017-07-30 13:00:00,2017-07-30 13:50:00,test
4249,4249,4254,4255,4260,2017-07-30 12:10:00,2017-07-30 13:00:00,2017-07-30 13:10:00,2017-07-30 14:00:00,test
4250,4250,4255,4256,4261,2017-07-30 12:20:00,2017-07-30 13:10:00,2017-07-30 13:20:00,2017-07-30 14:10:00,test
4251,4251,4256,4257,4262,2017-07-30 12:30:00,2017-07-30 13:20:00,2017-07-30 13:30:00,2017-07-30 14:20:00,test
4252,4252,4257,4258,4263,2017-07-30 12:40:00,2017-07-30 13:30:00,2017-07-30 13:40:00,2017-07-30 14:30:00,test
4253,4253,4258,4259,4264,2017-07-30 12:50:00,2017-07-30 13:40:00,2017-07-30 13:50:00,2017-07-30 14:40:00,test
4254,4254,4259,4260,4265,2017-07-30 13:00:00,2017-07-30 13:50:00,2017-07-30 14:00:00,2017-07-30 14:50:00,test
4255,4255,4260,4261,4266,2017-07-30 13:10:00,2017-07-30 14:00:00,2017-07-30 14:10:00,2017-07-30 15:00:00,test
4256,4256,4261,4262,4267,2017-07-30 13:20:00,2017-07-30 14:10:00,2017-07-30 14:20:00,2017-07-30 15:10:00,test
4257,4257,4262,4263,4268,2017-07-30 13:30:00,2017-07-30 14:20:00,2017-07-30 14:30:00,2017-07-30 15:20:00,test
4258,4258,4263,4264,4269,2017-07-30 13:40:00,2017-07-30 14:30:00,2017-07-30 14:40:00,2017-07-30 15:30:00,test
4259,4259,4264,4265,4270,2017-07-30 13:50:00,2017-07-30 14:40:00,2017-07-30 14:50:00,2017-07-30 15:40:00,test
4260,4260,4265,4266,4271,2017-07-30 14:00:00,2017-07-30 14:50:00,2017-07-30 15:00:00,2017-07-30 15:50:00,test
4261,4261,4266,4267,4272,2017-07-30 14:10:00,2017-07-30 15:00:00,2017-07-30 15:10:00,2017-07-30 16:00:00,test
4262,4262,4267,4268,4273,2017-07-30 14:20:00,2017-07-30 15:10:00,2017-07-30 15:20:00,2017-07-30 16:10:00,test
4263,4263,4268,4269,4274,2017-07-30 14:30:00,2017-07-30 15:20:00,2017-07-30 15:30:00,2017-07-30 16:20:00,test
4264,4264,4269,4270,4275,2017-07-30 14:40:00,2017-07-30 15:30:00,2017-07-30 15:40:00,2017-07-30 16:30:00,test
4265,4265,4270,4271,4276,2017-07-30 14:50:00,2017-07-30 15:40:00,2017-07-30 15:50:00,2017-07-30 16:40:00,test
4266,4266,4271,4272,4277,2017-07-30 15:00:00,2017-07-30 15:50:00,2017-07-30 16:00:00,2017-07-30 16:50:00,test
4267,4267,4272,4273,4278,2017-07-30 15:10:00,2017-07-30 16:00:00,2017-07-30 16:10:00,2017-07-30 17:00:00,test
4268,4268,4273,4274,4279,2017-07-30 15:20:00,2017-07-30 16:10:00,2017-07-30 16:20:00,2017-07-30 17:10:00,test
4269,4269,4274,4275,4280,2017-07-30 15:30:00,2017-07-30 16:20:00,2017-07-30 16:30:00,2017-07-30 17:20:00,test
4270,4270,4275,4276,4281,2017-07-30 15:40:00,2017-07-30 16:30:00,2017-07-30 16:40:00,2017-07-30 17:30:00,test
4271,4271,4276,4277,4282,2017-07-30 15:50:00,2017-07-30 16:40:00,2017-07-30 16:50:00,2017-07-30 17:40:00,test
4272,4272,4277,4278,4283,2017-07-30 16:00:00,2017-07-30 16:50:00,2017-07-30 17:00:00,2017-07-30 17:50:00,test
4273,4273,4278,4279,4284,2017-07-30 16:10:00,2017-07-30 17:00:00,2017-07-30 17:10:00,2017-07-30 18:00:00,test
4274,4274,4279,4280,4285,2017-07-30 16:20:00,2017-07-30 17:10:00,2017-07-30 17:20:00,2017-07-30 18:10:00,test
4275,4275,4280,4281,4286,2017-07-30 16:30:00,2017-07-30 17:20:00,2017-07-30 17:30:00,2017-07-30 18:20:00,test
4276,4276,4281,4282,4287,2017-07-30 16:40:00,2017-07-30 17:30:00,2017-07-30 17:40:00,2017-07-30 18:30:00,test
4277,4277,4282,4283,4288,2017-07-30 16:50:00,2017-07-30 17:40:00,2017-07-30 17:50:00,2017-07-30 18:40:00,test
4278,4278,4283,4284,4289,2017-07-30 17:00:00,2017-07-30 17:50:00,2017-07-30 18:00:00,2017-07-30 18:50:00,test
4279,4279,4284,4285,4290,2017-07-30 17:10:00,2017-07-30 18:00:00,2017-07-30 18:10:00,2017-07-30 19:00:00,test
4280,4280,4285,4286,4291,2017-07-30 17:20:00,2017-07-30 18:10:00,2017-07-30 18:20:00,2017-07-30 19:10:00,test
4281,4281,4286,4287,4292,2017-07-30 17:30:00,2017-07-30 18:20:00,2017-07-30 18:30:00,2017-07-30 19:20:00,test
4282,4282,4287,4288,4293,2017-07-30 17:40:00,2017-07-30 18:30:00,2017-07-30 18:40:00,2017-07-30 19:30:00,test
4283,4283,4288,4289,4294,2017-07-30 17:50:00,2017-07-30 18:40:00,2017-07-30 18:50:00,2017-07-30 19:40:00,test
4284,4284,4289,4290,4295,2017-07-30 18:00:00,2017-07-30 18:50:00,2017-07-30 19:00:00,2017-07-30 19:50:00,test
4285,4285,4290,4291,4296,2017-07-30 18:10:00,2017-07-30 19:00:00,2017-07-30 19:10:00,2017-07-30 20:00:00,test
4286,4286,4291,4292,4297,2017-07-30 18:20:00,2017-07-30 19:10:00,2017-07-30 19:20:00,2017-07-30 20:10:00,test
4287,4287,4292,4293,4298,2017-07-30 18:30:00,2017-07-30 19:20:00,2017-07-30 19:30:00,2017-07-30 20:20:00,test
4288,4288,4293,4294,4299,2017-07-30 18:40:00,2017-07-30 19:30:00,2017-07-30 19:40:00,2017-07-30 20:30:00,test
4289,4289,4294,4295,4300,2017-07-30 18:50:00,2017-07-30 19:40:00,2017-07-30 19:50:00,2017-07-30 20:40:00,test
4290,4290,4295,4296,4301,2017-07-30 19:00:00,2017-07-30 19:50:00,2017-07-30 20:00:00,2017-07-30 20:50:00,test
4291,4291,4296,4297,4302,2017-07-30 19:10:00,2017-07-30 20:00:00,2017-07-30 20:10:00,2017-07-30 21:00:00,test
4292,4292,4297,4298,4303,2017-07-30 19:20:00,2017-07-30 20:10:00,2017-07-30 20:20:00,2017-07-30 21:10:00,test
4293,4293,4298,4299,4304,2017-07-30 19:30:00,2017-07-30 20:20:00,2017-07-30 20:30:00,2017-07-30 21:20:00,test
4294,4294,4299,4300,4305,2017-07-30 19:40:00,2017-07-30 20:30:00,2017-07-30 20:40:00,2017-07-30 21:30:00,test
4295,4295,4300,4301,4306,2017-07-30 19:50:00,2017-07-30 20:40:00,2017-07-30 20:50:00,2017-07-30 21:40:00,test
4296,4296,4301,4302,4307,2017-07-30 20:00:00,2017-07-30 20:50:00,2017-07-30 21:00:00,2017-07-30 21:50:00,test
4297,4297,4302,4303,4308,2017-07-30 20:10:00,2017-07-30 21:00:00,2017-07-30 21:10:00,2017-07-30 22:00:00,test
4298,4298,4303,4304,4309,2017-07-30 20:20:00,2017-07-30 21:10:00,2017-07-30 21:20:00,2017-07-30 22:10:00,test
4299,4299,4304,4305,4310,2017-07-30 20:30:00,2017-07-30 21:20:00,2017-07-30 21:30:00,2017-07-30 22:20:00,test
4300,4300,4305,4306,4311,2017-07-30 20:40:00,2017-07-30 21:30:00,2017-07-30 21:40:00,2017-07-30 22:30:00,test
4301,4301,4306,4307,4312,2017-07-30 20:50:00,2017-07-30 21:40:00,2017-07-30 21:50:00,2017-07-30 22:40:00,test
4302,4302,4307,4308,4313,2017-07-30 21:00:00,2017-07-30 21:50:00,2017-07-30 22:00:00,2017-07-30 22:50:00,test
4303,4303,4308,4309,4314,2017-07-30 21:10:00,2017-07-30 22:00:00,2017-07-30 22:10:00,2017-07-30 23:00:00,test
4304,4304,4309,4310,4315,2017-07-30 21:20:00,2017-07-30 22:10:00,2017-07-30 22:20:00,2017-07-30 23:10:00,test
4305,4305,4310,4311,4316,2017-07-30 21:30:00,2017-07-30 22:20:00,2017-07-30 22:30:00,2017-07-30 23:20:00,test
4306,4306,4311,4312,4317,2017-07-30 21:40:00,2017-07-30 22:30:00,2017-07-30 22:40:00,2017-07-30 23:30:00,test
4307,4307,4312,4313,4318,2017-07-30 21:50:00,2017-07-30 22:40:00,2017-07-30 22:50:00,2017-07-30 23:40:00,test
4308,4308,4313,4314,4319,2017-07-30 22:00:00,2017-07-30 22:50:00,2017-07-30 23:00:00,2017-07-30 23:50:00,test
4309,4309,4314,4315,4320,2017-07-30 22:10:00,2017-07-30 23:00:00,2017-07-30 23:10:00,2017-07-31 00:00:00,test
4310,4310,4315,4316,4321,2017-07-30 22:20:00,2017-07-30 23:10:00,2017-07-30 23:20:00,2017-07-31 00:10:00,test
4311,4311,4316,4317,4322,2017-07-30 22:30:00,2017-07-30 23:20:00,2017-07-30 23:30:00,2017-07-31 00:20:00,test
4312,4312,4317,4318,4323,2017-07-30 22:40:00,2017-07-30 23:30:00,2017-07-30 23:40:00,2017-07-31 00:30:00,test
4313,4313,4318,4319,4324,2017-07-30 22:50:00,2017-07-30 23:40:00,2017-07-30 23:50:00,2017-07-31 00:40:00,test
4314,4314,4319,4320,4325,2017-07-30 23:00:00,2017-07-30 23:50:00,2017-07-31 00:00:00,2017-07-31 00:50:00,test
4315,4315,4320,4321,4326,2017-07-30 23:10:00,2017-07-31 00:00:00,2017-07-31 00:10:00,2017-07-31 01:00:00,test
4316,4316,4321,4322,4327,2017-07-30 23:20:00,2017-07-31 00:10:00,2017-07-31 00:20:00,2017-07-31 01:10:00,test
4317,4317,4322,4323,4328,2017-07-30 23:30:00,2017-07-31 00:20:00,2017-07-31 00:30:00,2017-07-31 01:20:00,test
4318,4318,4323,4324,4329,2017-07-30 23:40:00,2017-07-31 00:30:00,2017-07-31 00:40:00,2017-07-31 01:30:00,test
4319,4319,4324,4325,4330,2017-07-30 23:50:00,2017-07-31 00:40:00,2017-07-31 00:50:00,2017-07-31 01:40:00,test
4320,4320,4325,4326,4331,2017-07-31 00:00:00,2017-07-31 00:50:00,2017-07-31 01:00:00,2017-07-31 01:50:00,test
4321,4321,4326,4327,4332,2017-07-31 00:10:00,2017-07-31 01:00:00,2017-07-31 01:10:00,2017-07-31 02:00:00,test
4322,4322,4327,4328,4333,2017-07-31 00:20:00,2017-07-31 01:10:00,2017-07-31 01:20:00,2017-07-31 02:10:00,test
4323,4323,4328,4329,4334,2017-07-31 00:30:00,2017-07-31 01:20:00,2017-07-31 01:30:00,2017-07-31 02:20:00,test
4324,4324,4329,4330,4335,2017-07-31 00:40:00,2017-07-31 01:30:00,2017-07-31 01:40:00,2017-07-31 02:30:00,test
4325,4325,4330,4331,4336,2017-07-31 00:50:00,2017-07-31 01:40:00,2017-07-31 01:50:00,2017-07-31 02:40:00,test
4326,4326,4331,4332,4337,2017-07-31 01:00:00,2017-07-31 01:50:00,2017-07-31 02:00:00,2017-07-31 02:50:00,test
4327,4327,4332,4333,4338,2017-07-31 01:10:00,2017-07-31 02:00:00,2017-07-31 02:10:00,2017-07-31 03:00:00,test
4328,4328,4333,4334,4339,2017-07-31 01:20:00,2017-07-31 02:10:00,2017-07-31 02:20:00,2017-07-31 03:10:00,test
4329,4329,4334,4335,4340,2017-07-31 01:30:00,2017-07-31 02:20:00,2017-07-31 02:30:00,2017-07-31 03:20:00,test
4330,4330,4335,4336,4341,2017-07-31 01:40:00,2017-07-31 02:30:00,2017-07-31 02:40:00,2017-07-31 03:30:00,test
4331,4331,4336,4337,4342,2017-07-31 01:50:00,2017-07-31 02:40:00,2017-07-31 02:50:00,2017-07-31 03:40:00,test
4332,4332,4337,4338,4343,2017-07-31 02:00:00,2017-07-31 02:50:00,2017-07-31 03:00:00,2017-07-31 03:50:00,test
4333,4333,4338,4339,4344,2017-07-31 02:10:00,2017-07-31 03:00:00,2017-07-31 03:10:00,2017-07-31 04:00:00,test
4334,4334,4339,4340,4345,2017-07-31 02:20:00,2017-07-31 03:10:00,2017-07-31 03:20:00,2017-07-31 04:10:00,test
4335,4335,4340,4341,4346,2017-07-31 02:30:00,2017-07-31 03:20:00,2017-07-31 03:30:00,2017-07-31 04:20:00,test
4336,4336,4341,4342,4347,2017-07-31 02:40:00,2017-07-31 03:30:00,2017-07-31 03:40:00,2017-07-31 04:30:00,test
4337,4337,4342,4343,4348,2017-07-31 02:50:00,2017-07-31 03:40:00,2017-07-31 03:50:00,2017-07-31 04:40:00,test
4338,4338,4343,4344,4349,2017-07-31 03:00:00,2017-07-31 03:50:00,2017-07-31 04:00:00,2017-07-31 04:50:00,test
4339,4339,4344,4345,4350,2017-07-31 03:10:00,2017-07-31 04:00:00,2017-07-31 04:10:00,2017-07-31 05:00:00,test
4340,4340,4345,4346,4351,2017-07-31 03:20:00,2017-07-31 04:10:00,2017-07-31 04:20:00,2017-07-31 05:10:00,test
4341,4341,4346,4347,4352,2017-07-31 03:30:00,2017-07-31 04:20:00,2017-07-31 04:30:00,2017-07-31 05:20:00,test
4342,4342,4347,4348,4353,2017-07-31 03:40:00,2017-07-31 04:30:00,2017-07-31 04:40:00,2017-07-31 05:30:00,test
4343,4343,4348,4349,4354,2017-07-31 03:50:00,2017-07-31 04:40:00,2017-07-31 04:50:00,2017-07-31 05:40:00,test
4344,4344,4349,4350,4355,2017-07-31 04:00:00,2017-07-31 04:50:00,2017-07-31 05:00:00,2017-07-31 05:50:00,test
4345,4345,4350,4351,4356,2017-07-31 04:10:00,2017-07-31 05:00:00,2017-07-31 05:10:00,2017-07-31 06:00:00,test
4346,4346,4351,4352,4357,2017-07-31 04:20:00,2017-07-31 05:10:00,2017-07-31 05:20:00,2017-07-31 06:10:00,test
4347,4347,4352,4353,4358,2017-07-31 04:30:00,2017-07-31 05:20:00,2017-07-31 05:30:00,2017-07-31 06:20:00,test
4348,4348,4353,4354,4359,2017-07-31 04:40:00,2017-07-31 05:30:00,2017-07-31 05:40:00,2017-07-31 06:30:00,test
4349,4349,4354,4355,4360,2017-07-31 04:50:00,2017-07-31 05:40:00,2017-07-31 05:50:00,2017-07-31 06:40:00,test
4350,4350,4355,4356,4361,2017-07-31 05:00:00,2017-07-31 05:50:00,2017-07-31 06:00:00,2017-07-31 06:50:00,test
4351,4351,4356,4357,4362,2017-07-31 05:10:00,2017-07-31 06:00:00,2017-07-31 06:10:00,2017-07-31 07:00:00,test
4352,4352,4357,4358,4363,2017-07-31 05:20:00,2017-07-31 06:10:00,2017-07-31 06:20:00,2017-07-31 07:10:00,test
4353,4353,4358,4359,4364,2017-07-31 05:30:00,2017-07-31 06:20:00,2017-07-31 06:30:00,2017-07-31 07:20:00,test
4354,4354,4359,4360,4365,2017-07-31 05:40:00,2017-07-31 06:30:00,2017-07-31 06:40:00,2017-07-31 07:30:00,test
4355,4355,4360,4361,4366,2017-07-31 05:50:00,2017-07-31 06:40:00,2017-07-31 06:50:00,2017-07-31 07:40:00,test
4356,4356,4361,4362,4367,2017-07-31 06:00:00,2017-07-31 06:50:00,2017-07-31 07:00:00,2017-07-31 07:50:00,test
4357,4357,4362,4363,4368,2017-07-31 06:10:00,2017-07-31 07:00:00,2017-07-31 07:10:00,2017-07-31 08:00:00,test
4358,4358,4363,4364,4369,2017-07-31 06:20:00,2017-07-31 07:10:00,2017-07-31 07:20:00,2017-07-31 08:10:00,test
4359,4359,4364,4365,4370,2017-07-31 06:30:00,2017-07-31 07:20:00,2017-07-31 07:30:00,2017-07-31 08:20:00,test
4360,4360,4365,4366,4371,2017-07-31 06:40:00,2017-07-31 07:30:00,2017-07-31 07:40:00,2017-07-31 08:30:00,test
4361,4361,4366,4367,4372,2017-07-31 06:50:00,2017-07-31 07:40:00,2017-07-31 07:50:00,2017-07-31 08:40:00,test
4362,4362,4367,4368,4373,2017-07-31 07:00:00,2017-07-31 07:50:00,2017-07-31 08:00:00,2017-07-31 08:50:00,test
4363,4363,4368,4369,4374,2017-07-31 07:10:00,2017-07-31 08:00:00,2017-07-31 08:10:00,2017-07-31 09:00:00,test
4364,4364,4369,4370,4375,2017-07-31 07:20:00,2017-07-31 08:10:00,2017-07-31 08:20:00,2017-07-31 09:10:00,test
4365,4365,4370,4371,4376,2017-07-31 07:30:00,2017-07-31 08:20:00,2017-07-31 08:30:00,2017-07-31 09:20:00,test
4366,4366,4371,4372,4377,2017-07-31 07:40:00,2017-07-31 08:30:00,2017-07-31 08:40:00,2017-07-31 09:30:00,test
4367,4367,4372,4373,4378,2017-07-31 07:50:00,2017-07-31 08:40:00,2017-07-31 08:50:00,2017-07-31 09:40:00,test
4368,4368,4373,4374,4379,2017-07-31 08:00:00,2017-07-31 08:50:00,2017-07-31 09:00:00,2017-07-31 09:50:00,test
4369,4369,4374,4375,4380,2017-07-31 08:10:00,2017-07-31 09:00:00,2017-07-31 09:10:00,2017-07-31 10:00:00,test
4370,4370,4375,4376,4381,2017-07-31 08:20:00,2017-07-31 09:10:00,2017-07-31 09:20:00,2017-07-31 10:10:00,test
4371,4371,4376,4377,4382,2017-07-31 08:30:00,2017-07-31 09:20:00,2017-07-31 09:30:00,2017-07-31 10:20:00,test
4372,4372,4377,4378,4383,2017-07-31 08:40:00,2017-07-31 09:30:00,2017-07-31 09:40:00,2017-07-31 10:30:00,test
4373,4373,4378,4379,4384,2017-07-31 08:50:00,2017-07-31 09:40:00,2017-07-31 09:50:00,2017-07-31 10:40:00,test
4374,4374,4379,4380,4385,2017-07-31 09:00:00,2017-07-31 09:50:00,2017-07-31 10:00:00,2017-07-31 10:50:00,test
4375,4375,4380,4381,4386,2017-07-31 09:10:00,2017-07-31 10:00:00,2017-07-31 10:10:00,2017-07-31 11:00:00,test
4376,4376,4381,4382,4387,2017-07-31 09:20:00,2017-07-31 10:10:00,2017-07-31 10:20:00,2017-07-31 11:10:00,test
4377,4377,4382,4383,4388,2017-07-31 09:30:00,2017-07-31 10:20:00,2017-07-31 10:30:00,2017-07-31 11:20:00,test
4378,4378,4383,4384,4389,2017-07-31 09:40:00,2017-07-31 10:30:00,2017-07-31 10:40:00,2017-07-31 11:30:00,test
4379,4379,4384,4385,4390,2017-07-31 09:50:00,2017-07-31 10:40:00,2017-07-31 10:50:00,2017-07-31 11:40:00,test
4380,4380,4385,4386,4391,2017-07-31 10:00:00,2017-07-31 10:50:00,2017-07-31 11:00:00,2017-07-31 11:50:00,test
4381,4381,4386,4387,4392,2017-07-31 10:10:00,2017-07-31 11:00:00,2017-07-31 11:10:00,2017-07-31 12:00:00,test
4382,4382,4387,4388,4393,2017-07-31 10:20:00,2017-07-31 11:10:00,2017-07-31 11:20:00,2017-07-31 12:10:00,test
4383,4383,4388,4389,4394,2017-07-31 10:30:00,2017-07-31 11:20:00,2017-07-31 11:30:00,2017-07-31 12:20:00,test
4384,4384,4389,4390,4395,2017-07-31 10:40:00,2017-07-31 11:30:00,2017-07-31 11:40:00,2017-07-31 12:30:00,test
4385,4385,4390,4391,4396,2017-07-31 10:50:00,2017-07-31 11:40:00,2017-07-31 11:50:00,2017-07-31 12:40:00,test
4386,4386,4391,4392,4397,2017-07-31 11:00:00,2017-07-31 11:50:00,2017-07-31 12:00:00,2017-07-31 12:50:00,test
4387,4387,4392,4393,4398,2017-07-31 11:10:00,2017-07-31 12:00:00,2017-07-31 12:10:00,2017-07-31 13:00:00,test
4388,4388,4393,4394,4399,2017-07-31 11:20:00,2017-07-31 12:10:00,2017-07-31 12:20:00,2017-07-31 13:10:00,test
4389,4389,4394,4395,4400,2017-07-31 11:30:00,2017-07-31 12:20:00,2017-07-31 12:30:00,2017-07-31 13:20:00,test
4390,4390,4395,4396,4401,2017-07-31 11:40:00,2017-07-31 12:30:00,2017-07-31 12:40:00,2017-07-31 13:30:00,test
4391,4391,4396,4397,4402,2017-07-31 11:50:00,2017-07-31 12:40:00,2017-07-31 12:50:00,2017-07-31 13:40:00,test
4392,4392,4397,4398,4403,2017-07-31 12:00:00,2017-07-31 12:50:00,2017-07-31 13:00:00,2017-07-31 13:50:00,test
4393,4393,4398,4399,4404,2017-07-31 12:10:00,2017-07-31 13:00:00,2017-07-31 13:10:00,2017-07-31 14:00:00,test
4394,4394,4399,4400,4405,2017-07-31 12:20:00,2017-07-31 13:10:00,2017-07-31 13:20:00,2017-07-31 14:10:00,test
4395,4395,4400,4401,4406,2017-07-31 12:30:00,2017-07-31 13:20:00,2017-07-31 13:30:00,2017-07-31 14:20:00,test
4396,4396,4401,4402,4407,2017-07-31 12:40:00,2017-07-31 13:30:00,2017-07-31 13:40:00,2017-07-31 14:30:00,test
4397,4397,4402,4403,4408,2017-07-31 12:50:00,2017-07-31 13:40:00,2017-07-31 13:50:00,2017-07-31 14:40:00,test
4398,4398,4403,4404,4409,2017-07-31 13:00:00,2017-07-31 13:50:00,2017-07-31 14:00:00,2017-07-31 14:50:00,test
4399,4399,4404,4405,4410,2017-07-31 13:10:00,2017-07-31 14:00:00,2017-07-31 14:10:00,2017-07-31 15:00:00,test
4400,4400,4405,4406,4411,2017-07-31 13:20:00,2017-07-31 14:10:00,2017-07-31 14:20:00,2017-07-31 15:10:00,test
4401,4401,4406,4407,4412,2017-07-31 13:30:00,2017-07-31 14:20:00,2017-07-31 14:30:00,2017-07-31 15:20:00,test
4402,4402,4407,4408,4413,2017-07-31 13:40:00,2017-07-31 14:30:00,2017-07-31 14:40:00,2017-07-31 15:30:00,test
4403,4403,4408,4409,4414,2017-07-31 13:50:00,2017-07-31 14:40:00,2017-07-31 14:50:00,2017-07-31 15:40:00,test
4404,4404,4409,4410,4415,2017-07-31 14:00:00,2017-07-31 14:50:00,2017-07-31 15:00:00,2017-07-31 15:50:00,test
4405,4405,4410,4411,4416,2017-07-31 14:10:00,2017-07-31 15:00:00,2017-07-31 15:10:00,2017-07-31 16:00:00,test
4406,4406,4411,4412,4417,2017-07-31 14:20:00,2017-07-31 15:10:00,2017-07-31 15:20:00,2017-07-31 16:10:00,test
4407,4407,4412,4413,4418,2017-07-31 14:30:00,2017-07-31 15:20:00,2017-07-31 15:30:00,2017-07-31 16:20:00,test
4408,4408,4413,4414,4419,2017-07-31 14:40:00,2017-07-31 15:30:00,2017-07-31 15:40:00,2017-07-31 16:30:00,test
4409,4409,4414,4415,4420,2017-07-31 14:50:00,2017-07-31 15:40:00,2017-07-31 15:50:00,2017-07-31 16:40:00,test
4410,4410,4415,4416,4421,2017-07-31 15:00:00,2017-07-31 15:50:00,2017-07-31 16:00:00,2017-07-31 16:50:00,test
4411,4411,4416,4417,4422,2017-07-31 15:10:00,2017-07-31 16:00:00,2017-07-31 16:10:00,2017-07-31 17:00:00,test
4412,4412,4417,4418,4423,2017-07-31 15:20:00,2017-07-31 16:10:00,2017-07-31 16:20:00,2017-07-31 17:10:00,test
4413,4413,4418,4419,4424,2017-07-31 15:30:00,2017-07-31 16:20:00,2017-07-31 16:30:00,2017-07-31 17:20:00,test
4414,4414,4419,4420,4425,2017-07-31 15:40:00,2017-07-31 16:30:00,2017-07-31 16:40:00,2017-07-31 17:30:00,test
4415,4415,4420,4421,4426,2017-07-31 15:50:00,2017-07-31 16:40:00,2017-07-31 16:50:00,2017-07-31 17:40:00,test
4416,4416,4421,4422,4427,2017-07-31 16:00:00,2017-07-31 16:50:00,2017-07-31 17:00:00,2017-07-31 17:50:00,test
4417,4417,4422,4423,4428,2017-07-31 16:10:00,2017-07-31 17:00:00,2017-07-31 17:10:00,2017-07-31 18:00:00,test
4418,4418,4423,4424,4429,2017-07-31 16:20:00,2017-07-31 17:10:00,2017-07-31 17:20:00,2017-07-31 18:10:00,test
4419,4419,4424,4425,4430,2017-07-31 16:30:00,2017-07-31 17:20:00,2017-07-31 17:30:00,2017-07-31 18:20:00,test
4420,4420,4425,4426,4431,2017-07-31 16:40:00,2017-07-31 17:30:00,2017-07-31 17:40:00,2017-07-31 18:30:00,test
4421,4421,4426,4427,4432,2017-07-31 16:50:00,2017-07-31 17:40:00,2017-07-31 17:50:00,2017-07-31 18:40:00,test
4422,4422,4427,4428,4433,2017-07-31 17:00:00,2017-07-31 17:50:00,2017-07-31 18:00:00,2017-07-31 18:50:00,test
4423,4423,4428,4429,4434,2017-07-31 17:10:00,2017-07-31 18:00:00,2017-07-31 18:10:00,2017-07-31 19:00:00,test
4424,4424,4429,4430,4435,2017-07-31 17:20:00,2017-07-31 18:10:00,2017-07-31 18:20:00,2017-07-31 19:10:00,test
4425,4425,4430,4431,4436,2017-07-31 17:30:00,2017-07-31 18:20:00,2017-07-31 18:30:00,2017-07-31 19:20:00,test
4426,4426,4431,4432,4437,2017-07-31 17:40:00,2017-07-31 18:30:00,2017-07-31 18:40:00,2017-07-31 19:30:00,test
4427,4427,4432,4433,4438,2017-07-31 17:50:00,2017-07-31 18:40:00,2017-07-31 18:50:00,2017-07-31 19:40:00,test
4428,4428,4433,4434,4439,2017-07-31 18:00:00,2017-07-31 18:50:00,2017-07-31 19:00:00,2017-07-31 19:50:00,test
4429,4429,4434,4435,4440,2017-07-31 18:10:00,2017-07-31 19:00:00,2017-07-31 19:10:00,2017-07-31 20:00:00,test
4430,4430,4435,4436,4441,2017-07-31 18:20:00,2017-07-31 19:10:00,2017-07-31 19:20:00,2017-07-31 20:10:00,test
4431,4431,4436,4437,4442,2017-07-31 18:30:00,2017-07-31 19:20:00,2017-07-31 19:30:00,2017-07-31 20:20:00,test
4432,4432,4437,4438,4443,2017-07-31 18:40:00,2017-07-31 19:30:00,2017-07-31 19:40:00,2017-07-31 20:30:00,test
4433,4433,4438,4439,4444,2017-07-31 18:50:00,2017-07-31 19:40:00,2017-07-31 19:50:00,2017-07-31 20:40:00,test
4434,4434,4439,4440,4445,2017-07-31 19:00:00,2017-07-31 19:50:00,2017-07-31 20:00:00,2017-07-31 20:50:00,test
4435,4435,4440,4441,4446,2017-07-31 19:10:00,2017-07-31 20:00:00,2017-07-31 20:10:00,2017-07-31 21:00:00,test
4436,4436,4441,4442,4447,2017-07-31 19:20:00,2017-07-31 20:10:00,2017-07-31 20:20:00,2017-07-31 21:10:00,test
4437,4437,4442,4443,4448,2017-07-31 19:30:00,2017-07-31 20:20:00,2017-07-31 20:30:00,2017-07-31 21:20:00,test
4438,4438,4443,4444,4449,2017-07-31 19:40:00,2017-07-31 20:30:00,2017-07-31 20:40:00,2017-07-31 21:30:00,test
4439,4439,4444,4445,4450,2017-07-31 19:50:00,2017-07-31 20:40:00,2017-07-31 20:50:00,2017-07-31 21:40:00,test
4440,4440,4445,4446,4451,2017-07-31 20:00:00,2017-07-31 20:50:00,2017-07-31 21:00:00,2017-07-31 21:50:00,test
4441,4441,4446,4447,4452,2017-07-31 20:10:00,2017-07-31 21:00:00,2017-07-31 21:10:00,2017-07-31 22:00:00,test
4442,4442,4447,4448,4453,2017-07-31 20:20:00,2017-07-31 21:10:00,2017-07-31 21:20:00,2017-07-31 22:10:00,test
4443,4443,4448,4449,4454,2017-07-31 20:30:00,2017-07-31 21:20:00,2017-07-31 21:30:00,2017-07-31 22:20:00,test
4444,4444,4449,4450,4455,2017-07-31 20:40:00,2017-07-31 21:30:00,2017-07-31 21:40:00,2017-07-31 22:30:00,test
4445,4445,4450,4451,4456,2017-07-31 20:50:00,2017-07-31 21:40:00,2017-07-31 21:50:00,2017-07-31 22:40:00,test
4446,4446,4451,4452,4457,2017-07-31 21:00:00,2017-07-31 21:50:00,2017-07-31 22:00:00,2017-07-31 22:50:00,test
4447,4447,4452,4453,4458,2017-07-31 21:10:00,2017-07-31 22:00:00,2017-07-31 22:10:00,2017-07-31 23:00:00,test
4448,4448,4453,4454,4459,2017-07-31 21:20:00,2017-07-31 22:10:00,2017-07-31 22:20:00,2017-07-31 23:10:00,test
4449,4449,4454,4455,4460,2017-07-31 21:30:00,2017-07-31 22:20:00,2017-07-31 22:30:00,2017-07-31 23:20:00,test
4450,4450,4455,4456,4461,2017-07-31 21:40:00,2017-07-31 22:30:00,2017-07-31 22:40:00,2017-07-31 23:30:00,test
4451,4451,4456,4457,4462,2017-07-31 21:50:00,2017-07-31 22:40:00,2017-07-31 22:50:00,2017-07-31 23:40:00,test
4452,4452,4457,4458,4463,2017-07-31 22:00:00,2017-07-31 22:50:00,2017-07-31 23:00:00,2017-07-31 23:50:00,test
4453,4453,4458,4459,4464,2017-07-31 22:10:00,2017-07-31 23:00:00,2017-07-31 23:10:00,2017-08-01 00:00:00,test
